timestamp,district,lat,lon,temperature_c,humidity_pct,rainfall_mm,wind_speed_kph,river_level_m,soil_moisture_pct,soil_ph,rain_ph,pm25_ugm3,ozone_ppb,no2_ppb,so2_ppb,visibility_km,traffic_congestion_idx,senior_density,crop_type,crop_stage,flood_risk_score,heat_risk_score,cold_risk_score,acid_rain_risk_score,air_quality_risk_score,overall_risk_score,risk_level,primary_hazard,observed_crop_damage_pct
2025-01-01,East Orchard,40.724,-73.965,-5.31,51.15,17.04,16.76,1.88,36.01,6.09,5.36,27.95,27.48,27.8,7.73,15.41,63.91,0.15,corn,dormant,0.58,0.0,54.74,3.81,15.71,47.99,Moderate,Extreme Cold,0.03
2025-01-01,Hill Market,40.747,-73.985,3.9,57.94,10.53,18.58,1.87,22.06,6.42,4.66,27.88,41.31,28.51,10.67,14.03,62.1,0.17,soybean,dormant,0.0,0.8,4.56,26.5,14.64,25.6,Low,Acid Rain,0.02
2025-01-01,North Valley,40.733,-73.995,-0.36,30.84,6.27,31.41,1.74,47.54,6.38,5.5,26.5,40.65,24.76,5.94,15.17,59.69,0.18,wheat,dormant,0.51,0.0,29.32,0.0,6.36,22.16,Low,Extreme Cold,0.01
2025-01-01,River Bend,40.712,-74.02,2.64,56.84,12.84,31.01,1.98,37.18,6.06,4.93,19.9,24.44,37.5,5.03,17.77,69.41,0.2,soybean,dormant,6.18,0.0,13.54,15.59,5.62,15.48,Low,Acid Rain,0.03
2025-01-01,South Fields,40.691,-74.01,-5.52,80.68,76.36,23.57,3.5,70.09,5.78,4.26,19.82,32.74,21.78,18.26,11.99,56.71,0.23,soybean,dormant,96.25,0.99,65.69,90.99,6.17,84.81,Severe,Flood,0.23
2025-01-02,East Orchard,40.724,-73.965,-3.06,50.93,11.77,17.36,2.05,38.15,6.0,5.24,13.74,32.18,22.29,5.7,15.85,47.13,0.15,vegetable,dormant,8.22,0.0,44.25,4.85,8.13,39.51,Moderate,Extreme Cold,0.04
2025-01-02,Hill Market,40.747,-73.985,4.23,54.45,7.75,4.72,1.54,45.89,6.57,4.79,43.52,25.34,40.77,10.43,13.23,92.68,0.17,vegetable,dormant,6.41,0.08,6.5,16.42,36.23,36.54,Moderate,Air Quality,0.03
2025-01-02,North Valley,40.733,-73.995,3.25,42.91,5.57,14.67,1.39,34.07,6.42,5.47,9.18,22.71,26.79,3.88,13.99,44.28,0.18,soybean,dormant,3.99,0.0,1.71,0.19,4.08,6.3,Low,Air Quality,0.01
2025-01-02,River Bend,40.712,-74.02,0.13,63.5,21.49,22.1,2.43,46.42,5.95,4.77,29.65,42.68,34.58,12.88,13.61,62.9,0.2,wheat,dormant,16.21,0.0,23.57,29.1,18.83,24.48,Low,Acid Rain,0.05
2025-01-02,South Fields,40.691,-74.01,-3.16,48.16,11.19,42.89,2.08,27.45,6.69,5.17,21.31,17.08,20.0,6.85,12.81,58.13,0.23,corn,dormant,2.1,0.0,54.87,1.02,3.73,47.48,Moderate,Extreme Cold,0.03
2025-01-03,East Orchard,40.724,-73.965,-5.65,58.54,7.25,5.72,1.62,24.62,6.37,5.35,32.17,24.02,31.29,6.43,15.98,63.7,0.15,soybean,dormant,0.0,2.85,56.78,3.62,19.92,46.79,Moderate,Extreme Cold,0.03
2025-01-03,Hill Market,40.747,-73.985,14.8,60.35,15.56,28.49,2.14,35.21,6.27,4.94,29.86,31.43,38.98,11.72,12.24,83.4,0.17,corn,dormant,0.0,9.44,0.25,10.8,15.88,11.91,Low,Air Quality,0.02
2025-01-03,North Valley,40.733,-73.995,-11.56,58.59,9.15,9.51,1.74,47.44,6.14,5.6,32.24,14.86,27.68,3.28,13.98,31.35,0.18,wheat,dormant,1.11,0.0,100.0,0.61,6.74,87.52,Severe,Extreme Cold,0.05
2025-01-03,River Bend,40.712,-74.02,0.73,42.88,8.44,29.16,2.44,34.22,6.2,5.73,17.22,20.29,31.31,10.72,18.21,58.08,0.2,wheat,dormant,3.0,2.97,14.32,0.0,2.31,9.06,Low,Extreme Cold,0.01
2025-01-03,South Fields,40.691,-74.01,6.84,57.04,3.06,7.99,1.96,38.24,6.62,5.21,23.49,34.57,32.08,8.05,13.03,57.89,0.23,corn,dormant,1.41,4.04,6.47,2.51,9.56,11.22,Low,Air Quality,0.01
2025-01-04,East Orchard,40.724,-73.965,1.95,65.63,16.1,11.21,1.96,47.85,6.42,5.64,18.37,24.17,32.43,10.01,12.98,48.96,0.15,rice,dormant,1.56,4.77,9.78,2.75,6.8,5.58,Low,Extreme Cold,0.01
2025-01-04,Hill Market,40.747,-73.985,3.96,79.64,7.75,28.91,2.01,35.84,6.41,4.79,23.66,20.09,30.86,14.65,11.04,64.32,0.17,vegetable,dormant,3.25,0.0,5.61,11.54,9.04,10.82,Low,Acid Rain,0.02
2025-01-04,North Valley,40.733,-73.995,3.0,59.8,12.73,8.73,2.05,25.6,6.2,5.13,30.02,26.74,24.87,12.18,15.05,39.65,0.18,wheat,dormant,2.64,4.32,4.89,4.16,13.25,12.94,Low,Air Quality,0.01
2025-01-04,River Bend,40.712,-74.02,4.79,48.26,9.74,2.94,2.32,45.75,6.26,5.17,16.13,25.17,29.18,7.59,11.95,60.24,0.2,wheat,dormant,2.93,5.56,1.79,0.0,9.16,10.48,Low,Air Quality,0.01
2025-01-04,South Fields,40.691,-74.01,-4.87,62.23,5.81,19.66,1.92,22.42,6.43,5.12,15.42,32.54,18.84,6.58,13.97,45.18,0.23,rice,dormant,0.0,0.43,55.16,2.92,10.08,48.13,Moderate,Extreme Cold,0.02
2025-01-05,East Orchard,40.724,-73.965,-1.7,48.03,4.98,4.4,1.71,28.73,6.46,4.97,12.63,22.06,22.16,4.64,13.86,44.0,0.15,corn,dormant,0.63,0.0,23.18,5.16,7.6,18.45,Low,Extreme Cold,0.02
2025-01-05,Hill Market,40.747,-73.985,1.69,69.64,1.66,14.94,1.85,27.51,6.58,4.97,28.59,38.12,56.1,13.13,14.92,93.94,0.17,corn,dormant,4.51,3.54,10.83,13.88,26.55,23.07,Low,Air Quality,0.03
2025-01-05,North Valley,40.733,-73.995,2.06,58.17,15.44,9.69,2.15,40.26,6.34,5.06,14.76,39.13,25.52,4.0,15.1,46.77,0.18,wheat,dormant,2.79,0.0,2.33,7.26,4.03,10.5,Low,Acid Rain,0.01
2025-01-05,River Bend,40.712,-74.02,-2.81,65.29,7.1,9.6,2.16,44.67,6.28,5.48,28.2,34.47,25.95,10.6,17.66,56.79,0.2,corn,dormant,5.73,4.67,37.92,0.0,14.0,32.77,Low,Extreme Cold,0.03
2025-01-05,South Fields,40.691,-74.01,-0.79,58.76,12.11,20.83,2.17,34.67,6.69,5.39,25.46,36.69,25.17,10.85,15.32,59.26,0.23,wheat,dormant,1.73,0.0,19.62,1.92,15.92,17.2,Low,Extreme Cold,0.01
2025-01-06,East Orchard,40.724,-73.965,-1.31,64.35,11.41,26.8,2.14,19.03,5.92,5.23,23.74,41.33,27.98,8.92,15.89,55.36,0.15,corn,dormant,0.0,0.35,25.1,5.52,11.53,24.27,Low,Extreme Cold,0.02
2025-01-06,Hill Market,40.747,-73.985,-4.29,77.76,3.98,38.93,1.6,40.44,6.82,5.03,26.24,41.0,16.4,6.0,16.0,63.55,0.17,corn,dormant,4.81,0.32,64.29,0.99,14.1,54.69,Moderate,Extreme Cold,0.04
2025-01-06,North Valley,40.733,-73.995,11.31,61.9,4.91,6.73,2.01,43.29,6.15,5.47,16.56,29.44,24.77,11.22,15.74,45.77,0.18,corn,dormant,0.0,7.29,0.39,0.98,0.23,7.3,Low,Extreme Heat,0.01
2025-01-06,River Bend,40.712,-74.02,9.25,62.84,1.94,26.61,2.29,30.56,6.58,5.24,38.44,43.33,36.8,8.81,19.47,80.54,0.2,wheat,dormant,0.67,0.0,3.99,6.92,34.92,30.12,Low,Air Quality,0.01
2025-01-06,South Fields,40.691,-74.01,9.9,52.76,0.41,9.83,1.73,45.76,6.69,5.79,26.82,33.52,30.54,11.08,11.34,68.98,0.23,corn,dormant,1.82,0.0,0.81,0.0,14.36,16.57,Low,Air Quality,0.0
2025-01-07,East Orchard,40.724,-73.965,2.49,46.23,8.71,10.05,2.15,34.86,6.46,5.37,18.68,33.85,29.86,9.52,14.83,54.09,0.15,corn,dormant,0.0,0.85,0.0,4.05,12.96,8.78,Low,Air Quality,0.0
2025-01-07,Hill Market,40.747,-73.985,0.8,48.59,2.56,9.81,1.52,46.78,6.64,4.43,35.27,40.06,31.39,6.25,14.41,78.17,0.17,wheat,dormant,6.91,0.8,12.72,32.32,23.07,31.92,Low,Acid Rain,0.04
2025-01-07,North Valley,40.733,-73.995,1.69,57.36,1.19,8.64,1.64,16.79,6.23,5.37,25.61,46.98,29.85,12.05,14.05,76.17,0.18,wheat,dormant,4.76,4.05,7.32,1.36,19.61,15.43,Low,Air Quality,0.01
2025-01-07,River Bend,40.712,-74.02,-2.69,73.46,53.18,12.8,3.27,45.0,5.64,4.01,25.11,46.57,23.82,13.82,14.17,82.32,0.2,rice,dormant,70.46,0.53,35.75,98.54,12.69,87.72,Severe,Acid Rain,0.15
2025-01-07,South Fields,40.691,-74.01,2.27,52.41,11.17,11.74,2.0,31.41,6.6,5.6,8.04,29.69,26.13,8.57,13.82,53.04,0.23,vegetable,dormant,2.3,0.0,5.56,0.0,7.4,11.38,Low,Air Quality,0.01
2025-01-08,East Orchard,40.724,-73.965,2.82,59.85,7.16,19.97,1.78,45.52,6.13,5.21,12.97,28.31,35.5,5.61,14.44,56.99,0.15,corn,dormant,1.33,0.0,7.45,3.41,2.77,10.35,Low,Extreme Cold,0.01
2025-01-08,Hill Market,40.747,-73.985,-0.74,60.2,5.39,7.53,1.48,20.17,6.6,4.89,21.2,43.34,48.24,7.85,14.07,92.22,0.17,rice,dormant,0.6,0.0,19.06,13.03,26.47,28.62,Low,Air Quality,0.02
2025-01-08,North Valley,40.733,-73.995,-0.99,65.21,5.78,7.58,1.71,41.77,6.29,5.24,10.81,31.73,20.49,6.87,14.89,57.49,0.18,vegetable,dormant,0.0,0.0,16.94,2.85,4.06,13.57,Low,Extreme Cold,0.01
2025-01-08,River Bend,40.712,-74.02,2.5,49.01,5.79,6.98,1.98,26.97,6.42,5.06,32.36,35.96,30.39,6.45,14.62,74.61,0.2,wheat,dormant,0.0,2.68,3.6,0.0,19.56,13.44,Low,Air Quality,0.0
2025-01-08,South Fields,40.691,-74.01,-0.57,74.62,12.82,10.36,2.31,60.73,6.6,5.17,27.76,38.68,34.72,11.05,12.33,96.23,0.23,corn,dormant,1.19,0.0,21.47,2.12,19.98,21.72,Low,Extreme Cold,0.01
2025-01-09,East Orchard,40.724,-73.965,-0.36,68.37,6.79,14.58,2.06,48.82,5.85,5.09,16.99,24.11,33.59,9.95,16.86,66.66,0.15,corn,dormant,1.65,0.0,15.13,7.51,8.23,17.66,Low,Extreme Cold,0.02
2025-01-09,Hill Market,40.747,-73.985,3.69,60.88,9.41,16.2,2.12,46.36,6.81,4.93,25.85,45.34,39.79,4.14,11.81,85.15,0.17,corn,dormant,1.35,0.0,1.03,8.11,20.01,18.71,Low,Air Quality,0.01
2025-01-09,North Valley,40.733,-73.995,-3.02,100.0,86.45,5.91,3.58,77.17,5.43,4.25,17.87,32.17,20.4,20.64,12.27,49.65,0.18,wheat,dormant,96.31,0.0,34.97,100.0,9.16,88.58,Severe,Acid Rain,0.21
2025-01-09,River Bend,40.712,-74.02,8.94,74.22,30.78,4.99,2.69,55.75,5.98,4.69,28.28,29.79,47.54,11.32,13.92,87.46,0.2,soybean,dormant,25.39,4.98,0.0,48.86,25.69,43.63,Moderate,Acid Rain,0.07
2025-01-09,South Fields,40.691,-74.01,2.73,48.43,5.09,12.26,1.98,22.05,6.63,5.05,17.05,40.72,38.13,10.12,15.49,55.96,0.23,vegetable,dormant,0.54,0.0,4.32,1.03,9.43,9.51,Low,Air Quality,0.0
2025-01-10,East Orchard,40.724,-73.965,-4.41,67.12,11.87,5.53,2.07,39.34,5.96,5.06,22.51,28.15,21.91,8.84,15.03,48.08,0.15,corn,dormant,0.0,0.37,47.54,2.98,12.78,42.47,Moderate,Extreme Cold,0.03
2025-01-10,Hill Market,40.747,-73.985,-7.75,56.42,10.37,11.85,1.69,39.13,6.39,4.44,20.48,30.85,29.07,6.83,14.28,58.02,0.17,corn,dormant,6.67,0.0,80.13,48.44,7.9,69.73,High,Extreme Cold,0.09
2025-01-10,North Valley,40.733,-73.995,4.26,66.31,16.11,14.27,2.1,38.52,6.16,5.58,2.46,24.58,26.49,8.72,13.69,53.46,0.18,wheat,dormant,1.45,0.0,1.36,2.25,2.24,0.58,Low,Acid Rain,0.0
2025-01-10,River Bend,40.712,-74.02,-6.23,65.33,13.75,6.3,2.33,40.53,6.16,5.43,19.12,23.55,29.7,9.9,14.4,60.3,0.2,vegetable,dormant,7.07,0.73,65.89,0.0,3.51,61.51,High,Extreme Cold,0.05
2025-01-10,South Fields,40.691,-74.01,7.96,60.39,16.65,5.34,2.25,28.23,6.67,5.42,18.24,23.51,22.48,11.72,18.3,50.8,0.23,rice,dormant,0.0,0.0,0.0,0.2,10.81,5.79,Low,Air Quality,0.0
2025-01-11,East Orchard,40.724,-73.965,-0.79,66.95,9.54,6.69,1.84,33.39,6.15,5.05,5.95,25.09,18.59,3.09,16.73,20.66,0.15,corn,dormant,3.29,0.0,19.59,4.2,0.0,18.81,Low,Extreme Cold,0.02
2025-01-11,Hill Market,40.747,-73.985,13.56,54.37,3.22,5.05,1.82,41.28,6.62,5.13,28.07,34.29,40.01,14.26,13.33,68.15,0.17,corn,dormant,5.33,9.99,1.23,6.92,22.68,16.23,Low,Air Quality,0.02
2025-01-11,North Valley,40.733,-73.995,-0.62,65.28,4.43,1.27,1.79,41.5,6.15,5.52,16.46,27.77,22.39,8.37,13.72,43.11,0.18,wheat,dormant,0.08,0.0,9.95,0.68,5.02,7.52,Low,Extreme Cold,0.01
2025-01-11,River Bend,40.712,-74.02,2.28,52.95,1.3,6.25,1.95,32.54,6.44,5.35,28.99,44.78,19.03,7.45,14.07,54.74,0.2,rice,dormant,5.7,1.41,0.98,1.81,16.56,15.23,Low,Air Quality,0.01
2025-01-11,South Fields,40.691,-74.01,1.51,46.49,3.14,7.33,2.1,32.98,6.71,5.49,8.72,26.74,26.36,4.76,17.4,43.5,0.23,corn,dormant,0.0,6.62,13.52,2.46,6.59,6.63,Low,Extreme Cold,0.02
2025-01-12,East Orchard,40.724,-73.965,1.96,51.07,5.53,20.55,1.82,49.14,6.3,5.48,19.86,35.63,30.81,6.22,14.28,53.81,0.15,vegetable,dormant,1.95,0.0,2.23,3.73,9.74,7.58,Low,Air Quality,0.01
2025-01-12,Hill Market,40.747,-73.985,2.9,54.65,4.13,17.4,1.57,28.58,6.66,4.64,29.92,40.08,33.33,7.09,16.23,68.84,0.17,wheat,dormant,1.37,3.0,7.66,18.71,21.6,18.75,Low,Air Quality,0.02
2025-01-12,North Valley,40.733,-73.995,3.52,62.25,2.45,17.87,2.12,39.94,6.63,5.45,21.28,24.91,23.54,6.7,13.89,46.1,0.18,corn,dormant,0.0,0.0,1.99,2.99,0.98,0.74,Low,Acid Rain,0.0
2025-01-12,River Bend,40.712,-74.02,8.91,47.83,4.87,4.76,2.19,33.29,6.42,5.02,19.38,28.99,29.92,6.16,17.16,52.49,0.2,wheat,dormant,0.0,3.79,0.0,7.45,12.05,11.99,Low,Air Quality,0.01
2025-01-12,South Fields,40.691,-74.01,-1.21,60.03,6.92,10.23,1.8,24.04,6.65,5.09,18.06,24.67,9.41,6.41,16.79,30.54,0.23,corn,dormant,0.0,0.0,18.18,3.89,8.09,13.06,Low,Extreme Cold,0.01
2025-01-13,East Orchard,40.724,-73.965,1.81,48.48,8.94,5.77,1.81,43.41,6.29,5.3,5.88,35.86,27.51,9.52,15.77,48.46,0.15,corn,dormant,0.0,0.0,1.53,2.84,1.7,0.66,Low,Acid Rain,0.0
2025-01-13,Hill Market,40.747,-73.985,1.66,60.23,13.04,6.65,1.84,39.6,6.42,4.59,26.47,26.04,43.95,6.13,14.97,86.42,0.17,soybean,dormant,2.82,4.75,16.18,38.81,17.02,32.3,Low,Acid Rain,0.04
2025-01-13,North Valley,40.733,-73.995,-2.42,26.57,7.12,7.25,2.18,35.95,6.17,5.36,14.58,25.64,33.36,9.11,15.34,73.35,0.18,wheat,dormant,0.0,0.33,26.19,0.0,9.4,20.91,Low,Extreme Cold,0.01
2025-01-13,River Bend,40.712,-74.02,-1.28,95.87,97.64,27.13,4.03,98.46,5.01,3.8,11.3,34.63,29.05,23.26,11.13,54.73,0.2,wheat,dormant,100.0,2.19,29.98,96.74,1.92,94.0,Severe,Flood,0.21
2025-01-13,South Fields,40.691,-74.01,5.74,69.34,10.62,29.62,2.11,38.82,7.0,5.06,25.13,21.85,26.04,9.81,13.12,51.45,0.23,corn,dormant,3.69,0.0,0.0,4.51,6.46,7.39,Low,Air Quality,0.01
2025-01-14,East Orchard,40.724,-73.965,-2.99,68.95,22.84,4.35,2.3,48.59,6.22,5.37,20.57,24.78,31.99,7.13,14.26,52.03,0.15,corn,dormant,7.83,2.77,29.68,0.0,8.83,28.04,Low,Extreme Cold,0.03
2025-01-14,Hill Market,40.747,-73.985,2.53,69.33,8.01,18.96,2.24,35.24,6.31,5.05,25.76,33.0,45.33,10.36,15.16,81.98,0.17,corn,dormant,0.0,5.44,6.16,9.51,15.23,11.35,Low,Air Quality,0.02
2025-01-14,North Valley,40.733,-73.995,5.63,77.21,11.59,16.33,2.27,34.02,6.3,5.28,30.17,47.05,46.75,14.18,17.22,60.22,0.18,wheat,dormant,1.71,0.0,1.81,2.46,23.38,19.64,Low,Air Quality,0.0
2025-01-14,River Bend,40.712,-74.02,5.47,51.47,2.7,17.97,2.06,51.0,6.41,4.91,17.82,32.59,22.44,6.91,13.76,52.0,0.2,rice,dormant,0.0,0.0,1.4,4.18,6.87,7.26,Low,Air Quality,0.0
2025-01-14,South Fields,40.691,-74.01,1.5,56.29,9.95,3.93,2.33,41.01,6.61,5.22,21.94,35.26,15.92,12.13,9.82,63.2,0.23,rice,dormant,2.1,0.64,3.63,2.43,7.83,4.64,Low,Air Quality,0.01
2025-01-15,East Orchard,40.724,-73.965,9.05,53.58,5.99,8.21,1.89,32.09,6.12,5.53,22.04,29.5,25.55,12.14,15.09,48.49,0.15,corn,dormant,0.46,0.0,0.0,0.0,6.68,7.57,Low,Air Quality,0.0
2025-01-15,Hill Market,40.747,-73.985,-3.0,82.86,30.42,31.23,2.85,60.14,6.23,4.59,33.77,25.94,37.59,14.32,12.2,90.37,0.17,corn,dormant,15.88,5.34,49.74,56.65,15.93,50.14,Moderate,Acid Rain,0.1
2025-01-15,North Valley,40.733,-73.995,7.96,72.3,6.58,20.04,2.03,49.65,6.46,5.63,19.31,13.99,26.49,2.73,17.47,40.55,0.18,vegetable,dormant,0.0,2.1,1.65,0.28,0.72,3.8,Low,Extreme Heat,0.0
2025-01-15,River Bend,40.712,-74.02,-5.58,62.3,3.79,7.83,2.62,39.06,6.38,5.26,25.17,30.14,34.98,14.7,14.59,73.7,0.2,soybean,dormant,0.0,5.48,60.09,3.77,9.71,52.22,Moderate,Extreme Cold,0.04
2025-01-15,South Fields,40.691,-74.01,2.45,39.37,3.3,10.66,2.18,26.49,6.54,5.5,22.26,42.78,25.5,9.99,13.35,65.55,0.23,wheat,dormant,1.17,3.15,5.65,0.0,13.41,14.56,Low,Air Quality,0.01
2025-01-16,East Orchard,40.724,-73.965,-1.51,53.26,3.32,4.57,1.89,29.85,6.28,5.8,10.96,32.98,32.7,8.87,14.1,54.93,0.15,rice,dormant,3.38,0.91,18.92,0.0,3.74,16.24,Low,Extreme Cold,0.01
2025-01-16,Hill Market,40.747,-73.985,-3.52,53.92,8.63,10.72,1.9,29.98,6.4,4.59,24.55,36.29,32.51,6.14,18.04,84.65,0.17,corn,dormant,6.28,2.54,39.49,30.84,15.73,36.13,Moderate,Extreme Cold,0.06
2025-01-16,North Valley,40.733,-73.995,2.74,72.33,21.18,21.96,2.14,55.69,6.05,5.08,13.51,32.88,20.96,3.78,16.03,35.87,0.18,wheat,dormant,6.07,0.0,3.06,3.44,2.87,5.97,Low,Flood,0.01
2025-01-16,River Bend,40.712,-74.02,-3.93,35.6,1.41,9.73,2.19,40.3,6.0,4.47,33.62,16.82,32.02,6.09,14.4,77.46,0.2,wheat,dormant,0.0,0.0,45.92,40.31,11.77,41.88,Moderate,Extreme Cold,0.05
2025-01-16,South Fields,40.691,-74.01,7.2,65.79,0.93,26.91,1.88,28.85,6.67,5.18,24.76,38.02,33.15,8.17,11.41,81.69,0.23,rice,dormant,1.66,0.0,0.0,1.11,17.13,13.75,Low,Air Quality,0.0
2025-01-17,East Orchard,40.724,-73.965,2.92,57.19,5.26,3.73,2.03,44.4,6.04,5.4,21.41,23.14,31.88,8.46,18.56,46.56,0.15,soybean,dormant,0.0,5.26,2.38,1.48,6.61,7.33,Low,Air Quality,0.01
2025-01-17,Hill Market,40.747,-73.985,-5.25,64.98,3.2,34.27,1.82,38.52,6.49,4.81,23.6,37.67,30.45,10.25,16.27,61.9,0.17,corn,dormant,2.58,0.97,69.3,6.14,11.6,60.67,High,Extreme Cold,0.05
2025-01-17,North Valley,40.733,-73.995,9.32,36.25,5.55,27.35,1.85,30.63,6.41,5.67,21.4,28.91,29.12,3.89,14.09,57.7,0.18,wheat,dormant,0.0,0.3,1.79,0.0,3.36,5.64,Low,Air Quality,0.0
2025-01-17,River Bend,40.712,-74.02,3.57,65.23,6.22,20.43,2.2,10.53,6.4,5.09,16.8,33.94,23.19,5.37,15.6,57.97,0.2,wheat,dormant,2.73,3.99,4.61,4.17,3.39,6.58,Low,Extreme Cold,0.01
2025-01-17,South Fields,40.691,-74.01,6.69,65.82,3.28,1.4,2.37,11.0,6.65,5.21,23.3,14.35,25.26,12.39,16.26,48.32,0.23,corn,dormant,0.0,2.68,5.8,0.0,11.58,6.97,Low,Air Quality,0.01
2025-01-18,East Orchard,40.724,-73.965,4.76,69.96,6.2,12.2,1.79,41.77,5.91,5.4,11.88,26.61,20.4,3.97,14.56,43.75,0.15,wheat,dormant,1.93,6.59,0.0,3.0,0.0,6.59,Low,Extreme Heat,0.01
2025-01-18,Hill Market,40.747,-73.985,8.13,57.6,10.08,11.86,2.2,15.91,6.4,5.05,23.73,14.05,45.04,9.33,16.28,84.57,0.17,soybean,dormant,0.0,8.03,0.45,6.43,14.96,7.94,Low,Air Quality,0.01
2025-01-18,North Valley,40.733,-73.995,2.87,72.19,17.36,10.9,2.14,26.3,6.4,5.09,21.81,16.58,22.63,7.9,15.29,48.05,0.18,wheat,dormant,3.85,2.71,4.0,7.77,5.97,7.03,Low,Acid Rain,0.01
2025-01-18,River Bend,40.712,-74.02,-1.98,66.57,8.48,13.29,2.41,26.48,6.26,5.05,19.93,24.16,29.0,1.83,16.19,46.6,0.2,soybean,dormant,4.56,0.56,28.46,8.15,1.83,23.59,Low,Extreme Cold,0.03
2025-01-18,South Fields,40.691,-74.01,6.91,66.93,16.09,15.42,2.14,40.32,6.48,5.53,17.94,37.78,24.79,7.51,15.69,45.19,0.23,vegetable,dormant,8.78,7.14,5.95,0.0,2.56,13.09,Low,Flood,0.03
2025-01-19,East Orchard,40.724,-73.965,3.53,51.72,5.69,25.69,2.19,39.01,6.44,4.99,14.92,22.46,28.25,10.87,17.76,45.05,0.15,corn,dormant,0.0,0.0,0.91,4.53,3.76,4.28,Low,Acid Rain,0.0
2025-01-19,Hill Market,40.747,-73.985,3.8,50.13,7.2,26.65,1.9,35.69,6.26,4.77,14.2,14.71,35.06,6.78,15.17,64.19,0.17,corn,dormant,5.0,0.0,6.59,15.71,1.79,15.04,Low,Acid Rain,0.02
2025-01-19,North Valley,40.733,-73.995,4.94,71.99,25.82,5.05,2.44,50.36,6.1,5.17,21.68,36.97,14.21,4.14,12.75,32.3,0.18,soybean,dormant,8.85,0.0,2.21,4.86,9.11,11.07,Low,Air Quality,0.02
2025-01-19,River Bend,40.712,-74.02,2.35,60.79,5.66,7.41,2.07,39.04,6.21,4.97,14.98,33.47,30.48,1.77,16.23,40.29,0.2,corn,dormant,0.0,3.37,2.64,3.42,5.07,4.47,Low,Air Quality,0.01
2025-01-19,South Fields,40.691,-74.01,-1.14,60.62,10.63,8.51,1.86,41.71,6.68,5.12,21.16,22.8,23.69,9.13,15.53,47.87,0.23,wheat,dormant,2.91,0.0,19.28,0.0,10.77,14.22,Low,Extreme Cold,0.01
2025-01-20,East Orchard,40.724,-73.965,-0.25,73.6,5.86,5.51,1.9,34.0,6.12,5.14,13.63,37.3,31.24,2.67,15.45,63.37,0.15,corn,dormant,0.0,4.66,9.56,0.0,6.8,13.87,Low,Extreme Cold,0.01
2025-01-20,Hill Market,40.747,-73.985,6.27,54.62,12.21,4.2,1.96,60.38,6.33,4.59,16.85,25.56,40.33,15.64,15.91,73.98,0.17,corn,dormant,2.59,3.0,0.58,46.31,12.63,39.6,Moderate,Acid Rain,0.04
2025-01-20,North Valley,40.733,-73.995,1.44,58.99,2.58,3.22,2.15,38.44,6.1,4.89,23.3,46.98,30.02,8.29,14.18,53.81,0.18,wheat,dormant,0.74,0.0,10.23,9.3,15.72,14.62,Low,Air Quality,0.01
2025-01-20,River Bend,40.712,-74.02,-1.41,80.76,45.68,7.7,3.36,44.63,5.82,4.51,18.93,33.34,37.82,16.52,12.21,71.7,0.2,wheat,dormant,59.54,4.54,21.9,76.73,10.6,70.12,High,Acid Rain,0.14
2025-01-20,South Fields,40.691,-74.01,1.6,61.74,9.92,31.51,2.08,34.93,6.47,5.06,30.76,23.91,32.61,9.05,14.64,75.5,0.23,rice,dormant,0.0,0.0,16.76,2.8,14.52,16.53,Low,Extreme Cold,0.01
2025-01-21,East Orchard,40.724,-73.965,6.01,71.28,8.01,19.01,1.99,25.48,6.24,5.38,23.17,32.88,28.79,7.13,15.06,51.39,0.15,corn,dormant,0.0,0.0,5.25,3.12,7.13,4.62,Low,Air Quality,0.01
2025-01-21,Hill Market,40.747,-73.985,5.44,45.23,7.77,10.07,1.97,45.97,6.6,4.77,31.66,32.71,44.17,7.66,11.36,86.94,0.17,corn,dormant,0.12,0.0,2.71,14.91,21.2,15.44,Low,Air Quality,0.01
2025-01-21,North Valley,40.733,-73.995,-2.06,73.62,13.03,8.44,2.33,27.5,6.49,5.09,11.21,31.82,27.11,13.55,13.39,62.7,0.18,wheat,dormant,1.09,0.0,26.92,4.34,8.18,25.07,Low,Extreme Cold,0.02
2025-01-21,River Bend,40.712,-74.02,1.3,62.48,2.44,11.95,2.33,30.28,6.41,5.31,22.89,33.39,36.36,8.0,17.18,73.38,0.2,wheat,dormant,5.05,0.0,6.9,0.0,15.01,11.7,Low,Air Quality,0.01
2025-01-21,South Fields,40.691,-74.01,14.84,65.86,7.7,8.5,1.9,37.26,6.38,4.86,23.36,48.45,29.57,6.47,15.94,60.65,0.23,rice,dormant,3.44,6.91,0.96,5.43,14.92,10.05,Low,Air Quality,0.01
2025-01-22,East Orchard,40.724,-73.965,0.89,61.14,7.66,3.31,2.27,46.69,6.36,4.85,18.73,14.07,16.85,3.51,15.15,51.69,0.15,corn,dormant,0.0,0.0,9.07,7.28,5.89,10.33,Low,Extreme Cold,0.01
2025-01-22,Hill Market,40.747,-73.985,-2.23,63.49,17.68,5.93,2.26,36.86,6.56,4.63,23.5,45.38,42.06,9.73,12.27,98.44,0.17,corn,dormant,3.03,0.0,28.04,40.69,19.63,36.43,Moderate,Acid Rain,0.05
2025-01-22,North Valley,40.733,-73.995,6.77,53.94,6.14,5.76,2.14,41.0,6.6,5.57,26.61,33.85,35.16,7.75,11.34,63.25,0.18,soybean,dormant,0.0,0.0,0.0,0.0,14.94,14.12,Low,Air Quality,0.0
2025-01-22,River Bend,40.712,-74.02,1.29,66.23,9.18,7.28,2.46,39.61,6.16,4.78,25.38,35.33,26.73,10.64,14.65,54.47,0.2,corn,dormant,5.88,1.08,8.79,13.28,10.74,12.95,Low,Acid Rain,0.02
2025-01-22,South Fields,40.691,-74.01,4.3,86.15,4.0,8.55,2.13,34.48,6.51,4.79,16.1,44.33,26.7,5.17,12.82,68.11,0.23,soybean,dormant,0.0,0.0,8.6,9.49,6.65,12.54,Low,Acid Rain,0.01
2025-01-23,East Orchard,40.724,-73.965,8.75,43.53,8.77,17.15,1.77,32.06,6.18,5.03,17.68,25.06,36.61,2.17,17.48,57.16,0.15,corn,dormant,0.52,0.0,0.0,5.38,13.13,11.33,Low,Air Quality,0.0
2025-01-23,Hill Market,40.747,-73.985,6.28,80.01,59.99,14.29,2.91,55.67,5.81,4.26,31.21,38.33,29.82,16.32,13.77,63.99,0.17,corn,dormant,69.21,3.31,3.5,97.91,15.86,82.98,Severe,Acid Rain,0.18
2025-01-23,North Valley,40.733,-73.995,8.76,48.46,5.78,3.42,1.84,40.83,6.36,4.95,24.99,26.78,25.87,5.03,13.53,55.86,0.18,wheat,dormant,0.0,0.6,0.0,5.52,12.56,12.69,Low,Air Quality,0.0
2025-01-23,River Bend,40.712,-74.02,4.12,40.16,1.37,5.95,2.03,37.97,6.27,4.84,32.04,34.41,38.84,5.55,18.06,87.05,0.2,wheat,dormant,0.0,0.0,4.98,8.13,22.67,21.17,Low,Air Quality,0.01
2025-01-23,South Fields,40.691,-74.01,5.25,55.74,6.02,12.12,2.3,35.3,6.71,5.49,38.39,20.62,28.21,11.72,12.89,64.91,0.23,corn,dormant,0.0,3.13,0.48,0.0,21.5,18.47,Low,Air Quality,0.0
2025-01-24,East Orchard,40.724,-73.965,1.75,64.72,9.9,16.88,2.02,31.52,6.21,5.08,15.27,36.31,12.03,10.82,15.29,37.48,0.15,rice,dormant,0.0,0.0,10.64,0.0,4.44,7.66,Low,Extreme Cold,0.0
2025-01-24,Hill Market,40.747,-73.985,0.14,34.91,12.71,25.77,2.42,53.58,6.09,4.17,20.6,36.83,43.24,7.39,14.68,75.52,0.17,corn,dormant,3.01,0.0,16.58,90.06,14.64,78.87,Severe,Acid Rain,0.08
2025-01-24,North Valley,40.733,-73.995,5.78,64.22,10.36,6.01,2.28,38.74,6.27,5.33,12.12,33.37,26.13,8.95,14.9,36.51,0.18,soybean,dormant,3.09,0.0,1.9,0.0,1.09,3.49,Low,Flood,0.01
2025-01-24,River Bend,40.712,-74.02,2.62,72.26,11.32,26.78,2.57,40.7,6.33,4.88,24.94,46.54,34.19,10.95,13.79,76.83,0.2,wheat,dormant,6.89,0.0,5.97,10.03,14.44,9.73,Low,Air Quality,0.02
2025-01-24,South Fields,40.691,-74.01,5.23,83.0,37.37,4.46,2.96,52.13,6.24,5.05,17.79,33.07,26.99,6.74,12.1,56.26,0.23,corn,dormant,35.51,0.0,9.86,14.29,3.78,32.56,Low,Flood,0.07
2025-01-25,East Orchard,40.724,-73.965,-0.89,98.5,39.05,22.97,3.17,50.71,5.64,4.71,27.11,37.01,11.1,7.39,10.84,28.68,0.15,corn,dormant,31.9,0.24,23.98,26.82,5.83,30.48,Low,Flood,0.08
2025-01-25,Hill Market,40.747,-73.985,6.42,58.47,2.78,6.07,2.12,35.28,6.85,4.78,23.92,32.38,30.92,6.35,15.73,77.85,0.17,soybean,dormant,0.39,1.13,0.0,14.26,13.94,12.73,Low,Acid Rain,0.01
2025-01-25,North Valley,40.733,-73.995,6.26,54.54,3.47,6.38,2.23,31.0,6.48,5.2,20.54,34.57,27.47,9.42,16.3,48.49,0.18,wheat,dormant,0.0,5.9,0.0,0.0,8.46,9.52,Low,Air Quality,0.01
2025-01-25,River Bend,40.712,-74.02,1.31,54.33,4.43,15.9,2.36,31.98,6.26,4.83,24.97,32.81,31.97,10.29,16.14,73.39,0.2,wheat,dormant,5.44,0.0,7.0,10.17,15.37,12.62,Low,Air Quality,0.02
2025-01-25,South Fields,40.691,-74.01,8.37,47.06,6.26,28.28,2.23,38.56,6.49,5.07,32.03,32.66,26.87,5.35,13.38,46.16,0.23,corn,dormant,1.25,0.0,1.57,4.83,17.06,16.78,Low,Air Quality,0.01
2025-01-26,East Orchard,40.724,-73.965,-2.73,59.98,12.33,10.22,1.82,37.01,6.2,5.45,18.61,27.45,26.99,7.98,14.49,29.54,0.15,rice,dormant,3.08,0.0,30.75,4.96,8.32,26.18,Low,Extreme Cold,0.02
2025-01-26,Hill Market,40.747,-73.985,1.68,54.55,16.08,11.0,2.2,32.5,6.53,5.0,21.66,31.04,26.36,11.56,12.83,50.74,0.17,corn,dormant,3.62,0.54,5.85,3.67,3.16,2.07,Low,Extreme Cold,0.01
2025-01-26,North Valley,40.733,-73.995,5.78,57.45,8.26,13.37,1.84,38.51,6.5,4.98,24.46,42.47,23.31,0.0,14.88,40.49,0.18,wheat,dormant,3.84,8.52,4.59,6.24,9.62,5.55,Low,Air Quality,0.02
2025-01-26,River Bend,40.712,-74.02,7.07,47.02,14.38,25.51,2.83,49.57,6.1,4.94,31.03,35.27,24.77,7.04,13.72,53.29,0.2,rice,dormant,8.58,2.0,3.62,7.14,11.42,10.01,Low,Air Quality,0.02
2025-01-26,South Fields,40.691,-74.01,1.82,33.36,4.19,2.54,2.19,38.7,6.32,5.22,17.14,34.81,21.13,9.17,16.95,44.96,0.23,corn,dormant,1.83,3.74,3.46,0.0,10.35,7.66,Low,Air Quality,0.01
2025-01-27,East Orchard,40.724,-73.965,3.48,58.92,1.81,16.4,1.98,31.43,5.72,5.65,25.98,36.2,28.63,4.4,15.52,51.18,0.15,corn,dormant,0.11,0.94,1.0,0.0,15.14,14.36,Low,Air Quality,0.0
2025-01-27,Hill Market,40.747,-73.985,0.33,49.42,4.01,4.29,2.1,59.42,6.72,5.6,23.0,36.18,42.08,9.22,16.77,81.87,0.17,soybean,dormant,0.43,5.22,9.52,0.0,14.2,14.44,Low,Air Quality,0.01
2025-01-27,North Valley,40.733,-73.995,5.46,65.69,0.86,18.24,1.84,36.05,6.38,5.13,6.31,17.04,24.26,4.98,14.89,42.44,0.18,wheat,dormant,4.34,0.0,3.64,0.0,0.0,2.72,Low,Flood,0.01
2025-01-27,River Bend,40.712,-74.02,-5.68,90.83,51.54,13.66,3.55,55.31,5.56,4.23,29.87,40.41,37.64,15.23,14.86,64.18,0.2,wheat,dormant,78.3,0.0,61.35,95.56,18.8,86.51,Severe,Acid Rain,0.19
2025-01-27,South Fields,40.691,-74.01,10.79,61.55,15.64,17.12,2.38,35.77,6.29,5.02,22.46,56.14,33.29,15.18,14.89,79.45,0.23,corn,dormant,1.73,5.13,3.08,8.6,19.24,11.58,Low,Air Quality,0.02
2025-01-28,East Orchard,40.724,-73.965,6.38,44.08,5.46,10.5,2.18,42.66,5.93,5.59,14.6,33.71,15.8,6.18,13.07,43.02,0.15,rice,dormant,0.0,0.0,0.96,0.0,5.18,7.39,Low,Air Quality,0.0
2025-01-28,Hill Market,40.747,-73.985,0.71,64.87,6.98,4.67,1.98,37.68,6.77,4.63,33.64,38.12,28.23,6.74,13.66,75.54,0.17,rice,dormant,3.05,0.0,8.96,13.36,18.67,13.19,Low,Air Quality,0.01
2025-01-28,North Valley,40.733,-73.995,0.9,77.21,9.83,5.25,1.9,36.84,6.14,5.15,23.73,37.25,24.71,3.91,17.54,39.31,0.18,soybean,dormant,4.42,0.0,12.4,4.05,11.28,13.34,Low,Extreme Cold,0.01
2025-01-28,River Bend,40.712,-74.02,6.82,56.77,2.93,10.99,2.47,32.86,6.44,4.93,19.56,26.81,35.47,5.81,15.87,71.42,0.2,rice,dormant,3.08,0.89,0.7,6.71,6.91,7.33,Low,Air Quality,0.01
2025-01-28,South Fields,40.691,-74.01,0.76,52.67,2.81,36.33,2.08,15.88,6.51,5.21,22.33,36.6,30.8,9.04,15.59,68.85,0.23,vegetable,dormant,0.0,0.0,19.84,5.41,15.38,16.76,Low,Extreme Cold,0.02
2025-01-29,East Orchard,40.724,-73.965,-5.25,59.33,5.15,19.12,2.35,41.71,6.38,5.38,10.32,25.52,24.26,12.21,14.23,40.16,0.15,corn,dormant,3.63,2.14,60.1,2.93,6.59,51.26,Moderate,Extreme Cold,0.04
2025-01-29,Hill Market,40.747,-73.985,-4.88,44.54,9.91,4.68,2.26,42.68,6.83,5.0,37.45,28.29,33.91,10.86,15.42,100.0,0.17,corn,dormant,0.0,0.0,48.85,4.22,24.64,41.04,Moderate,Extreme Cold,0.03
2025-01-29,North Valley,40.733,-73.995,0.95,49.26,2.82,13.73,2.02,29.98,6.69,5.3,19.1,40.73,39.13,2.54,18.18,51.13,0.18,soybean,dormant,0.0,4.33,14.97,4.58,4.74,10.96,Low,Extreme Cold,0.01
2025-01-29,River Bend,40.712,-74.02,0.1,70.29,18.01,11.65,2.64,39.37,6.14,4.49,20.75,34.16,42.43,12.36,12.21,75.91,0.2,wheat,dormant,9.8,0.82,14.96,61.41,14.46,55.32,High,Acid Rain,0.06
2025-01-29,South Fields,40.691,-74.01,2.42,48.62,16.84,7.17,2.65,45.97,6.39,4.97,32.2,39.75,34.17,11.05,11.71,59.27,0.23,wheat,dormant,6.74,3.33,6.87,7.68,26.39,22.99,Low,Air Quality,0.02
2025-01-30,East Orchard,40.724,-73.965,6.15,50.87,12.43,14.71,2.23,34.36,5.99,5.39,26.1,36.83,28.65,10.36,16.1,50.27,0.15,vegetable,dormant,0.0,2.7,0.31,3.85,4.9,5.04,Low,Air Quality,0.01
2025-01-30,Hill Market,40.747,-73.985,8.73,65.29,9.91,6.69,1.9,58.86,6.49,4.82,25.09,31.54,42.0,7.3,13.42,87.28,0.17,corn,dormant,3.36,0.0,2.39,16.85,20.75,23.19,Low,Air Quality,0.02
2025-01-30,North Valley,40.733,-73.995,6.54,68.37,8.9,38.97,2.06,28.35,6.2,5.33,23.26,34.21,23.34,7.76,12.75,59.85,0.18,wheat,dormant,0.77,2.8,2.14,5.0,9.67,11.32,Low,Air Quality,0.01
2025-01-30,River Bend,40.712,-74.02,-2.86,62.51,8.0,7.68,2.38,50.82,6.38,5.09,20.13,40.53,31.67,4.33,15.88,65.14,0.2,soybean,dormant,3.34,0.0,32.61,0.04,12.14,26.3,Low,Extreme Cold,0.02
2025-01-30,South Fields,40.691,-74.01,2.04,64.29,56.67,15.4,3.25,52.53,5.93,4.55,24.86,42.17,38.66,17.65,14.16,79.02,0.23,corn,dormant,74.11,0.09,8.83,79.29,16.36,70.9,High,Acid Rain,0.17
2025-01-31,East Orchard,40.724,-73.965,-2.29,86.98,65.08,19.12,3.21,69.7,5.76,5.12,14.84,35.59,25.28,18.63,13.46,44.78,0.15,vegetable,dormant,83.73,1.89,37.26,20.12,6.44,73.4,High,Flood,0.17
2025-01-31,Hill Market,40.747,-73.985,-1.42,62.87,12.81,2.53,2.07,45.49,6.57,4.66,35.48,46.86,32.91,12.37,15.08,88.75,0.17,rice,dormant,0.0,0.0,17.56,25.78,26.95,27.44,Low,Air Quality,0.02
2025-01-31,North Valley,40.733,-73.995,5.16,66.24,11.9,8.49,2.26,56.32,6.48,4.92,27.38,31.62,36.2,8.44,14.77,45.85,0.18,wheat,dormant,2.32,0.41,1.34,11.67,17.62,14.92,Low,Air Quality,0.01
2025-01-31,River Bend,40.712,-74.02,4.15,60.4,12.1,5.2,2.64,40.29,6.27,4.71,20.18,18.42,31.34,11.77,15.4,54.08,0.2,corn,dormant,1.95,0.0,1.92,20.15,11.4,15.72,Low,Acid Rain,0.02
2025-01-31,South Fields,40.691,-74.01,7.33,38.29,3.08,1.41,2.13,24.05,6.65,5.4,26.37,29.13,26.18,10.35,17.51,56.15,0.23,wheat,dormant,0.42,0.82,0.0,0.63,7.22,3.98,Low,Air Quality,0.0
2025-02-01,East Orchard,40.724,-73.965,1.9,51.09,3.24,11.97,2.02,38.08,6.31,5.46,8.98,34.76,22.78,3.95,18.77,32.52,0.15,soybean,dormant,0.0,0.0,5.35,0.0,4.53,5.13,Low,Extreme Cold,0.0
2025-02-01,Hill Market,40.747,-73.985,0.54,61.47,10.69,7.08,2.3,39.96,6.71,4.73,20.12,24.95,36.3,5.4,15.55,75.35,0.17,rice,dormant,2.72,0.0,5.52,15.45,11.37,19.39,Low,Acid Rain,0.01
2025-02-01,North Valley,40.733,-73.995,5.59,65.81,3.64,23.07,2.48,31.84,6.52,4.97,17.58,47.5,30.24,9.77,13.39,43.06,0.18,wheat,dormant,0.35,1.68,0.0,4.13,11.51,9.99,Low,Air Quality,0.0
2025-02-01,River Bend,40.712,-74.02,10.28,65.55,14.81,7.67,2.48,53.31,6.0,4.97,22.08,38.53,31.83,10.91,11.2,64.0,0.2,wheat,dormant,4.74,4.43,0.0,6.04,12.13,11.56,Low,Air Quality,0.01
2025-02-01,South Fields,40.691,-74.01,4.67,50.53,4.35,5.08,1.97,42.27,6.53,4.58,15.98,16.57,26.32,8.58,15.7,49.07,0.23,corn,dormant,0.0,0.0,0.0,20.37,3.22,15.8,Low,Acid Rain,0.02
2025-02-02,East Orchard,40.724,-73.965,1.46,35.04,5.84,16.89,2.05,32.9,6.18,5.36,9.93,24.62,13.47,2.77,14.26,24.95,0.15,rice,dormant,0.77,0.0,7.95,1.89,0.48,3.5,Low,Extreme Cold,0.01
2025-02-02,Hill Market,40.747,-73.985,6.77,71.78,16.25,28.88,2.2,34.05,6.52,4.68,20.88,27.98,27.9,9.36,14.02,49.78,0.17,corn,dormant,1.89,3.55,0.14,24.52,6.93,20.84,Low,Acid Rain,0.03
2025-02-02,North Valley,40.733,-73.995,17.59,68.96,4.83,2.38,2.33,37.88,6.49,5.27,13.95,25.88,25.02,5.26,16.0,49.99,0.18,corn,dormant,1.33,14.21,0.0,6.42,1.8,12.82,Low,Extreme Heat,0.02
2025-02-02,River Bend,40.712,-74.02,1.25,74.06,13.31,6.61,2.62,40.94,6.07,5.0,15.97,33.94,29.9,9.93,15.22,49.0,0.2,corn,dormant,2.53,0.0,7.37,3.93,5.73,7.03,Low,Extreme Cold,0.01
2025-02-02,South Fields,40.691,-74.01,2.15,40.59,2.29,6.25,2.68,33.47,6.65,5.24,15.28,19.22,25.91,1.54,15.59,49.97,0.23,corn,dormant,0.41,0.0,5.97,1.56,0.0,0.0,Low,Extreme Cold,0.0
2025-02-03,East Orchard,40.724,-73.965,0.85,51.98,7.85,13.18,2.42,42.06,6.35,5.5,25.17,26.28,24.7,6.7,13.99,53.9,0.15,corn,dormant,1.83,0.0,9.61,1.08,6.09,5.64,Low,Extreme Cold,0.01
2025-02-03,Hill Market,40.747,-73.985,3.78,100.0,88.82,24.77,3.35,88.92,5.43,3.82,10.78,38.37,31.65,24.32,10.25,61.67,0.17,wheat,dormant,94.26,0.3,7.92,100.0,1.98,90.0,Severe,Acid Rain,0.19
2025-02-03,North Valley,40.733,-73.995,11.41,63.47,4.81,24.49,2.07,48.26,6.25,5.55,19.37,19.47,25.75,3.03,12.79,42.07,0.18,wheat,dormant,0.0,7.17,1.22,0.49,8.07,5.72,Low,Air Quality,0.01
2025-02-03,River Bend,40.712,-74.02,1.9,45.38,3.25,4.47,2.33,37.55,6.08,5.14,22.97,33.02,32.59,6.77,17.42,74.69,0.2,soybean,dormant,0.08,0.0,0.16,4.98,14.72,14.56,Low,Air Quality,0.0
2025-02-03,South Fields,40.691,-74.01,1.96,56.09,11.46,4.23,2.27,31.52,6.35,5.65,10.93,27.14,23.79,10.91,14.2,42.82,0.23,corn,dormant,4.68,3.48,12.61,0.0,10.34,11.26,Low,Extreme Cold,0.02
2025-02-04,East Orchard,40.724,-73.965,10.5,63.4,10.79,16.2,1.91,39.22,6.04,4.93,11.12,30.69,15.95,7.25,13.58,50.38,0.15,corn,dormant,1.41,8.76,0.0,11.34,3.07,9.78,Low,Acid Rain,0.02
2025-02-04,Hill Market,40.747,-73.985,2.94,100.0,80.04,40.74,3.5,73.17,5.44,4.19,15.68,33.92,37.27,17.39,13.08,76.2,0.17,corn,dormant,91.16,0.0,11.22,100.0,12.29,89.11,Severe,Acid Rain,0.22
2025-02-04,North Valley,40.733,-73.995,6.99,52.27,0.48,17.26,2.43,30.92,6.51,5.26,21.62,36.75,43.75,16.28,15.18,87.11,0.18,wheat,dormant,0.0,0.45,1.45,4.42,16.25,11.61,Low,Air Quality,0.0
2025-02-04,River Bend,40.712,-74.02,-1.67,48.09,5.83,22.08,2.74,36.67,6.46,4.73,23.85,29.34,25.91,8.03,14.98,48.33,0.2,wheat,dormant,7.38,1.42,36.1,13.79,13.02,30.63,Low,Extreme Cold,0.04
2025-02-04,South Fields,40.691,-74.01,11.87,34.6,6.85,10.01,2.32,32.99,6.46,5.17,25.78,50.42,23.07,5.16,12.84,47.49,0.23,soybean,dormant,3.45,0.0,0.0,0.0,14.74,12.16,Low,Air Quality,0.0
2025-02-05,East Orchard,40.724,-73.965,0.25,71.1,8.59,5.43,2.0,26.77,6.34,4.73,23.89,25.43,24.41,4.69,18.93,57.39,0.15,corn,dormant,3.42,1.71,10.02,16.0,5.3,16.06,Low,Acid Rain,0.02
2025-02-05,Hill Market,40.747,-73.985,3.74,59.23,8.75,3.94,2.22,36.54,6.55,4.44,21.78,29.84,34.97,10.82,11.91,73.62,0.17,vegetable,dormant,0.58,0.08,5.41,49.38,5.89,43.48,Moderate,Acid Rain,0.05
2025-02-05,North Valley,40.733,-73.995,11.02,60.53,0.5,27.8,2.44,43.38,6.29,5.28,22.31,28.63,22.01,7.83,17.71,51.0,0.18,wheat,dormant,1.54,1.7,0.0,0.57,7.72,7.46,Low,Air Quality,0.0
2025-02-05,River Bend,40.712,-74.02,2.15,54.5,8.1,2.67,2.6,43.32,6.39,5.4,27.98,38.3,36.17,10.05,14.03,64.53,0.2,soybean,dormant,4.65,0.91,8.37,0.0,12.36,13.09,Low,Air Quality,0.01
2025-02-05,South Fields,40.691,-74.01,3.49,45.53,0.54,35.77,2.18,36.86,6.79,5.75,22.03,36.2,35.37,9.7,13.17,76.36,0.23,soybean,dormant,0.0,0.44,3.35,0.0,11.05,11.23,Low,Air Quality,0.0
2025-02-06,East Orchard,40.724,-73.965,0.44,71.06,5.39,21.27,2.11,38.39,6.2,4.93,38.02,39.92,27.5,7.98,11.4,64.66,0.15,corn,dormant,0.0,1.44,12.79,12.99,23.52,19.53,Low,Air Quality,0.02
2025-02-06,Hill Market,40.747,-73.985,10.65,54.73,8.21,18.87,2.23,28.47,6.38,4.28,26.08,47.38,36.65,8.79,17.49,68.4,0.17,corn,dormant,0.66,4.58,1.49,70.34,17.27,55.72,High,Acid Rain,0.06
2025-02-06,North Valley,40.733,-73.995,3.96,73.21,2.12,13.69,2.52,42.34,6.9,4.93,14.83,27.54,31.17,6.79,15.21,68.13,0.18,vegetable,dormant,8.37,1.91,2.0,3.47,5.99,3.43,Low,Flood,0.02
2025-02-06,River Bend,40.712,-74.02,2.91,73.48,6.91,10.15,2.57,53.83,6.25,5.28,27.68,19.3,33.26,12.16,16.86,76.35,0.2,wheat,dormant,1.16,5.5,5.74,1.17,10.99,5.63,Low,Air Quality,0.01
2025-02-06,South Fields,40.691,-74.01,3.8,72.64,14.97,12.03,2.76,41.05,6.56,5.2,24.8,53.44,36.28,6.62,16.33,72.18,0.23,wheat,dormant,2.95,0.0,1.12,0.59,17.9,16.51,Low,Air Quality,0.0
2025-02-07,East Orchard,40.724,-73.965,3.91,46.16,4.62,3.91,2.13,28.97,6.24,5.76,23.04,21.04,20.35,9.73,16.35,40.53,0.15,vegetable,dormant,0.0,0.1,2.86,0.0,10.76,8.98,Low,Air Quality,0.0
2025-02-07,Hill Market,40.747,-73.985,14.58,71.05,24.66,24.32,2.49,55.13,6.35,4.54,33.91,46.67,33.03,11.19,12.3,86.93,0.17,corn,dormant,10.33,9.74,5.2,46.79,26.42,44.16,Moderate,Acid Rain,0.06
2025-02-07,North Valley,40.733,-73.995,3.85,63.22,3.69,4.27,2.2,36.63,6.5,4.85,20.43,36.11,33.81,5.02,16.75,64.98,0.18,wheat,dormant,6.4,2.02,0.5,7.6,11.41,10.85,Low,Air Quality,0.02
2025-02-07,River Bend,40.712,-74.02,2.45,58.55,4.8,17.71,2.79,51.2,6.39,4.81,19.06,30.56,17.48,7.26,12.21,42.35,0.2,rice,dormant,3.22,0.0,1.85,9.27,7.52,13.97,Low,Acid Rain,0.01
2025-02-07,South Fields,40.691,-74.01,1.05,53.03,5.75,19.04,2.23,30.94,7.04,5.31,12.39,18.83,23.76,2.54,17.91,51.57,0.23,corn,dormant,6.19,0.0,11.87,1.68,3.38,8.63,Low,Extreme Cold,0.02
2025-02-08,East Orchard,40.724,-73.965,2.47,57.73,6.98,18.23,2.07,37.03,6.02,5.23,8.84,26.67,20.74,3.67,13.33,56.11,0.15,wheat,dormant,0.02,5.53,5.71,1.03,1.72,4.04,Low,Extreme Cold,0.01
2025-02-08,Hill Market,40.747,-73.985,2.84,59.29,3.28,6.02,2.14,39.61,7.05,4.61,28.36,18.4,34.66,12.17,14.01,70.07,0.17,corn,dormant,1.43,0.0,7.1,30.87,11.57,23.91,Low,Acid Rain,0.03
2025-02-08,North Valley,40.733,-73.995,8.24,46.93,7.48,8.25,2.52,35.3,6.63,5.51,20.21,32.19,23.12,5.06,17.26,46.6,0.18,rice,dormant,0.0,4.6,0.0,1.02,9.38,11.61,Low,Air Quality,0.0
2025-02-08,River Bend,40.712,-74.02,4.92,59.83,0.9,8.59,2.74,32.71,6.33,5.01,21.87,35.15,23.07,7.72,16.07,48.16,0.2,wheat,dormant,5.13,3.84,0.0,0.0,7.22,1.29,Low,Air Quality,0.01
2025-02-08,South Fields,40.691,-74.01,5.47,59.76,16.82,14.01,2.5,37.82,6.36,4.71,31.64,23.14,15.15,2.02,13.16,30.0,0.23,soybean,dormant,2.14,1.38,6.52,15.87,5.33,12.61,Low,Acid Rain,0.02
2025-02-09,East Orchard,40.724,-73.965,3.41,41.56,12.45,7.78,2.23,46.56,5.85,5.45,18.48,41.07,21.68,6.97,14.48,47.0,0.15,wheat,dormant,0.0,0.0,0.36,0.0,4.75,4.77,Low,Air Quality,0.0
2025-02-09,Hill Market,40.747,-73.985,9.35,54.23,4.15,16.85,2.2,30.37,6.26,5.1,31.98,39.02,35.3,7.15,16.0,73.91,0.17,wheat,dormant,0.55,7.12,4.15,8.17,24.92,24.54,Low,Air Quality,0.01
2025-02-09,North Valley,40.733,-73.995,9.86,53.53,2.76,2.63,2.31,25.42,6.46,5.48,1.0,19.6,6.73,4.91,15.61,17.25,0.18,wheat,dormant,0.0,2.47,1.47,0.0,0.0,1.16,Low,Extreme Heat,0.0
2025-02-09,River Bend,40.712,-74.02,4.06,51.74,12.65,33.5,2.66,28.49,6.16,5.02,26.77,39.47,35.23,12.33,13.26,69.71,0.2,wheat,dormant,4.05,0.0,7.04,12.55,7.46,7.42,Low,Acid Rain,0.02
2025-02-09,South Fields,40.691,-74.01,4.79,51.12,4.2,14.01,2.49,30.51,6.57,5.4,11.51,32.27,30.38,9.77,14.47,58.37,0.23,soybean,dormant,0.57,3.0,3.32,0.0,7.85,8.25,Low,Air Quality,0.01
2025-02-10,East Orchard,40.724,-73.965,11.21,66.53,2.98,10.27,1.85,30.59,6.22,5.26,12.8,20.38,18.32,2.91,14.84,15.58,0.15,wheat,dormant,2.8,3.79,1.94,0.0,0.0,0.0,Low,Extreme Heat,0.01
2025-02-10,Hill Market,40.747,-73.985,7.15,77.64,11.14,45.14,2.02,33.87,6.7,5.16,20.61,27.14,30.12,5.16,13.94,68.21,0.17,corn,dormant,0.0,0.0,0.0,0.55,8.65,5.6,Low,Air Quality,0.0
2025-02-10,North Valley,40.733,-73.995,3.08,73.73,10.17,18.66,2.14,45.96,6.4,5.38,17.65,17.74,23.35,8.16,13.42,36.69,0.18,rice,dormant,0.0,10.47,5.91,1.09,1.33,10.83,Low,Extreme Heat,0.01
2025-02-10,River Bend,40.712,-74.02,3.53,46.11,5.91,10.64,2.51,31.71,6.19,5.22,29.41,34.31,31.47,7.23,16.31,68.45,0.2,wheat,dormant,3.16,0.0,4.98,0.0,13.31,17.61,Low,Air Quality,0.01
2025-02-10,South Fields,40.691,-74.01,5.42,58.53,1.54,15.8,2.26,17.27,6.47,5.75,29.76,25.67,42.93,8.34,16.75,66.1,0.23,corn,dormant,0.29,0.0,0.0,0.74,18.33,12.55,Low,Air Quality,0.0
2025-02-11,East Orchard,40.724,-73.965,7.12,52.25,2.72,11.99,2.05,23.31,6.55,5.6,30.31,31.07,38.89,7.31,14.27,76.21,0.15,wheat,dormant,2.1,4.53,1.91,0.0,20.81,19.97,Low,Air Quality,0.01
2025-02-11,Hill Market,40.747,-73.985,7.73,81.17,19.51,16.54,2.47,41.58,6.19,4.2,26.85,49.34,29.81,11.7,12.69,65.41,0.17,soybean,dormant,0.0,3.81,1.81,80.33,16.48,67.73,High,Acid Rain,0.06
2025-02-11,North Valley,40.733,-73.995,16.37,65.22,4.56,6.0,2.07,35.51,6.79,5.38,32.46,37.37,28.14,7.38,17.51,62.46,0.18,wheat,dormant,5.95,17.6,0.45,0.0,18.89,13.14,Low,Air Quality,0.02
2025-02-11,River Bend,40.712,-74.02,6.88,56.0,4.44,17.93,2.09,15.75,6.03,4.96,25.82,28.62,33.87,10.36,13.95,86.81,0.2,corn,dormant,0.19,0.0,5.14,6.03,15.64,9.86,Low,Air Quality,0.01
2025-02-11,South Fields,40.691,-74.01,4.81,58.46,6.25,6.23,2.74,37.63,6.53,4.75,19.93,35.25,29.9,6.9,15.14,58.18,0.23,soybean,dormant,2.06,0.38,2.63,16.63,7.32,11.46,Low,Acid Rain,0.02
2025-02-12,East Orchard,40.724,-73.965,4.67,63.37,4.37,19.51,1.57,40.92,6.1,5.3,16.15,24.21,24.47,9.74,18.11,44.08,0.15,vegetable,dormant,0.0,0.0,0.23,3.28,6.79,4.56,Low,Air Quality,0.0
2025-02-12,Hill Market,40.747,-73.985,5.11,42.75,19.69,3.97,1.8,42.75,6.22,4.83,24.27,36.56,42.03,20.9,17.35,83.22,0.17,corn,dormant,0.31,0.0,0.0,27.84,15.71,25.54,Low,Acid Rain,0.02
2025-02-12,North Valley,40.733,-73.995,13.84,75.22,6.41,15.95,1.78,25.96,6.39,5.11,11.34,38.72,37.1,10.61,14.56,77.69,0.18,soybean,dormant,0.0,8.37,0.0,0.48,6.3,4.76,Low,Extreme Heat,0.01
2025-02-12,River Bend,40.712,-74.02,7.77,72.16,2.95,9.96,1.89,20.47,6.36,5.1,24.91,41.69,32.69,7.39,13.81,63.99,0.2,wheat,dormant,0.0,2.92,0.0,2.85,15.45,16.3,Low,Air Quality,0.0
2025-02-12,South Fields,40.691,-74.01,4.68,70.27,6.57,10.65,2.02,29.42,6.52,5.39,26.99,28.63,41.57,9.48,12.81,71.11,0.23,corn,dormant,6.84,0.22,2.58,1.12,16.41,18.51,Low,Air Quality,0.01
2025-02-13,East Orchard,40.724,-73.965,11.29,62.75,13.75,11.27,2.19,41.07,6.4,4.79,10.58,32.55,34.36,12.17,13.2,59.71,0.15,soybean,dormant,0.76,5.08,1.78,19.92,9.84,15.98,Low,Acid Rain,0.02
2025-02-13,Hill Market,40.747,-73.985,10.16,42.19,1.97,12.48,1.52,35.76,6.77,4.83,30.16,23.3,37.37,10.61,15.3,95.21,0.17,corn,dormant,0.0,1.04,2.29,11.37,17.28,19.25,Low,Air Quality,0.01
2025-02-13,North Valley,40.733,-73.995,2.02,58.4,8.6,3.15,1.75,37.36,6.55,5.16,25.7,45.3,32.89,5.03,19.68,75.19,0.18,vegetable,dormant,1.51,0.0,1.28,0.0,21.17,18.89,Low,Air Quality,0.0
2025-02-13,River Bend,40.712,-74.02,8.71,55.41,5.78,21.93,1.94,40.47,6.42,5.3,28.08,44.48,34.58,5.89,16.0,71.38,0.2,rice,dormant,0.0,4.4,3.02,0.0,19.08,16.66,Low,Air Quality,0.0
2025-02-13,South Fields,40.691,-74.01,9.35,72.53,9.9,12.99,1.88,38.65,6.39,5.1,20.83,36.02,31.71,12.57,15.36,66.02,0.23,rice,dormant,2.18,0.38,0.48,1.18,9.24,6.3,Low,Air Quality,0.0
2025-02-14,East Orchard,40.724,-73.965,12.88,69.0,22.43,6.97,2.23,41.65,6.02,4.95,11.39,24.31,21.03,7.03,15.0,38.62,0.15,corn,dormant,3.0,4.99,6.61,5.87,0.0,8.87,Low,Extreme Cold,0.02
2025-02-14,Hill Market,40.747,-73.985,2.96,67.0,9.98,7.05,1.9,37.74,6.61,5.14,23.28,36.7,45.86,8.27,12.15,89.52,0.17,corn,dormant,5.54,7.29,5.01,7.95,18.33,20.96,Low,Air Quality,0.02
2025-02-14,North Valley,40.733,-73.995,4.82,39.31,4.91,7.24,2.23,39.8,6.46,5.37,18.56,24.03,25.87,7.77,16.15,59.83,0.18,wheat,dormant,3.23,1.41,1.71,3.13,7.67,10.92,Low,Air Quality,0.01
2025-02-14,River Bend,40.712,-74.02,-5.0,71.14,12.12,7.43,2.3,47.93,6.18,5.24,23.07,40.83,20.46,12.12,14.43,61.31,0.2,rice,dormant,4.97,5.91,56.49,0.0,7.64,43.99,Moderate,Extreme Cold,0.03
2025-02-14,South Fields,40.691,-74.01,8.42,68.53,23.36,10.47,2.49,44.2,6.52,4.81,26.39,26.4,34.22,13.78,14.83,59.55,0.23,corn,dormant,8.15,0.73,4.05,17.67,12.29,16.17,Low,Acid Rain,0.03
2025-02-15,East Orchard,40.724,-73.965,6.16,49.89,4.07,19.79,1.61,33.72,6.21,5.54,3.33,28.83,20.48,3.05,16.88,31.41,0.15,corn,dormant,0.0,0.05,0.0,0.0,5.41,4.51,Low,Air Quality,0.0
2025-02-15,Hill Market,40.747,-73.985,9.75,74.87,48.99,20.43,2.51,60.61,6.11,4.08,26.42,40.47,40.73,18.55,16.25,84.41,0.17,corn,dormant,40.18,6.28,0.0,97.57,17.55,86.57,Severe,Acid Rain,0.14
2025-02-15,North Valley,40.733,-73.995,9.87,49.63,5.51,19.11,1.97,36.67,6.59,5.72,12.53,29.19,17.94,5.41,17.13,35.91,0.18,vegetable,dormant,0.0,0.0,0.7,2.84,3.58,0.74,Low,Air Quality,0.0
2025-02-15,River Bend,40.712,-74.02,2.48,52.81,10.33,19.79,2.09,39.55,6.16,5.05,31.92,44.41,32.94,11.77,16.85,62.08,0.2,wheat,dormant,3.63,0.79,5.25,8.21,23.68,16.72,Low,Air Quality,0.01
2025-02-15,South Fields,40.691,-74.01,6.25,61.83,9.33,12.01,2.26,22.72,6.43,4.84,11.83,28.27,20.06,6.42,14.57,57.95,0.23,corn,dormant,0.34,0.05,2.45,12.0,4.99,10.27,Low,Acid Rain,0.01
2025-02-16,East Orchard,40.724,-73.965,0.5,45.38,9.31,26.86,1.92,45.8,6.25,5.58,12.17,29.38,18.33,6.54,13.83,37.29,0.15,vegetable,dormant,0.06,0.0,12.03,2.55,1.21,9.76,Low,Extreme Cold,0.01
2025-02-16,Hill Market,40.747,-73.985,4.23,78.62,47.34,19.21,2.63,56.82,5.63,4.22,23.12,18.57,38.21,14.34,12.38,71.61,0.17,corn,dormant,37.77,0.0,1.66,93.73,12.81,79.11,Severe,Acid Rain,0.13
2025-02-16,North Valley,40.733,-73.995,19.85,88.91,59.11,11.33,3.08,73.86,5.8,5.03,19.92,24.96,17.98,18.81,14.52,33.12,0.18,wheat,dormant,83.09,37.5,0.0,24.69,2.19,75.92,Severe,Flood,0.16
2025-02-16,River Bend,40.712,-74.02,3.99,45.24,2.38,4.9,2.09,27.92,6.07,5.31,25.95,28.82,28.4,12.19,11.59,68.38,0.2,wheat,dormant,1.85,2.14,5.29,5.01,11.41,6.27,Low,Air Quality,0.01
2025-02-16,South Fields,40.691,-74.01,2.11,95.72,67.89,10.44,3.3,48.19,5.8,4.28,20.68,28.05,31.29,19.28,12.67,46.2,0.23,corn,dormant,82.22,0.0,13.27,94.4,7.55,81.57,Severe,Acid Rain,0.2
2025-02-17,East Orchard,40.724,-73.965,8.37,60.25,5.9,3.41,1.98,29.64,5.95,5.32,8.65,34.13,21.48,6.53,13.62,34.72,0.15,corn,dormant,3.4,0.0,0.0,0.03,0.18,6.55,Low,Flood,0.0
2025-02-17,Hill Market,40.747,-73.985,11.71,79.1,7.48,16.34,2.15,36.3,6.43,5.31,40.55,37.46,35.42,6.63,11.89,86.21,0.17,corn,dormant,3.27,5.47,0.0,4.07,34.76,31.3,Low,Air Quality,0.01
2025-02-17,North Valley,40.733,-73.995,8.58,64.26,19.8,5.26,1.92,30.21,6.14,5.28,14.99,53.38,13.01,10.24,14.95,37.45,0.18,wheat,dormant,1.76,4.26,0.0,0.0,6.45,5.55,Low,Air Quality,0.01
2025-02-17,River Bend,40.712,-74.02,8.67,63.64,9.87,8.32,2.31,51.36,6.43,5.27,19.63,37.0,32.92,9.33,13.18,64.44,0.2,wheat,dormant,4.11,1.47,0.0,3.91,14.42,10.64,Low,Air Quality,0.01
2025-02-17,South Fields,40.691,-74.01,11.08,42.49,12.62,17.76,1.97,55.91,6.76,5.14,37.13,34.71,27.01,6.97,13.0,74.17,0.23,corn,dormant,0.0,3.68,2.98,0.0,22.76,18.95,Low,Air Quality,0.01
2025-02-18,East Orchard,40.724,-73.965,6.33,52.21,4.09,11.96,1.92,34.84,6.2,5.22,19.26,17.01,19.15,7.18,14.84,42.23,0.15,corn,dormant,2.17,0.0,0.39,0.0,7.26,1.77,Low,Air Quality,0.0
2025-02-18,Hill Market,40.747,-73.985,2.92,90.38,34.59,29.26,1.92,46.31,6.13,4.78,22.7,23.83,36.23,11.23,13.16,80.68,0.17,soybean,dormant,10.1,0.0,8.68,28.97,17.56,21.76,Low,Acid Rain,0.04
2025-02-18,North Valley,40.733,-73.995,8.64,59.79,10.93,11.76,2.12,49.7,6.39,5.55,20.47,34.25,26.33,9.81,14.78,66.34,0.18,rice,dormant,6.51,0.0,0.0,2.27,3.44,6.1,Low,Flood,0.01
2025-02-18,River Bend,40.712,-74.02,9.57,45.72,2.45,17.66,2.29,43.92,6.36,4.95,21.07,40.96,45.07,8.55,14.35,85.41,0.2,wheat,dormant,5.53,3.92,1.49,10.59,20.23,16.97,Low,Air Quality,0.02
2025-02-18,South Fields,40.691,-74.01,6.41,46.49,2.46,15.82,1.91,29.07,6.53,5.38,18.69,28.29,29.75,4.64,15.69,46.69,0.23,corn,dormant,5.17,1.41,0.0,1.57,6.52,4.77,Low,Air Quality,0.01
2025-02-19,East Orchard,40.724,-73.965,4.51,35.28,9.46,16.03,1.67,33.71,6.0,5.46,20.22,23.11,19.98,7.88,9.51,63.28,0.15,corn,dormant,2.03,0.0,0.79,0.0,4.82,5.86,Low,Air Quality,0.0
2025-02-19,Hill Market,40.747,-73.985,9.96,60.01,5.89,15.91,1.75,26.27,6.97,4.89,31.63,39.33,39.93,12.17,14.13,68.97,0.17,vegetable,dormant,3.07,0.0,3.72,3.77,25.02,19.67,Low,Air Quality,0.01
2025-02-19,North Valley,40.733,-73.995,12.85,45.51,3.29,5.53,2.01,50.57,6.66,5.03,23.86,42.21,27.7,2.52,13.76,59.28,0.18,wheat,dormant,0.0,4.94,2.99,6.88,12.58,12.16,Low,Air Quality,0.01
2025-02-19,River Bend,40.712,-74.02,11.81,54.28,6.33,15.48,2.68,36.92,6.2,5.57,10.52,34.14,31.39,10.75,12.57,63.09,0.2,soybean,dormant,6.91,0.92,0.0,0.0,6.28,0.47,Low,Flood,0.01
2025-02-19,South Fields,40.691,-74.01,11.76,46.39,5.14,3.57,1.85,43.23,6.43,5.6,23.08,30.33,25.3,7.56,13.08,50.09,0.23,wheat,dormant,2.71,8.53,0.0,0.0,6.64,7.46,Low,Extreme Heat,0.01
2025-02-20,East Orchard,40.724,-73.965,-1.87,53.78,11.44,4.7,1.87,40.14,5.94,5.39,5.12,33.03,22.69,7.12,15.41,33.53,0.15,corn,dormant,2.86,5.12,22.56,2.55,0.0,21.87,Low,Extreme Cold,0.02
2025-02-20,Hill Market,40.747,-73.985,4.82,59.96,18.71,5.05,2.26,39.02,6.04,4.93,15.04,42.18,27.82,8.35,15.79,63.03,0.17,wheat,dormant,3.05,0.0,1.68,9.22,12.27,9.14,Low,Air Quality,0.01
2025-02-20,North Valley,40.733,-73.995,13.4,74.42,13.4,66.55,2.11,29.28,6.3,5.46,13.08,25.46,18.17,15.61,15.71,48.56,0.18,corn,dormant,0.0,6.8,1.53,0.01,2.85,7.06,Low,Extreme Heat,0.01
2025-02-20,River Bend,40.712,-74.02,7.62,58.76,0.78,8.25,2.35,45.33,6.31,4.92,17.74,48.0,26.8,10.02,14.63,70.37,0.2,vegetable,dormant,0.0,1.81,0.0,7.5,11.62,7.85,Low,Air Quality,0.01
2025-02-20,South Fields,40.691,-74.01,4.61,28.19,2.93,16.14,1.92,24.65,7.16,5.05,25.09,40.24,26.91,0.51,11.39,52.78,0.23,corn,dormant,0.06,0.0,9.7,4.15,11.04,12.27,Low,Air Quality,0.01
2025-02-21,East Orchard,40.724,-73.965,5.04,57.61,14.35,25.75,1.79,33.66,6.41,5.29,6.61,30.84,15.88,8.76,13.75,47.87,0.15,corn,dormant,2.94,0.92,4.15,1.01,6.08,4.91,Low,Air Quality,0.01
2025-02-21,Hill Market,40.747,-73.985,5.0,38.65,7.77,10.63,2.04,32.39,6.55,4.45,31.4,31.08,40.53,11.61,12.25,66.19,0.17,rice,dormant,3.06,0.0,0.0,52.62,15.36,45.43,Moderate,Acid Rain,0.03
2025-02-21,North Valley,40.733,-73.995,11.03,54.7,3.27,21.27,2.0,21.06,6.23,5.79,16.32,22.29,23.81,7.49,14.83,49.16,0.18,wheat,dormant,2.04,2.0,0.0,8.09,4.59,7.19,Low,Acid Rain,0.01
2025-02-21,River Bend,40.712,-74.02,15.75,39.79,1.85,27.76,1.85,30.41,6.43,5.11,26.43,32.43,30.98,5.76,16.2,67.46,0.2,wheat,dormant,0.57,9.64,4.0,3.46,15.55,16.18,Low,Air Quality,0.01
2025-02-21,South Fields,40.691,-74.01,7.2,50.7,3.81,6.03,2.11,19.28,6.82,5.13,29.29,24.53,34.83,9.01,13.43,60.13,0.23,corn,dormant,0.0,6.87,3.57,7.21,16.33,10.95,Low,Air Quality,0.01
2025-02-22,East Orchard,40.724,-73.965,12.52,46.4,3.74,4.06,1.73,30.9,6.38,5.25,10.97,22.5,10.76,1.73,18.72,7.64,0.15,corn,dormant,0.0,2.85,1.01,7.72,0.0,2.44,Low,Acid Rain,0.01
2025-02-22,Hill Market,40.747,-73.985,10.6,56.41,18.05,21.6,2.04,52.33,6.29,5.09,20.8,45.93,20.92,16.91,10.28,77.61,0.17,corn,dormant,2.24,5.76,1.13,6.38,11.74,11.32,Low,Air Quality,0.01
2025-02-22,North Valley,40.733,-73.995,10.48,65.61,20.34,5.47,1.89,44.55,6.41,5.22,28.43,35.66,15.6,2.97,11.97,32.76,0.18,rice,dormant,6.52,2.71,2.24,1.92,11.0,8.36,Low,Air Quality,0.01
2025-02-22,River Bend,40.712,-74.02,6.37,54.41,18.65,25.85,2.75,47.67,6.04,4.53,14.46,19.57,27.1,10.15,16.22,58.19,0.2,vegetable,dormant,7.38,2.35,0.0,44.01,6.97,37.09,Moderate,Acid Rain,0.05
2025-02-22,South Fields,40.691,-74.01,8.09,100.0,87.91,13.88,3.67,73.99,5.27,4.28,12.62,35.79,20.22,17.1,13.7,40.42,0.23,corn,dormant,99.0,1.13,0.0,100.0,3.0,92.6,Severe,Acid Rain,0.22
2025-02-23,East Orchard,40.724,-73.965,7.61,49.87,5.88,3.93,1.62,31.46,6.47,5.05,9.7,33.7,17.97,7.14,13.73,42.41,0.15,corn,dormant,3.08,0.0,3.13,0.0,4.84,2.17,Low,Air Quality,0.01
2025-02-23,Hill Market,40.747,-73.985,1.36,64.02,7.67,4.14,1.87,61.41,6.44,4.98,28.52,30.12,35.36,8.95,10.48,74.61,0.17,wheat,dormant,1.19,1.68,2.39,10.2,18.37,17.39,Low,Air Quality,0.01
2025-02-23,North Valley,40.733,-73.995,12.41,55.16,6.44,40.11,2.08,37.81,6.18,5.03,8.23,27.24,22.85,6.57,12.27,36.44,0.18,wheat,dormant,0.0,9.45,0.0,1.74,7.57,6.63,Low,Extreme Heat,0.01
2025-02-23,River Bend,40.712,-74.02,10.08,52.07,2.59,15.96,1.84,27.97,6.05,4.78,26.78,25.56,25.61,7.52,14.01,61.97,0.2,wheat,dormant,0.0,0.0,6.15,14.66,10.56,12.8,Low,Acid Rain,0.01
2025-02-23,South Fields,40.691,-74.01,12.53,65.62,6.22,11.8,2.07,32.99,6.68,5.2,13.9,29.06,22.79,7.05,19.08,39.72,0.23,vegetable,dormant,3.71,8.73,0.0,0.79,3.6,10.73,Low,Extreme Heat,0.02
2025-02-24,East Orchard,40.724,-73.965,5.91,92.04,86.49,17.38,3.11,76.78,5.03,4.27,15.61,39.62,20.51,18.81,12.97,37.79,0.15,corn,dormant,95.44,5.47,0.39,95.85,8.11,86.18,Severe,Acid Rain,0.22
2025-02-24,Hill Market,40.747,-73.985,12.28,41.2,5.47,6.68,1.88,31.91,6.39,4.9,19.1,37.89,45.55,9.87,18.74,87.12,0.17,wheat,dormant,0.0,0.0,4.96,14.25,9.83,14.0,Low,Acid Rain,0.01
2025-02-24,North Valley,40.733,-73.995,8.11,55.91,0.64,8.52,1.96,27.01,6.18,5.3,22.28,29.8,26.81,3.19,14.1,51.91,0.18,wheat,dormant,0.0,0.0,0.0,5.3,7.18,6.31,Low,Air Quality,0.0
2025-02-24,River Bend,40.712,-74.02,17.58,72.68,12.27,18.98,2.42,34.46,6.13,4.96,20.31,50.49,40.92,12.77,16.88,86.98,0.2,rice,dormant,5.57,25.92,0.0,9.95,15.54,23.27,Low,Extreme Heat,0.03
2025-02-24,South Fields,40.691,-74.01,9.86,49.65,6.31,9.59,1.79,34.16,6.57,5.54,22.76,35.08,20.71,3.1,12.53,50.29,0.23,vegetable,dormant,3.46,0.0,1.26,2.9,9.93,8.86,Low,Air Quality,0.01
2025-02-25,East Orchard,40.724,-73.965,11.5,60.46,5.86,3.76,1.9,36.41,6.27,5.31,29.32,38.85,31.0,4.91,14.52,64.03,0.15,wheat,dormant,0.0,3.84,0.0,3.07,17.58,9.55,Low,Air Quality,0.01
2025-02-25,Hill Market,40.747,-73.985,10.44,59.98,10.58,36.03,2.03,40.29,6.37,4.48,12.32,36.28,27.45,10.91,13.92,69.89,0.17,corn,dormant,1.54,0.01,2.02,44.67,2.45,38.67,Moderate,Acid Rain,0.04
2025-02-25,North Valley,40.733,-73.995,19.25,60.7,15.54,19.82,2.1,37.23,6.3,5.14,21.59,28.19,40.87,13.69,17.77,73.52,0.18,corn,dormant,5.07,17.41,5.1,8.69,9.38,15.0,Low,Extreme Heat,0.03
2025-02-25,River Bend,40.712,-74.02,12.12,33.83,9.3,10.93,2.04,46.11,6.18,4.91,28.37,30.64,29.34,7.07,11.98,65.36,0.2,wheat,dormant,0.0,0.0,0.0,10.0,8.94,9.52,Low,Acid Rain,0.01
2025-02-25,South Fields,40.691,-74.01,11.49,57.8,4.18,11.35,1.99,38.35,6.35,5.05,26.87,45.22,37.23,13.74,14.59,75.57,0.23,wheat,dormant,0.89,2.68,1.88,1.89,18.94,18.87,Low,Air Quality,0.01
2025-02-26,East Orchard,40.724,-73.965,6.09,40.24,2.41,22.62,1.87,36.99,6.61,5.62,7.72,28.61,18.07,6.25,16.68,41.64,0.15,vegetable,dormant,0.0,0.0,0.74,0.0,1.9,0.0,Low,Air Quality,0.0
2025-02-26,Hill Market,40.747,-73.985,7.85,43.22,0.91,14.55,2.01,34.06,6.68,4.8,37.61,30.5,30.32,8.49,13.74,92.98,0.17,corn,dormant,0.0,5.05,4.62,7.31,25.11,23.44,Low,Air Quality,0.01
2025-02-26,North Valley,40.733,-73.995,2.39,63.66,14.49,4.4,2.29,15.44,6.39,4.83,14.45,30.25,28.57,6.6,14.93,51.49,0.18,wheat,dormant,0.0,0.19,0.88,11.97,5.14,10.46,Low,Acid Rain,0.01
2025-02-26,River Bend,40.712,-74.02,13.59,70.69,6.75,15.14,2.38,42.13,6.44,5.28,33.84,32.44,38.71,3.99,14.83,82.56,0.2,soybean,dormant,3.26,9.93,0.0,0.0,21.01,13.9,Low,Air Quality,0.01
2025-02-26,South Fields,40.691,-74.01,10.19,63.07,2.83,5.02,2.08,44.39,6.64,5.45,28.94,33.19,39.59,10.91,13.46,80.56,0.23,corn,dormant,0.0,7.49,0.47,7.96,20.09,20.67,Low,Air Quality,0.01
2025-02-27,East Orchard,40.724,-73.965,16.35,83.01,11.12,5.71,1.89,29.63,6.18,5.42,11.55,35.22,15.16,5.49,17.75,37.0,0.15,corn,dormant,0.0,14.11,0.0,6.65,6.85,14.65,Low,Extreme Heat,0.02
2025-02-27,Hill Market,40.747,-73.985,10.04,56.64,12.45,19.06,1.92,18.75,6.24,4.89,28.78,40.34,39.9,10.18,14.68,76.9,0.17,corn,dormant,0.54,2.78,0.0,12.99,16.66,11.42,Low,Air Quality,0.01
2025-02-27,North Valley,40.733,-73.995,9.78,52.65,11.53,26.61,1.85,52.84,6.24,5.25,17.47,27.88,17.67,8.27,18.67,51.84,0.18,vegetable,dormant,4.44,2.79,0.0,0.0,2.36,1.77,Low,Flood,0.01
2025-02-27,River Bend,40.712,-74.02,3.52,34.07,2.56,15.9,2.38,34.48,6.0,4.76,21.73,34.2,38.9,8.31,14.8,75.78,0.2,wheat,dormant,0.0,0.0,6.65,17.07,17.37,17.33,Low,Air Quality,0.01
2025-02-27,South Fields,40.691,-74.01,6.82,70.88,19.65,10.0,2.42,50.06,6.61,4.85,26.07,27.91,30.71,7.37,13.53,44.85,0.23,corn,dormant,7.85,0.56,1.22,13.5,11.82,10.43,Low,Acid Rain,0.02
2025-02-28,East Orchard,40.724,-73.965,8.28,41.15,4.53,18.91,1.97,31.88,6.44,5.21,15.69,33.81,35.81,5.95,16.42,68.22,0.15,corn,dormant,0.0,0.0,0.21,0.0,8.0,7.15,Low,Air Quality,0.0
2025-02-28,Hill Market,40.747,-73.985,15.45,65.18,14.37,27.47,1.86,35.69,6.23,4.32,25.04,32.27,38.91,16.06,17.08,77.46,0.17,vegetable,dormant,5.87,13.7,0.0,70.33,16.14,60.84,High,Acid Rain,0.08
2025-02-28,North Valley,40.733,-73.995,10.2,76.27,19.08,7.22,2.31,45.59,6.38,4.84,26.99,18.54,21.84,7.68,12.01,43.53,0.18,wheat,dormant,7.22,2.59,0.0,9.11,5.58,12.71,Low,Acid Rain,0.02
2025-02-28,River Bend,40.712,-74.02,10.13,76.07,1.85,15.11,2.37,31.91,6.4,4.9,16.95,28.01,28.62,9.46,14.01,52.42,0.2,vegetable,dormant,2.04,0.0,3.11,6.14,5.73,7.65,Low,Acid Rain,0.01
2025-02-28,South Fields,40.691,-74.01,6.42,52.19,19.66,17.87,2.41,36.58,6.29,4.87,16.33,35.07,22.49,10.34,15.1,39.79,0.23,corn,dormant,1.07,0.0,1.55,11.32,8.39,9.35,Low,Acid Rain,0.01
2025-03-01,East Orchard,40.724,-73.965,10.38,63.64,7.4,6.12,1.79,24.81,6.18,5.34,16.86,40.48,28.96,6.43,13.06,42.65,0.15,corn,seeding,0.0,4.41,2.1,0.0,4.83,6.9,Low,Air Quality,0.01
2025-03-01,Hill Market,40.747,-73.985,4.4,57.41,12.12,8.93,2.22,33.94,6.56,4.18,17.19,46.93,23.86,12.1,13.4,61.07,0.17,soybean,seeding,1.16,2.3,2.49,74.25,8.3,66.72,High,Acid Rain,0.14
2025-03-01,North Valley,40.733,-73.995,18.86,71.03,4.83,7.95,1.98,29.02,6.53,5.16,16.32,35.93,34.94,7.25,14.52,48.32,0.18,wheat,seeding,9.07,29.14,0.0,5.45,9.57,25.4,Low,Extreme Heat,0.1
2025-03-01,River Bend,40.712,-74.02,8.93,55.42,3.66,13.06,2.33,50.61,6.39,4.97,34.34,26.8,40.0,6.31,16.68,68.55,0.2,wheat,seeding,5.18,3.81,1.33,6.75,22.37,20.4,Low,Air Quality,0.04
2025-03-01,South Fields,40.691,-74.01,6.73,64.76,1.19,10.84,2.24,30.46,6.5,5.62,17.45,29.53,26.74,6.09,14.9,55.48,0.23,wheat,seeding,0.0,0.0,0.0,8.13,4.04,9.25,Low,Acid Rain,0.01
2025-03-02,East Orchard,40.724,-73.965,5.64,79.4,9.43,9.58,2.02,28.66,6.11,5.17,21.18,38.45,27.67,4.75,17.93,43.91,0.15,vegetable,seeding,0.0,1.65,4.67,2.55,6.41,7.74,Low,Air Quality,0.02
2025-03-02,Hill Market,40.747,-73.985,14.3,66.43,3.62,11.92,1.91,22.18,6.84,4.83,23.11,34.7,43.83,8.06,15.19,84.44,0.17,corn,seeding,0.63,9.9,1.0,12.58,16.79,17.48,Low,Air Quality,0.05
2025-03-02,North Valley,40.733,-73.995,8.59,69.58,4.4,12.03,1.96,43.82,6.47,5.65,14.77,31.23,17.27,5.17,14.29,18.3,0.18,soybean,seeding,0.46,0.0,0.0,5.02,1.56,3.0,Low,Acid Rain,0.01
2025-03-02,River Bend,40.712,-74.02,8.4,65.94,2.43,8.75,2.11,38.66,6.11,5.02,22.41,32.09,35.85,5.39,14.84,65.11,0.2,wheat,seeding,0.0,4.22,0.1,9.14,12.58,11.8,Low,Air Quality,0.02
2025-03-02,South Fields,40.691,-74.01,5.67,56.03,9.88,16.93,2.33,32.51,6.59,4.62,17.9,37.66,17.7,3.83,14.41,54.92,0.23,soybean,seeding,8.24,3.66,5.94,17.03,3.95,11.96,Low,Acid Rain,0.07
2025-03-03,East Orchard,40.724,-73.965,5.09,58.21,11.14,7.77,2.08,46.18,6.13,5.01,6.87,30.78,16.11,4.77,17.76,16.58,0.15,wheat,seeding,0.0,0.43,1.34,5.85,0.0,3.38,Low,Acid Rain,0.01
2025-03-03,Hill Market,40.747,-73.985,8.47,57.18,6.92,58.68,1.91,39.96,6.55,4.94,20.54,34.36,39.77,11.67,13.7,79.33,0.17,corn,seeding,0.0,8.66,0.0,8.87,16.76,14.79,Low,Air Quality,0.04
2025-03-03,North Valley,40.733,-73.995,10.52,84.22,43.68,21.88,2.82,67.36,6.14,5.21,12.0,33.52,32.68,18.82,12.98,62.86,0.18,wheat,seeding,47.25,5.22,0.0,7.36,3.12,46.34,Moderate,Flood,0.17
2025-03-03,River Bend,40.712,-74.02,2.37,66.88,12.4,4.09,2.35,34.4,5.99,4.84,21.37,32.5,25.96,7.26,17.35,59.52,0.2,wheat,seeding,0.0,0.0,10.0,12.82,4.46,7.54,Low,Acid Rain,0.03
2025-03-03,South Fields,40.691,-74.01,10.5,48.58,7.72,3.89,2.18,44.64,6.57,5.23,22.54,31.88,26.96,5.54,12.91,54.32,0.23,corn,seeding,0.98,4.47,0.0,0.0,9.81,9.17,Low,Air Quality,0.01
2025-03-04,East Orchard,40.724,-73.965,7.23,71.9,16.48,2.21,2.06,44.97,5.86,5.31,17.45,38.93,33.79,11.01,16.15,76.01,0.15,corn,seeding,2.03,1.47,1.74,2.47,6.85,4.32,Low,Air Quality,0.02
2025-03-04,Hill Market,40.747,-73.985,3.71,59.54,8.92,19.54,1.92,24.22,6.54,4.55,20.75,28.76,35.07,7.22,15.19,74.79,0.17,wheat,seeding,0.0,0.0,3.92,34.18,10.69,28.99,Low,Acid Rain,0.06
2025-03-04,North Valley,40.733,-73.995,15.87,46.54,5.12,21.7,1.91,23.64,6.29,5.45,16.21,24.01,26.36,12.08,19.52,57.38,0.18,vegetable,seeding,1.54,12.57,0.59,0.0,4.78,8.01,Low,Extreme Heat,0.04
2025-03-04,River Bend,40.712,-74.02,12.93,69.94,2.92,2.38,2.23,40.59,6.49,4.82,30.17,29.29,45.58,7.23,17.85,72.88,0.2,wheat,seeding,0.0,7.36,5.66,13.63,20.06,19.91,Low,Air Quality,0.04
2025-03-04,South Fields,40.691,-74.01,9.72,49.41,0.25,15.78,2.05,32.18,6.68,5.07,19.62,42.17,26.54,2.41,15.31,68.66,0.23,corn,seeding,2.55,4.1,0.67,2.18,7.93,9.59,Low,Air Quality,0.02
2025-03-05,East Orchard,40.724,-73.965,10.04,52.53,10.07,9.17,1.91,24.1,6.19,5.47,8.45,30.84,25.63,9.58,15.39,44.44,0.15,wheat,seeding,1.1,0.63,3.43,0.0,12.05,11.2,Low,Air Quality,0.01
2025-03-05,Hill Market,40.747,-73.985,11.32,77.29,10.35,10.72,1.93,48.85,6.2,5.1,16.94,28.72,37.11,12.11,14.69,86.75,0.17,rice,seeding,1.56,2.22,0.0,4.16,10.51,7.69,Low,Air Quality,0.01
2025-03-05,North Valley,40.733,-73.995,9.9,47.93,8.19,13.41,2.0,35.25,5.99,4.85,22.11,32.8,20.76,7.37,15.96,35.07,0.18,wheat,seeding,0.0,0.0,0.59,12.25,9.03,7.1,Low,Acid Rain,0.02
2025-03-05,River Bend,40.712,-74.02,5.79,54.22,10.7,2.81,2.81,25.53,5.97,4.86,32.93,49.09,36.38,9.1,12.03,89.87,0.2,wheat,seeding,6.3,0.39,0.0,14.38,28.25,24.67,Low,Air Quality,0.04
2025-03-05,South Fields,40.691,-74.01,13.35,60.95,3.48,14.95,2.13,29.06,6.63,5.34,25.21,35.82,32.35,10.51,12.79,67.67,0.23,soybean,seeding,4.3,5.6,1.99,2.87,16.82,15.09,Low,Air Quality,0.03
2025-03-06,East Orchard,40.724,-73.965,5.59,59.41,4.87,11.06,2.17,35.99,6.24,5.34,2.87,18.05,30.41,7.04,13.6,53.13,0.15,vegetable,seeding,1.6,2.34,0.52,2.0,8.47,10.51,Low,Air Quality,0.02
2025-03-06,Hill Market,40.747,-73.985,9.99,45.87,13.86,37.59,1.91,42.06,6.58,4.68,28.37,42.32,40.34,16.93,14.11,90.6,0.17,corn,seeding,0.0,4.7,0.0,33.31,20.22,32.65,Low,Acid Rain,0.07
2025-03-06,North Valley,40.733,-73.995,9.81,53.34,14.43,19.75,1.74,42.92,6.21,4.82,18.86,35.76,15.58,8.56,13.9,36.96,0.18,wheat,seeding,1.74,4.58,0.0,8.22,14.79,9.87,Low,Air Quality,0.03
2025-03-06,River Bend,40.712,-74.02,14.77,52.05,7.82,6.49,2.68,43.06,6.03,5.04,24.93,38.88,31.33,13.2,14.3,64.09,0.2,corn,seeding,3.38,11.3,1.33,8.48,14.85,12.95,Low,Air Quality,0.06
2025-03-06,South Fields,40.691,-74.01,11.96,62.82,3.69,22.43,1.98,36.9,6.89,5.24,13.72,31.71,33.28,3.82,15.47,68.25,0.23,corn,seeding,2.39,1.55,5.73,2.92,8.22,7.72,Low,Air Quality,0.03
2025-03-07,East Orchard,40.724,-73.965,13.25,41.89,6.39,3.23,1.9,47.74,6.14,5.3,13.42,18.41,16.83,6.94,15.24,32.23,0.15,wheat,seeding,0.0,1.6,0.0,0.0,0.0,3.05,Low,Extreme Heat,0.0
2025-03-07,Hill Market,40.747,-73.985,13.52,53.03,11.44,5.93,2.21,31.86,6.83,4.31,22.42,19.45,28.43,11.32,15.5,82.49,0.17,wheat,seeding,0.0,10.62,0.0,60.73,5.76,49.95,Moderate,Acid Rain,0.12
2025-03-07,North Valley,40.733,-73.995,9.55,99.11,67.7,27.46,3.55,73.27,5.68,4.73,19.69,23.46,26.11,20.79,12.57,54.0,0.18,wheat,seeding,89.34,2.94,4.13,62.93,1.85,77.24,Severe,Flood,0.39
2025-03-07,River Bend,40.712,-74.02,8.94,60.57,12.23,25.07,2.81,31.72,6.2,4.57,32.98,34.52,32.81,9.41,13.3,73.04,0.2,wheat,seeding,4.25,0.37,1.02,37.03,23.32,32.57,Low,Acid Rain,0.08
2025-03-07,South Fields,40.691,-74.01,6.64,70.94,5.3,7.79,2.01,42.45,6.49,4.95,22.01,32.23,32.19,10.29,17.06,52.1,0.23,soybean,seeding,2.43,1.53,0.0,7.56,7.86,3.39,Low,Air Quality,0.02
2025-03-08,East Orchard,40.724,-73.965,11.21,53.82,3.79,13.27,2.1,13.42,6.35,5.69,17.47,40.33,16.3,8.54,17.55,33.63,0.15,corn,seeding,4.31,1.7,0.8,0.61,8.2,8.6,Low,Air Quality,0.02
2025-03-08,Hill Market,40.747,-73.985,12.9,40.12,10.36,10.21,1.98,35.97,6.34,4.96,22.74,30.35,29.09,7.61,12.97,62.84,0.17,vegetable,seeding,0.0,2.53,0.0,6.97,11.8,11.97,Low,Air Quality,0.02
2025-03-08,North Valley,40.733,-73.995,17.15,67.05,11.29,10.24,2.07,43.61,6.41,5.1,21.63,28.8,21.39,12.31,15.16,54.36,0.18,wheat,seeding,4.43,11.99,0.82,5.77,7.84,10.89,Low,Extreme Heat,0.05
2025-03-08,River Bend,40.712,-74.02,12.1,68.27,13.55,5.55,2.64,36.2,6.29,5.36,23.65,39.76,29.16,11.8,14.08,81.15,0.2,wheat,seeding,2.07,11.37,0.0,4.99,13.34,11.8,Low,Air Quality,0.04
2025-03-08,South Fields,40.691,-74.01,5.93,64.76,6.79,13.91,2.37,39.41,6.59,5.05,15.81,41.67,16.85,9.92,13.44,48.76,0.23,wheat,seeding,4.78,0.0,5.37,6.82,0.0,6.07,Low,Acid Rain,0.03
2025-03-09,East Orchard,40.724,-73.965,11.74,61.42,2.17,5.02,2.04,31.94,6.09,5.88,8.5,29.64,26.09,0.66,14.81,35.61,0.15,rice,seeding,0.0,0.0,0.0,3.95,2.27,3.39,Low,Acid Rain,0.01
2025-03-09,Hill Market,40.747,-73.985,15.05,60.81,13.39,8.68,2.1,48.97,6.57,5.16,29.85,31.84,27.21,14.02,15.71,59.99,0.17,corn,seeding,6.21,8.4,0.0,2.96,14.06,18.1,Low,Air Quality,0.05
2025-03-09,North Valley,40.733,-73.995,6.55,58.04,14.87,10.42,2.38,55.44,6.34,5.03,32.22,28.5,26.75,12.68,17.48,58.79,0.18,wheat,seeding,3.39,0.0,0.53,5.02,12.63,12.39,Low,Air Quality,0.02
2025-03-09,River Bend,40.712,-74.02,13.01,73.65,9.4,46.49,2.48,22.57,6.36,5.18,24.66,31.35,29.84,8.76,16.19,52.63,0.2,wheat,seeding,0.0,5.92,0.78,0.0,8.89,11.88,Low,Air Quality,0.01
2025-03-09,South Fields,40.691,-74.01,17.44,48.73,22.3,11.8,2.55,54.03,6.56,4.91,32.17,31.56,28.23,10.68,12.07,48.11,0.23,corn,seeding,9.6,23.2,0.0,11.48,12.02,20.69,Low,Extreme Heat,0.11
2025-03-10,East Orchard,40.724,-73.965,13.26,56.75,6.56,11.82,2.04,32.56,6.13,5.34,24.09,49.24,27.14,5.43,16.59,71.07,0.15,corn,seeding,1.37,6.31,0.0,2.43,14.51,10.07,Low,Air Quality,0.03
2025-03-10,Hill Market,40.747,-73.985,10.79,56.3,7.32,8.33,1.97,30.91,6.66,4.92,26.93,32.78,52.42,10.09,11.67,100.0,0.17,vegetable,seeding,4.9,3.11,0.0,8.49,26.95,24.54,Low,Air Quality,0.05
2025-03-10,North Valley,40.733,-73.995,18.59,49.01,11.34,6.38,2.17,45.43,6.3,5.37,23.24,24.87,30.51,2.83,14.94,66.68,0.18,rice,seeding,0.0,13.07,0.0,0.0,12.89,11.1,Low,Extreme Heat,0.02
2025-03-10,River Bend,40.712,-74.02,13.53,38.17,1.66,13.01,2.48,42.42,6.56,5.04,33.49,33.72,35.83,9.32,14.08,62.16,0.2,wheat,seeding,0.0,4.92,0.32,3.62,16.08,17.86,Low,Air Quality,0.02
2025-03-10,South Fields,40.691,-74.01,0.89,56.35,21.41,19.14,2.43,60.94,6.25,5.09,18.45,41.9,21.35,12.41,13.7,41.5,0.23,corn,seeding,9.89,2.55,17.18,9.09,4.28,14.95,Low,Extreme Cold,0.08
2025-03-11,East Orchard,40.724,-73.965,6.45,53.78,2.34,4.6,2.04,46.22,6.32,5.35,14.98,29.61,22.44,4.82,11.9,60.94,0.15,corn,seeding,1.22,5.58,0.0,0.97,0.0,5.95,Low,Extreme Heat,0.02
2025-03-11,Hill Market,40.747,-73.985,13.67,100.0,91.55,12.31,3.9,83.87,5.38,3.96,24.22,34.07,27.19,21.46,12.53,68.56,0.17,corn,seeding,100.0,10.61,7.33,98.75,10.93,92.19,Severe,Flood,0.58
2025-03-11,North Valley,40.733,-73.995,8.7,65.12,4.34,12.64,2.23,28.38,6.2,5.82,13.91,16.18,31.59,6.17,12.53,57.32,0.18,wheat,seeding,0.6,0.0,1.72,2.8,4.4,5.11,Low,Air Quality,0.01
2025-03-11,River Bend,40.712,-74.02,17.0,47.34,4.85,10.88,2.43,55.2,6.02,4.51,8.22,24.75,31.84,8.22,18.29,51.23,0.2,rice,seeding,0.53,5.99,0.09,33.61,1.61,29.08,Low,Acid Rain,0.06
2025-03-11,South Fields,40.691,-74.01,17.33,50.11,6.59,14.79,2.27,27.34,6.8,5.05,24.98,27.56,25.72,10.29,15.33,52.07,0.23,corn,seeding,9.69,10.73,1.35,0.0,4.82,11.3,Low,Extreme Heat,0.06
2025-03-12,East Orchard,40.724,-73.965,5.47,65.94,11.92,8.92,2.06,29.69,6.04,5.32,27.08,24.89,28.73,9.9,13.62,71.95,0.15,vegetable,seeding,3.45,1.85,3.24,2.23,9.25,9.74,Low,Air Quality,0.03
2025-03-12,Hill Market,40.747,-73.985,16.8,32.13,9.68,7.71,2.35,22.22,6.84,5.22,31.93,31.39,38.99,5.56,13.77,74.17,0.17,corn,seeding,0.0,10.39,0.0,0.0,20.68,21.15,Low,Air Quality,0.03
2025-03-12,North Valley,40.733,-73.995,17.44,58.06,5.46,14.51,2.11,36.21,6.19,4.91,20.12,27.19,25.22,6.69,14.58,58.01,0.18,wheat,seeding,0.0,12.76,0.0,4.15,0.28,9.27,Low,Extreme Heat,0.03
2025-03-12,River Bend,40.712,-74.02,13.34,56.57,7.94,23.25,2.44,37.91,6.43,4.96,21.39,32.27,28.39,12.73,13.47,83.55,0.2,wheat,seeding,2.66,12.26,2.61,10.42,8.88,13.03,Low,Extreme Heat,0.06
2025-03-12,South Fields,40.691,-74.01,11.11,64.22,8.95,6.63,2.28,39.89,6.71,5.51,12.56,22.76,19.32,4.07,16.15,47.88,0.23,vegetable,seeding,0.0,6.79,0.0,0.0,6.64,7.83,Low,Extreme Heat,0.02
2025-03-13,East Orchard,40.724,-73.965,14.78,50.11,3.03,9.99,1.93,37.67,5.94,5.57,11.92,36.81,37.68,13.71,14.31,69.02,0.15,soybean,seeding,0.32,3.76,1.92,0.0,1.57,1.11,Low,Extreme Heat,0.01
2025-03-13,Hill Market,40.747,-73.985,18.02,53.92,7.58,13.34,2.01,28.52,6.64,4.92,29.06,38.23,38.43,13.25,16.88,89.23,0.17,wheat,seeding,0.0,16.88,0.0,15.12,17.09,16.7,Low,Air Quality,0.06
2025-03-13,North Valley,40.733,-73.995,11.56,63.77,9.7,25.89,2.38,46.03,6.09,5.53,20.1,39.73,33.84,8.85,15.28,63.36,0.18,wheat,seeding,4.91,6.26,0.0,3.21,14.1,14.6,Low,Air Quality,0.03
2025-03-13,River Bend,40.712,-74.02,8.43,64.48,21.5,10.74,2.58,37.57,6.4,4.71,27.55,19.34,40.28,11.85,14.54,82.2,0.2,wheat,seeding,7.1,3.63,3.99,32.46,14.95,30.13,Low,Acid Rain,0.09
2025-03-13,South Fields,40.691,-74.01,5.79,59.04,1.73,22.94,2.39,19.88,6.77,5.14,19.97,38.11,20.39,6.41,15.66,61.61,0.23,corn,seeding,4.54,5.13,7.98,3.08,11.47,10.09,Low,Air Quality,0.04
2025-03-14,East Orchard,40.724,-73.965,5.45,56.8,4.13,4.17,2.04,33.0,6.25,5.5,14.81,29.94,33.28,10.63,15.04,54.32,0.15,wheat,seeding,4.6,1.6,4.78,0.0,4.95,8.34,Low,Air Quality,0.02
2025-03-14,Hill Market,40.747,-73.985,11.9,62.84,2.97,3.81,1.87,36.28,6.46,4.82,27.19,35.87,48.71,8.15,16.17,96.43,0.17,vegetable,seeding,4.21,4.35,1.07,16.25,18.6,15.94,Low,Air Quality,0.06
2025-03-14,North Valley,40.733,-73.995,10.67,65.63,7.03,5.25,2.14,42.47,6.41,5.62,15.55,20.36,20.83,5.33,17.29,55.89,0.18,wheat,seeding,1.52,4.93,0.0,0.0,1.69,2.23,Low,Extreme Heat,0.02
2025-03-14,River Bend,40.712,-74.02,17.79,45.81,4.96,8.9,2.39,43.95,6.34,5.66,16.06,29.83,32.62,6.12,15.7,71.86,0.2,wheat,seeding,2.9,15.43,0.21,4.11,7.54,13.98,Low,Extreme Heat,0.05
2025-03-14,South Fields,40.691,-74.01,14.55,61.66,21.17,12.56,2.48,38.54,6.25,5.18,28.03,47.48,19.45,10.23,15.95,47.93,0.23,soybean,seeding,3.19,12.59,0.0,6.04,13.39,7.93,Low,Air Quality,0.05
2025-03-15,East Orchard,40.724,-73.965,10.86,51.91,12.9,5.13,2.11,47.51,6.07,5.23,6.92,30.06,25.34,4.41,15.24,27.78,0.15,vegetable,seeding,0.0,1.83,2.19,6.49,5.23,4.2,Low,Acid Rain,0.02
2025-03-15,Hill Market,40.747,-73.985,15.98,56.09,2.43,14.66,1.8,27.42,6.68,4.66,41.39,37.08,37.75,7.36,15.6,70.8,0.17,vegetable,seeding,0.0,6.96,0.0,17.67,28.96,30.17,Low,Air Quality,0.06
2025-03-15,North Valley,40.733,-73.995,9.38,56.56,18.22,14.18,2.48,43.6,6.36,5.05,12.74,23.87,15.12,12.65,16.65,34.74,0.18,corn,seeding,4.39,5.46,0.0,2.76,7.49,8.82,Low,Air Quality,0.03
2025-03-15,River Bend,40.712,-74.02,13.44,74.56,13.52,6.07,2.43,39.25,6.13,4.88,26.03,26.12,28.03,10.25,15.44,63.39,0.2,wheat,seeding,0.0,8.19,0.0,12.44,5.82,12.19,Low,Acid Rain,0.04
2025-03-15,South Fields,40.691,-74.01,3.46,71.95,19.04,11.27,2.61,45.24,6.53,4.76,31.87,33.04,22.0,3.47,14.88,58.17,0.23,corn,seeding,11.9,0.0,5.67,15.4,16.7,16.28,Low,Air Quality,0.08
2025-03-16,East Orchard,40.724,-73.965,15.79,53.5,5.85,21.75,2.02,36.7,6.27,5.27,20.96,28.31,11.49,12.52,15.56,29.31,0.15,corn,seeding,0.0,11.39,0.0,2.16,6.04,8.5,Low,Extreme Heat,0.03
2025-03-16,Hill Market,40.747,-73.985,20.26,55.45,4.45,6.81,1.77,46.34,6.86,5.12,26.49,37.05,32.85,5.22,16.02,59.43,0.17,rice,seeding,0.0,25.89,0.0,3.51,12.88,23.81,Low,Extreme Heat,0.05
2025-03-16,North Valley,40.733,-73.995,11.6,58.63,7.32,14.05,2.7,40.19,6.37,4.8,16.24,38.54,28.74,10.53,17.16,56.36,0.18,soybean,seeding,7.81,3.48,0.0,13.0,1.79,10.79,Low,Acid Rain,0.06
2025-03-16,River Bend,40.712,-74.02,15.84,63.58,16.72,13.16,2.53,45.69,5.91,4.68,22.89,28.43,37.47,11.42,16.87,83.08,0.2,wheat,seeding,6.28,8.91,4.13,33.07,8.33,27.01,Low,Acid Rain,0.1
2025-03-16,South Fields,40.691,-74.01,12.37,66.7,1.88,6.64,2.46,30.76,6.33,5.28,9.37,40.62,26.24,8.95,15.14,49.97,0.23,corn,seeding,0.0,6.51,0.0,0.0,7.5,5.97,Low,Air Quality,0.02
2025-03-17,East Orchard,40.724,-73.965,15.22,44.7,5.06,8.12,1.94,29.21,6.63,5.57,23.55,38.1,23.96,5.49,14.83,42.7,0.15,corn,seeding,3.85,8.43,0.0,2.98,5.64,7.83,Low,Extreme Heat,0.04
2025-03-17,Hill Market,40.747,-73.985,19.53,64.48,7.91,11.28,1.9,28.05,6.88,4.66,24.96,24.1,36.64,12.31,14.92,76.35,0.17,corn,seeding,1.24,29.57,0.77,20.21,7.72,24.57,Low,Extreme Heat,0.12
2025-03-17,North Valley,40.733,-73.995,15.21,55.99,7.28,13.28,2.39,29.08,6.14,5.25,1.0,42.75,17.07,5.69,19.45,36.5,0.18,rice,seeding,0.0,8.47,1.24,4.3,0.0,3.96,Low,Extreme Heat,0.02
2025-03-17,River Bend,40.712,-74.02,12.7,69.21,9.04,14.13,2.54,29.14,6.15,4.89,20.91,23.14,34.17,9.76,17.74,57.73,0.2,soybean,seeding,4.37,6.34,1.88,7.02,8.74,10.83,Low,Air Quality,0.04
2025-03-17,South Fields,40.691,-74.01,10.69,38.26,2.19,15.86,2.29,48.5,6.86,5.43,8.81,32.74,23.4,2.03,15.17,58.11,0.23,rice,seeding,0.67,2.99,0.0,3.04,4.8,4.27,Low,Air Quality,0.01
2025-03-18,East Orchard,40.724,-73.965,13.39,53.78,8.91,5.74,2.35,38.29,6.18,5.35,30.94,44.31,32.85,15.24,15.14,79.89,0.15,rice,seeding,5.14,4.28,3.9,1.79,25.22,25.24,Low,Air Quality,0.03
2025-03-18,Hill Market,40.747,-73.985,17.09,49.13,12.3,14.59,2.16,39.08,6.77,5.07,25.67,26.03,35.47,15.26,14.9,59.11,0.17,corn,seeding,0.0,7.82,0.52,9.0,13.72,9.86,Low,Air Quality,0.04
2025-03-18,North Valley,40.733,-73.995,17.79,60.71,17.59,8.28,2.7,41.93,6.47,5.03,18.22,30.83,25.07,13.08,16.85,52.81,0.18,wheat,seeding,8.33,14.02,0.0,2.87,14.6,12.28,Low,Air Quality,0.06
2025-03-18,River Bend,40.712,-74.02,12.22,78.73,22.05,3.95,2.85,35.43,6.0,5.07,29.58,33.27,29.2,12.11,14.04,62.84,0.2,wheat,seeding,9.31,7.15,0.0,8.52,16.02,14.41,Low,Air Quality,0.06
2025-03-18,South Fields,40.691,-74.01,13.58,49.97,3.11,6.61,2.26,39.29,6.72,4.89,24.18,26.65,41.26,7.84,15.62,69.92,0.23,corn,seeding,0.0,7.75,1.57,8.21,16.42,12.53,Low,Air Quality,0.04
2025-03-19,East Orchard,40.724,-73.965,5.86,65.26,17.1,17.98,2.3,49.96,6.37,5.23,20.1,31.96,26.27,7.16,14.24,64.06,0.15,rice,seeding,8.32,5.59,0.0,1.05,11.3,6.34,Low,Air Quality,0.03
2025-03-19,Hill Market,40.747,-73.985,18.81,73.35,21.64,14.46,2.19,41.91,6.41,4.83,30.34,39.83,36.22,4.05,15.71,75.84,0.17,rice,seeding,5.17,26.0,1.2,13.48,20.44,26.69,Low,Extreme Heat,0.08
2025-03-19,North Valley,40.733,-73.995,11.76,53.89,11.92,10.84,2.55,35.73,6.33,5.4,16.12,29.11,16.41,13.05,16.11,48.69,0.18,wheat,seeding,3.81,5.61,0.0,0.15,8.38,6.26,Low,Air Quality,0.02
2025-03-19,River Bend,40.712,-74.02,19.68,51.4,2.13,4.07,2.38,24.58,6.33,5.2,17.78,24.61,25.48,8.69,14.08,62.41,0.2,wheat,seeding,0.18,17.42,3.97,3.22,5.81,15.36,Low,Extreme Heat,0.05
2025-03-19,South Fields,40.691,-74.01,10.2,65.25,13.61,7.36,2.48,24.04,6.51,4.99,23.87,23.99,31.75,10.31,14.78,75.58,0.23,corn,seeding,9.18,2.12,0.07,7.4,4.56,4.3,Low,Flood,0.05
2025-03-20,East Orchard,40.724,-73.965,9.56,69.82,7.24,3.4,2.19,34.46,6.32,4.67,24.5,29.44,33.33,5.1,14.94,57.12,0.15,corn,seeding,4.11,5.19,3.68,24.07,12.64,22.26,Low,Acid Rain,0.08
2025-03-20,Hill Market,40.747,-73.985,13.26,55.96,10.15,6.64,2.01,35.24,6.74,4.72,21.51,35.12,41.17,7.41,16.3,81.81,0.17,corn,seeding,0.0,2.76,1.36,18.93,14.07,16.48,Low,Acid Rain,0.04
2025-03-20,North Valley,40.733,-73.995,17.07,62.29,8.46,1.76,2.05,40.4,6.41,5.37,14.25,37.36,29.57,6.5,16.31,56.74,0.18,wheat,seeding,8.68,10.95,0.0,0.57,3.87,9.75,Low,Extreme Heat,0.05
2025-03-20,River Bend,40.712,-74.02,7.68,54.8,4.84,8.45,2.42,26.25,6.04,4.93,15.54,44.35,36.16,9.15,17.08,79.43,0.2,soybean,seeding,2.92,0.0,0.0,7.91,7.11,8.44,Low,Acid Rain,0.02
2025-03-20,South Fields,40.691,-74.01,19.09,74.55,11.14,16.53,2.39,42.87,6.51,4.88,19.21,26.75,29.1,12.11,15.8,57.09,0.23,corn,seeding,0.0,21.99,0.35,4.35,10.56,18.31,Low,Extreme Heat,0.06
2025-03-21,East Orchard,40.724,-73.965,24.71,100.0,77.12,9.05,3.67,73.46,5.36,4.82,6.73,39.91,14.67,20.35,13.94,39.28,0.15,corn,seeding,96.18,66.35,0.0,54.27,1.41,86.98,Severe,Flood,0.61
2025-03-21,Hill Market,40.747,-73.985,18.94,51.7,9.41,4.29,2.13,52.11,6.68,4.27,26.12,27.1,22.15,11.79,15.26,64.05,0.17,corn,seeding,0.17,18.48,0.2,62.05,5.92,54.36,Moderate,Acid Rain,0.16
2025-03-21,North Valley,40.733,-73.995,14.26,66.42,10.46,10.35,2.49,34.65,6.28,5.5,15.79,50.35,35.12,6.39,11.7,51.38,0.18,wheat,seeding,5.34,10.62,0.06,1.65,9.85,11.3,Low,Extreme Heat,0.04
2025-03-21,River Bend,40.712,-74.02,14.86,63.58,12.82,5.81,2.42,44.35,6.41,5.54,23.66,22.73,22.57,6.99,13.62,45.16,0.2,wheat,seeding,7.91,12.56,1.33,0.0,6.78,17.65,Low,Extreme Heat,0.05
2025-03-21,South Fields,40.691,-74.01,17.25,51.44,3.1,25.17,2.35,22.65,6.61,4.95,32.98,24.06,30.05,8.46,13.62,62.68,0.23,soybean,seeding,0.33,11.57,3.4,3.14,14.43,13.36,Low,Air Quality,0.04
2025-03-22,East Orchard,40.724,-73.965,9.79,45.54,4.16,13.49,2.53,39.65,5.97,5.15,8.99,18.04,21.38,10.15,20.3,29.41,0.15,rice,seeding,0.0,6.76,0.0,5.8,7.27,9.49,Low,Air Quality,0.02
2025-03-22,Hill Market,40.747,-73.985,11.5,72.18,9.22,10.13,2.28,45.18,6.74,4.79,27.53,41.67,37.53,15.04,12.66,75.48,0.17,vegetable,seeding,0.0,2.1,0.0,16.77,16.96,16.65,Low,Air Quality,0.04
2025-03-22,North Valley,40.733,-73.995,17.23,66.39,11.66,10.87,2.3,36.76,6.02,4.9,17.11,30.88,32.64,7.75,18.91,47.2,0.18,wheat,seeding,0.0,15.6,3.68,12.63,9.38,12.8,Low,Extreme Heat,0.06
2025-03-22,River Bend,40.712,-74.02,16.98,74.74,0.95,16.33,2.52,29.64,6.35,5.07,35.38,36.05,26.16,6.94,10.21,43.05,0.2,rice,seeding,9.08,18.36,0.0,0.2,20.49,22.41,Low,Air Quality,0.06
2025-03-22,South Fields,40.691,-74.01,10.31,44.89,2.97,5.99,2.32,27.92,6.78,5.54,18.65,30.63,23.66,9.06,13.64,50.09,0.23,corn,seeding,0.0,0.77,0.67,4.99,3.13,5.4,Low,Acid Rain,0.01
2025-03-23,East Orchard,40.724,-73.965,10.59,65.56,8.79,18.42,2.11,43.94,5.89,5.63,13.31,11.09,15.37,0.0,14.45,28.25,0.15,corn,seeding,0.0,6.04,0.0,0.8,4.37,5.95,Low,Extreme Heat,0.02
2025-03-23,Hill Market,40.747,-73.985,14.46,50.17,7.7,5.77,1.96,26.15,6.48,4.98,27.27,21.32,38.36,13.68,14.19,74.71,0.17,corn,seeding,0.0,4.89,1.49,8.01,14.26,15.05,Low,Air Quality,0.03
2025-03-23,North Valley,40.733,-73.995,18.24,62.1,7.35,5.6,2.68,25.4,6.39,5.01,21.67,44.85,20.98,5.58,16.02,48.07,0.18,corn,seeding,1.25,21.02,5.3,5.89,5.37,23.0,Low,Extreme Heat,0.07
2025-03-23,River Bend,40.712,-74.02,13.65,57.95,13.12,5.04,2.8,48.14,6.16,4.5,13.51,34.83,26.03,10.46,11.67,55.72,0.2,wheat,seeding,5.0,3.3,0.0,45.46,5.97,39.24,Moderate,Acid Rain,0.1
2025-03-23,South Fields,40.691,-74.01,16.92,57.94,17.19,18.38,2.61,41.47,6.43,5.29,14.75,43.57,20.57,11.11,18.35,48.0,0.23,corn,seeding,4.87,11.89,0.0,0.0,12.61,14.73,Low,Air Quality,0.05
2025-03-24,East Orchard,40.724,-73.965,17.1,75.17,11.34,4.33,2.18,38.5,6.03,5.31,18.86,31.59,32.7,10.55,17.99,49.22,0.15,corn,seeding,0.0,14.09,0.0,0.0,7.84,16.08,Low,Extreme Heat,0.04
2025-03-24,Hill Market,40.747,-73.985,14.14,55.67,7.44,17.61,2.28,49.86,6.53,4.65,30.46,39.67,41.64,9.8,14.23,100.0,0.17,rice,seeding,0.0,7.66,4.87,26.5,28.5,21.54,Low,Air Quality,0.06
2025-03-24,North Valley,40.733,-73.995,16.46,62.57,10.77,6.07,2.41,38.81,6.26,5.73,7.98,28.02,24.18,6.65,18.38,60.21,0.18,wheat,seeding,2.37,14.42,1.99,0.0,0.31,11.93,Low,Extreme Heat,0.04
2025-03-24,River Bend,40.712,-74.02,23.77,64.48,18.31,10.29,3.15,43.26,6.1,4.76,31.54,37.75,28.42,15.04,13.85,69.83,0.2,wheat,seeding,7.2,47.37,5.1,20.8,19.04,41.88,Moderate,Extreme Heat,0.17
2025-03-24,South Fields,40.691,-74.01,11.93,87.97,60.11,22.22,3.53,60.77,5.62,4.53,13.08,39.66,42.6,12.24,10.69,71.56,0.23,corn,seeding,82.52,8.66,0.99,87.13,16.64,77.75,Severe,Acid Rain,0.48
2025-03-25,East Orchard,40.724,-73.965,13.21,79.32,10.01,18.56,2.22,27.08,6.18,5.98,20.43,41.51,18.18,12.52,15.09,42.66,0.15,corn,seeding,0.0,12.72,2.35,0.0,9.9,12.67,Low,Extreme Heat,0.03
2025-03-25,Hill Market,40.747,-73.985,17.21,73.81,2.15,3.94,1.9,24.84,6.35,4.56,30.65,23.74,39.6,4.6,13.23,90.64,0.17,corn,seeding,3.7,12.38,0.0,32.06,20.25,31.42,Low,Acid Rain,0.1
2025-03-25,North Valley,40.733,-73.995,17.29,83.29,17.47,8.98,2.18,40.22,6.4,4.79,21.12,24.43,27.64,13.97,16.35,45.92,0.18,wheat,seeding,0.0,18.23,0.76,16.89,6.83,16.05,Low,Extreme Heat,0.07
2025-03-25,River Bend,40.712,-74.02,13.75,55.21,4.27,17.75,2.63,20.12,6.39,5.17,24.09,28.61,30.43,5.81,17.2,62.83,0.2,wheat,seeding,1.98,11.61,0.0,3.22,11.77,11.54,Low,Air Quality,0.04
2025-03-25,South Fields,40.691,-74.01,16.76,76.57,22.05,12.16,2.73,35.9,6.28,5.04,30.3,36.26,32.9,12.32,14.41,77.99,0.23,corn,seeding,7.79,24.96,0.0,7.23,19.2,21.16,Low,Extreme Heat,0.1
2025-03-26,East Orchard,40.724,-73.965,14.54,62.68,7.89,13.42,1.9,39.91,6.02,5.42,19.52,35.64,28.36,14.99,13.92,74.78,0.15,corn,seeding,0.87,7.3,3.99,0.0,5.65,7.38,Low,Extreme Heat,0.03
2025-03-26,Hill Market,40.747,-73.985,16.21,46.68,7.9,18.91,1.64,44.36,6.67,4.83,20.98,25.04,38.31,14.79,13.33,99.37,0.17,rice,seeding,0.0,3.53,0.01,9.75,10.33,10.33,Low,Air Quality,0.02
2025-03-26,North Valley,40.733,-73.995,10.31,58.77,9.82,5.77,2.12,26.05,6.15,5.69,19.49,32.78,21.84,7.79,12.2,37.26,0.18,wheat,seeding,1.11,5.18,1.25,0.07,1.65,3.53,Low,Extreme Heat,0.02
2025-03-26,River Bend,40.712,-74.02,14.5,75.53,1.69,8.73,2.0,33.99,6.62,5.19,26.89,32.61,30.35,7.59,12.61,72.96,0.2,corn,seeding,0.0,10.3,0.0,0.0,15.35,15.59,Low,Air Quality,0.03
2025-03-26,South Fields,40.691,-74.01,6.88,63.62,2.7,4.81,1.87,33.0,6.63,5.41,7.67,19.87,31.42,11.81,14.58,86.75,0.23,soybean,seeding,3.37,4.47,0.0,0.47,2.7,5.87,Low,Extreme Heat,0.02
2025-03-27,East Orchard,40.724,-73.965,15.35,66.28,13.32,4.78,2.12,52.23,6.44,5.23,6.4,28.26,19.91,10.65,16.45,38.64,0.15,corn,seeding,0.0,12.36,0.0,2.37,0.0,8.41,Low,Extreme Heat,0.04
2025-03-27,Hill Market,40.747,-73.985,19.29,70.85,1.19,18.7,1.98,42.84,6.56,4.85,36.85,43.73,30.32,1.61,11.38,68.81,0.17,corn,seeding,0.0,26.58,1.02,7.22,29.54,26.02,Low,Air Quality,0.08
2025-03-27,North Valley,40.733,-73.995,19.91,65.41,11.41,18.26,2.13,30.33,6.47,5.27,12.49,40.06,27.64,7.04,17.14,57.76,0.18,wheat,seeding,0.0,27.96,4.62,0.0,3.1,24.41,Low,Extreme Heat,0.07
2025-03-27,River Bend,40.712,-74.02,12.12,64.13,7.2,6.67,1.73,47.81,6.23,4.78,30.04,39.32,45.23,6.86,15.88,74.01,0.2,vegetable,seeding,0.38,7.04,5.78,19.7,26.73,24.51,Low,Air Quality,0.07
2025-03-27,South Fields,40.691,-74.01,7.26,44.36,7.54,7.46,1.96,34.14,6.37,5.48,18.12,37.75,32.47,9.35,12.1,84.43,0.23,corn,seeding,0.0,1.71,5.48,2.84,8.31,9.53,Low,Air Quality,0.02
2025-03-28,East Orchard,40.724,-73.965,14.83,52.57,2.49,5.87,1.84,26.97,6.18,5.65,17.53,42.27,21.22,9.67,14.13,56.87,0.15,corn,seeding,0.0,1.08,0.3,0.0,11.4,12.3,Low,Air Quality,0.0
2025-03-28,Hill Market,40.747,-73.985,9.27,67.18,7.65,13.99,1.77,49.75,6.65,4.66,19.94,40.01,38.15,4.62,18.14,85.7,0.17,corn,seeding,0.0,1.77,0.0,19.29,13.29,14.39,Low,Acid Rain,0.04
2025-03-28,North Valley,40.733,-73.995,12.08,62.54,8.9,22.83,1.9,31.79,6.43,5.1,11.32,33.28,28.7,11.13,16.13,53.64,0.18,vegetable,seeding,3.82,5.23,0.0,1.02,5.8,3.54,Low,Air Quality,0.03
2025-03-28,River Bend,40.712,-74.02,21.78,49.9,5.02,5.99,2.31,31.78,6.28,4.89,21.21,40.95,30.67,7.19,15.95,70.93,0.2,vegetable,seeding,3.25,32.62,5.18,5.33,4.36,23.07,Low,Extreme Heat,0.12
2025-03-28,South Fields,40.691,-74.01,15.31,70.54,17.53,22.44,2.14,53.95,6.54,5.14,20.88,22.31,24.37,6.84,14.4,37.55,0.23,corn,seeding,0.0,10.46,1.39,2.54,3.43,10.18,Low,Extreme Heat,0.03
2025-03-29,East Orchard,40.724,-73.965,16.54,51.36,11.77,6.47,1.8,34.45,5.89,5.49,15.37,19.96,21.43,2.43,18.46,38.85,0.15,corn,seeding,0.0,10.88,5.8,3.91,4.69,8.44,Low,Extreme Heat,0.04
2025-03-29,Hill Market,40.747,-73.985,19.76,81.06,6.1,9.08,1.73,23.96,6.5,4.97,30.52,36.46,33.92,10.47,14.41,73.06,0.17,wheat,seeding,0.0,30.32,3.52,3.52,17.44,26.98,Low,Extreme Heat,0.08
2025-03-29,North Valley,40.733,-73.995,12.06,61.36,13.24,12.76,1.86,36.52,6.44,5.43,14.43,39.31,17.42,7.3,16.4,38.38,0.18,wheat,seeding,5.24,1.61,1.52,0.67,0.0,2.28,Low,Flood,0.02
2025-03-29,River Bend,40.712,-74.02,12.86,50.58,5.87,18.77,1.91,35.5,6.12,4.89,21.05,31.0,34.56,6.06,13.96,41.73,0.2,wheat,seeding,5.1,11.03,0.0,9.46,3.06,9.22,Low,Extreme Heat,0.06
2025-03-29,South Fields,40.691,-74.01,11.62,36.0,13.61,19.38,1.8,39.27,6.26,4.96,20.26,21.15,30.93,10.48,15.31,64.2,0.23,wheat,seeding,4.12,7.8,0.0,8.62,5.65,6.74,Low,Acid Rain,0.04
2025-03-30,East Orchard,40.724,-73.965,12.32,65.47,9.98,8.89,1.82,37.16,6.4,5.3,22.86,22.44,28.93,11.1,14.47,54.82,0.15,corn,seeding,0.33,2.82,0.0,0.0,4.27,6.01,Low,Air Quality,0.01
2025-03-30,Hill Market,40.747,-73.985,11.46,70.16,27.4,13.1,1.91,51.16,6.07,5.0,21.81,45.61,37.05,6.42,13.26,79.88,0.17,corn,seeding,6.76,3.46,0.0,20.37,16.06,14.53,Low,Acid Rain,0.07
2025-03-30,North Valley,40.733,-73.995,16.52,65.83,11.91,14.15,2.44,45.85,5.96,5.03,11.55,38.72,26.31,8.54,14.36,46.58,0.18,rice,seeding,8.33,14.08,0.0,0.76,6.19,12.05,Low,Extreme Heat,0.05
2025-03-30,River Bend,40.712,-74.02,16.47,54.97,4.74,7.49,1.99,36.35,6.24,5.17,24.89,27.99,28.2,7.09,14.81,72.87,0.2,wheat,seeding,2.71,8.31,0.0,4.3,13.06,10.94,Low,Air Quality,0.03
2025-03-30,South Fields,40.691,-74.01,19.69,42.54,18.75,30.62,2.58,46.69,6.44,5.16,37.29,38.35,22.91,9.69,15.07,56.12,0.23,rice,seeding,0.04,19.96,1.2,0.0,20.91,20.42,Low,Air Quality,0.04
2025-03-31,East Orchard,40.724,-73.965,9.28,50.39,4.24,19.79,1.99,33.1,6.57,5.81,11.74,37.65,27.46,6.0,10.75,54.84,0.15,corn,seeding,0.0,0.0,0.0,3.56,8.97,9.44,Low,Air Quality,0.01
2025-03-31,Hill Market,40.747,-73.985,13.52,58.68,7.75,14.8,1.61,29.76,6.64,5.0,31.13,33.91,29.62,7.28,15.34,64.9,0.17,wheat,seeding,4.37,11.15,0.0,5.06,18.89,14.8,Low,Air Quality,0.05
2025-03-31,North Valley,40.733,-73.995,13.88,48.05,7.87,35.96,1.96,59.69,6.35,5.22,19.45,10.55,12.71,5.27,17.51,32.33,0.18,soybean,seeding,7.61,7.8,0.61,0.0,4.65,10.41,Low,Extreme Heat,0.04
2025-03-31,River Bend,40.712,-74.02,12.78,44.21,7.18,13.78,2.7,26.63,5.99,4.97,29.03,16.72,26.31,12.94,15.28,47.56,0.2,vegetable,seeding,2.95,0.0,0.0,11.16,9.76,12.52,Low,Acid Rain,0.03
2025-03-31,South Fields,40.691,-74.01,12.12,63.89,14.65,9.48,2.34,38.53,6.51,4.92,13.13,28.98,17.48,8.8,13.62,40.8,0.23,corn,seeding,2.52,11.12,2.36,2.31,2.23,11.31,Low,Extreme Heat,0.04
2025-04-01,East Orchard,40.724,-73.965,12.46,37.82,10.44,16.27,1.56,38.77,6.1,5.52,4.64,45.03,25.31,4.83,12.78,62.66,0.15,wheat,seeding,2.2,5.63,0.23,3.64,10.98,12.32,Low,Air Quality,0.03
2025-04-01,Hill Market,40.747,-73.985,13.08,59.31,5.45,10.67,1.9,31.96,6.42,4.51,28.06,40.43,37.91,9.87,15.33,80.87,0.17,corn,seeding,0.0,7.73,0.0,41.92,17.61,31.49,Low,Acid Rain,0.1
2025-04-01,North Valley,40.733,-73.995,16.62,51.45,10.56,10.88,1.82,17.24,6.62,4.8,18.42,42.53,25.33,8.15,14.79,52.8,0.18,soybean,seeding,2.44,15.15,0.0,10.54,3.17,9.52,Low,Extreme Heat,0.06
2025-04-01,River Bend,40.712,-74.02,21.44,52.55,8.7,11.87,2.06,34.51,6.34,4.78,20.85,40.94,34.87,2.9,15.25,54.38,0.2,wheat,seeding,2.9,26.84,0.0,15.18,9.96,25.64,Low,Extreme Heat,0.09
2025-04-01,South Fields,40.691,-74.01,13.07,62.68,2.12,13.08,2.09,41.48,6.67,5.23,34.27,27.31,38.86,7.89,17.45,82.97,0.23,corn,seeding,6.28,2.54,0.99,6.67,19.87,18.23,Low,Air Quality,0.04
2025-04-02,East Orchard,40.724,-73.965,13.91,59.39,4.01,9.73,1.64,31.91,6.26,5.63,5.92,38.33,28.96,13.81,15.79,53.19,0.15,corn,seeding,0.0,4.4,2.37,1.07,2.11,2.91,Low,Extreme Heat,0.02
2025-04-02,Hill Market,40.747,-73.985,17.89,53.56,7.99,9.64,1.54,39.77,6.68,4.9,37.57,39.86,33.72,7.37,14.84,83.25,0.17,rice,seeding,0.57,15.08,0.0,6.19,27.59,22.77,Low,Air Quality,0.04
2025-04-02,North Valley,40.733,-73.995,25.69,63.71,9.29,8.15,2.09,37.75,6.65,5.47,16.68,30.83,27.22,15.02,13.06,65.88,0.18,corn,seeding,0.0,60.3,0.0,0.25,0.0,51.54,Moderate,Extreme Heat,0.15
2025-04-02,River Bend,40.712,-74.02,16.5,59.08,5.89,4.92,2.15,47.7,6.21,5.0,24.13,25.07,32.61,11.42,13.37,71.48,0.2,soybean,seeding,0.0,4.63,2.31,7.94,12.3,14.13,Low,Air Quality,0.03
2025-04-02,South Fields,40.691,-74.01,20.2,55.18,5.37,4.73,1.91,28.31,6.36,4.98,30.46,37.47,29.25,10.32,16.41,67.56,0.23,rice,seeding,2.65,27.75,3.97,5.64,15.34,23.32,Low,Extreme Heat,0.07
2025-04-03,East Orchard,40.724,-73.965,14.62,61.86,10.78,9.36,1.94,49.83,6.16,5.51,10.0,30.99,31.87,2.82,17.26,62.32,0.15,corn,seeding,12.42,5.35,1.48,1.84,5.5,14.11,Low,Flood,0.06
2025-04-03,Hill Market,40.747,-73.985,15.56,83.06,7.27,8.15,1.47,25.68,6.51,4.38,22.06,36.62,40.48,12.03,13.98,88.23,0.17,corn,seeding,2.54,12.51,4.63,59.21,16.78,52.15,Moderate,Acid Rain,0.16
2025-04-03,North Valley,40.733,-73.995,19.86,65.31,5.16,7.2,2.0,17.14,6.29,5.82,12.55,32.66,23.78,6.16,14.68,37.89,0.18,soybean,seeding,0.0,26.15,2.31,0.0,0.51,21.78,Low,Extreme Heat,0.06
2025-04-03,River Bend,40.712,-74.02,13.14,91.03,14.7,16.94,2.65,50.92,6.38,4.66,32.26,18.97,28.1,9.81,11.67,65.19,0.2,vegetable,seeding,8.85,8.19,0.89,30.52,13.04,30.84,Low,Acid Rain,0.12
2025-04-03,South Fields,40.691,-74.01,19.19,41.25,1.35,11.32,2.14,11.01,6.58,5.19,30.93,37.33,32.87,6.74,16.35,78.72,0.23,corn,seeding,1.36,17.34,0.0,2.84,17.14,21.25,Low,Extreme Heat,0.05
2025-04-04,East Orchard,40.724,-73.965,16.58,59.04,4.79,8.24,1.78,24.93,6.36,5.35,15.25,33.11,29.13,4.13,16.26,61.74,0.15,corn,seeding,0.0,12.81,1.2,2.32,14.8,15.47,Low,Air Quality,0.04
2025-04-04,Hill Market,40.747,-73.985,19.91,57.17,5.25,16.37,2.14,24.3,6.76,4.95,32.7,27.35,39.04,10.57,11.71,80.96,0.17,corn,seeding,4.01,21.48,0.0,1.58,19.81,17.57,Low,Extreme Heat,0.07
2025-04-04,North Valley,40.733,-73.995,19.18,47.94,9.47,8.48,1.89,31.39,6.23,4.86,5.25,25.09,29.2,2.7,17.15,38.71,0.18,rice,seeding,0.0,17.53,0.0,6.72,3.31,16.31,Low,Extreme Heat,0.04
2025-04-04,River Bend,40.712,-74.02,26.74,70.98,8.66,9.73,2.36,50.74,6.39,5.03,19.13,25.13,40.72,9.46,15.82,73.67,0.2,wheat,seeding,0.8,68.14,0.45,9.18,10.15,59.65,High,Extreme Heat,0.17
2025-04-04,South Fields,40.691,-74.01,12.66,36.15,9.26,5.45,2.08,34.44,6.72,4.85,21.59,31.34,24.63,5.03,13.92,46.57,0.23,wheat,seeding,0.0,9.43,1.0,1.94,7.25,7.03,Low,Extreme Heat,0.02
2025-04-05,East Orchard,40.724,-73.965,17.46,58.33,2.92,7.22,2.3,37.76,6.42,5.71,1.37,34.46,27.2,1.69,11.9,34.7,0.15,corn,seeding,2.12,13.4,1.26,3.13,0.19,12.98,Low,Extreme Heat,0.05
2025-04-05,Hill Market,40.747,-73.985,17.24,55.47,1.43,7.16,1.84,16.21,6.57,4.65,17.36,35.61,34.83,8.29,14.34,71.88,0.17,vegetable,seeding,0.0,10.25,5.1,23.34,4.88,20.2,Low,Acid Rain,0.08
2025-04-05,North Valley,40.733,-73.995,20.67,56.43,6.89,16.53,2.15,39.97,6.32,5.29,16.34,48.11,20.63,5.86,16.29,42.82,0.18,wheat,seeding,3.68,31.92,0.63,2.92,12.61,30.8,Low,Extreme Heat,0.09
2025-04-05,River Bend,40.712,-74.02,18.0,51.85,1.91,14.12,2.68,24.65,6.22,5.21,30.12,30.46,21.38,4.48,9.58,49.81,0.2,vegetable,seeding,0.0,16.16,2.87,1.83,7.67,11.85,Low,Extreme Heat,0.05
2025-04-05,South Fields,40.691,-74.01,17.22,53.6,2.52,7.49,1.99,25.32,6.51,4.78,19.76,21.84,22.79,7.04,16.3,51.47,0.23,corn,seeding,0.0,9.58,0.0,12.35,2.28,12.53,Low,Acid Rain,0.05
2025-04-06,East Orchard,40.724,-73.965,18.23,82.26,54.42,33.61,3.29,83.86,5.15,5.0,7.05,16.82,13.97,14.65,14.06,12.69,0.15,corn,seeding,76.99,17.74,0.0,21.77,9.07,68.6,High,Flood,0.36
2025-04-06,Hill Market,40.747,-73.985,16.54,76.13,5.71,18.01,1.8,28.9,6.71,4.87,21.66,32.62,31.06,10.72,19.94,59.74,0.17,corn,seeding,0.0,13.22,0.0,11.62,12.42,9.51,Low,Extreme Heat,0.06
2025-04-06,North Valley,40.733,-73.995,22.61,55.22,4.67,11.23,1.97,39.71,6.39,5.44,12.02,25.22,22.59,7.0,14.25,32.38,0.18,rice,seeding,1.52,34.81,0.0,0.0,4.93,32.47,Low,Extreme Heat,0.07
2025-04-06,River Bend,40.712,-74.02,22.99,45.2,3.61,7.87,2.04,43.59,6.53,5.32,13.38,48.89,31.1,7.85,15.15,67.54,0.2,wheat,seeding,4.31,31.9,1.5,0.0,7.41,27.93,Low,Extreme Heat,0.08
2025-04-06,South Fields,40.691,-74.01,18.38,79.47,10.93,18.59,1.9,29.55,6.75,5.35,18.86,28.13,22.13,3.52,14.85,40.67,0.23,vegetable,seeding,4.62,26.96,1.14,0.0,4.96,20.99,Low,Extreme Heat,0.09
2025-04-07,East Orchard,40.724,-73.965,15.92,32.45,5.8,20.26,1.57,41.79,6.34,5.79,5.76,25.18,27.32,5.55,15.64,43.84,0.15,corn,seeding,2.18,5.95,2.86,0.26,3.47,5.75,Low,Extreme Heat,0.03
2025-04-07,Hill Market,40.747,-73.985,14.83,67.48,4.94,13.38,1.76,18.36,6.37,4.93,15.98,42.91,21.12,5.85,16.26,57.47,0.17,corn,seeding,6.11,13.21,0.0,3.93,9.35,15.03,Low,Extreme Heat,0.06
2025-04-07,North Valley,40.733,-73.995,19.01,76.31,16.79,15.33,2.22,45.36,6.13,5.07,20.12,14.45,42.93,9.84,15.56,55.19,0.18,wheat,seeding,7.45,26.01,1.34,14.08,6.25,22.51,Low,Extreme Heat,0.1
2025-04-07,River Bend,40.712,-74.02,22.46,45.5,5.02,15.4,2.29,33.6,6.02,5.48,16.89,9.63,26.41,10.99,14.18,56.26,0.2,corn,seeding,2.17,23.76,0.0,1.9,0.96,21.36,Low,Extreme Heat,0.07
2025-04-07,South Fields,40.691,-74.01,20.19,67.06,12.61,15.58,2.23,37.0,6.67,4.53,19.87,37.16,17.87,9.66,15.61,43.09,0.23,corn,seeding,0.0,22.93,0.0,24.26,5.3,24.2,Low,Acid Rain,0.1
2025-04-08,East Orchard,40.724,-73.965,14.64,39.55,3.23,44.02,1.6,29.28,6.14,5.45,17.35,38.85,36.95,11.28,16.92,63.87,0.15,corn,seeding,0.0,3.82,0.97,4.41,4.18,6.39,Low,Acid Rain,0.02
2025-04-08,Hill Market,40.747,-73.985,15.23,60.02,3.95,20.42,1.71,28.2,6.58,5.39,30.6,39.8,38.49,8.43,15.27,79.67,0.17,corn,seeding,7.07,4.65,0.0,5.04,22.16,16.78,Low,Air Quality,0.05
2025-04-08,North Valley,40.733,-73.995,31.15,88.86,69.76,18.42,3.29,57.38,5.75,4.52,26.0,49.83,29.48,18.57,9.38,46.79,0.18,vegetable,seeding,86.19,90.79,0.0,80.87,13.04,87.33,Severe,Extreme Heat,0.76
2025-04-08,River Bend,40.712,-74.02,20.18,67.42,9.76,10.78,2.66,37.76,6.05,5.15,32.43,40.3,35.81,5.99,14.46,78.76,0.2,wheat,seeding,2.68,27.54,2.23,2.45,22.72,28.51,Low,Extreme Heat,0.08
2025-04-08,South Fields,40.691,-74.01,19.62,64.12,5.65,5.27,1.99,42.69,6.82,5.14,30.4,33.37,30.82,6.16,13.34,62.75,0.23,rice,seeding,0.0,25.69,1.58,7.37,14.76,22.7,Low,Extreme Heat,0.06
2025-04-09,East Orchard,40.724,-73.965,18.99,64.29,4.11,10.32,1.97,29.58,6.19,5.23,12.17,35.12,30.97,6.95,14.4,47.14,0.15,wheat,seeding,0.0,26.14,2.19,1.33,7.43,22.69,Low,Extreme Heat,0.06
2025-04-09,Hill Market,40.747,-73.985,17.42,60.55,7.53,16.98,1.64,39.54,6.57,4.86,22.92,27.9,35.78,14.17,16.03,82.96,0.17,corn,seeding,0.0,11.09,0.0,11.36,8.69,11.31,Low,Acid Rain,0.05
2025-04-09,North Valley,40.733,-73.995,19.82,49.31,6.67,10.65,2.03,54.01,6.19,5.69,24.76,41.65,27.24,4.65,13.96,52.0,0.18,wheat,seeding,0.0,20.54,3.44,0.0,13.97,16.86,Low,Extreme Heat,0.05
2025-04-09,River Bend,40.712,-74.02,24.89,60.25,5.01,13.79,2.3,40.96,6.41,5.4,25.42,41.26,36.29,10.89,18.09,64.71,0.2,wheat,seeding,4.69,54.04,0.0,0.0,17.3,50.13,Moderate,Extreme Heat,0.13
2025-04-09,South Fields,40.691,-74.01,15.22,75.9,34.95,7.42,2.62,52.8,6.14,4.63,27.27,32.16,32.01,12.05,12.88,73.02,0.23,corn,seeding,24.62,8.07,2.01,49.49,10.85,40.08,Moderate,Acid Rain,0.2
2025-04-10,East Orchard,40.724,-73.965,10.61,51.63,0.76,12.16,1.62,32.44,6.33,5.82,21.33,29.14,14.3,4.88,13.9,46.21,0.15,corn,seeding,3.92,1.17,0.0,2.17,8.82,6.26,Low,Air Quality,0.02
2025-04-10,Hill Market,40.747,-73.985,25.11,94.96,15.26,7.56,2.2,16.34,6.55,5.29,27.05,48.54,43.64,16.66,15.65,83.28,0.17,corn,seeding,0.0,74.45,0.67,0.19,27.55,64.84,High,Extreme Heat,0.19
2025-04-10,North Valley,40.733,-73.995,18.9,40.73,5.86,7.92,1.81,31.99,6.2,5.26,27.98,25.46,31.28,8.39,18.17,61.7,0.18,soybean,seeding,0.14,15.93,0.0,0.0,12.16,13.07,Low,Extreme Heat,0.04
2025-04-10,River Bend,40.712,-74.02,14.37,51.34,6.63,19.82,2.39,30.27,6.11,4.97,25.06,21.69,25.88,10.06,11.92,54.08,0.2,wheat,seeding,3.75,8.15,0.92,8.89,9.05,7.08,Low,Air Quality,0.05
2025-04-10,South Fields,40.691,-74.01,16.94,62.04,14.95,26.57,2.57,38.5,6.29,4.98,15.57,34.56,26.04,2.63,14.28,44.78,0.23,corn,seeding,3.74,11.16,0.0,6.7,2.56,8.09,Low,Extreme Heat,0.05
2025-04-11,East Orchard,40.724,-73.965,11.17,65.47,21.88,8.93,2.58,46.52,5.87,5.25,14.1,19.6,35.66,8.32,12.16,56.17,0.15,rice,seeding,6.83,0.0,0.82,0.95,8.21,8.57,Low,Air Quality,0.02
2025-04-11,Hill Market,40.747,-73.985,17.74,67.73,4.42,5.87,1.67,49.97,6.6,4.11,21.78,34.08,29.15,5.89,16.22,60.01,0.17,corn,seeding,0.0,17.52,0.0,76.62,10.89,69.71,High,Acid Rain,0.19
2025-04-11,North Valley,40.733,-73.995,17.57,57.15,4.32,11.73,2.02,29.2,6.49,5.19,17.13,40.93,29.16,8.39,16.54,46.56,0.18,wheat,seeding,8.14,15.36,1.1,0.84,9.33,12.0,Low,Extreme Heat,0.06
2025-04-11,River Bend,40.712,-74.02,8.09,55.47,9.86,10.32,2.0,50.13,6.56,4.98,15.83,37.67,14.65,6.26,17.62,24.04,0.2,wheat,seeding,3.43,0.0,0.0,0.44,3.49,3.37,Low,Air Quality,0.01
2025-04-11,South Fields,40.691,-74.01,26.54,39.08,2.6,13.03,2.33,45.24,6.93,5.6,27.75,34.58,29.93,5.47,16.23,62.31,0.23,soybean,seeding,0.0,58.48,0.0,0.0,13.8,51.78,Moderate,Extreme Heat,0.14
2025-04-12,East Orchard,40.724,-73.965,23.97,62.72,17.34,15.8,2.73,61.1,5.83,5.31,8.84,28.72,26.75,4.7,12.62,49.26,0.15,corn,seeding,11.36,37.84,4.2,0.0,5.79,30.27,Low,Extreme Heat,0.14
2025-04-12,Hill Market,40.747,-73.985,19.15,61.77,19.32,22.06,2.68,53.73,6.52,4.97,26.62,45.89,32.98,10.81,12.53,66.2,0.17,corn,seeding,1.7,22.15,0.0,13.74,12.66,19.5,Low,Extreme Heat,0.09
2025-04-12,North Valley,40.733,-73.995,21.63,37.51,12.05,17.47,2.31,31.8,6.58,5.26,1.21,29.05,26.82,6.68,16.92,46.56,0.18,wheat,seeding,4.82,29.1,0.0,0.0,3.36,27.84,Low,Extreme Heat,0.08
2025-04-12,River Bend,40.712,-74.02,12.29,54.46,8.65,21.18,2.6,36.65,6.33,5.04,15.96,34.96,31.29,12.55,14.33,71.01,0.2,wheat,seeding,0.0,3.66,0.0,9.01,8.36,7.34,Low,Acid Rain,0.02
2025-04-12,South Fields,40.691,-74.01,18.32,43.96,10.26,9.91,2.27,42.86,6.54,5.57,9.86,34.18,31.52,6.56,11.4,55.54,0.23,vegetable,seeding,0.0,15.24,0.0,0.0,4.02,13.17,Low,Extreme Heat,0.04
2025-04-13,East Orchard,40.724,-73.965,19.88,82.52,24.22,10.91,2.15,38.34,5.82,5.27,22.37,21.89,23.55,8.15,14.74,48.46,0.15,corn,seeding,6.63,32.66,3.86,3.45,13.38,29.71,Low,Extreme Heat,0.12
2025-04-13,Hill Market,40.747,-73.985,19.49,53.47,3.67,4.99,1.72,43.92,6.49,5.16,27.35,47.73,35.6,7.42,14.46,64.85,0.17,wheat,seeding,2.01,23.42,0.08,1.16,19.97,23.06,Low,Extreme Heat,0.06
2025-04-13,North Valley,40.733,-73.995,17.13,79.14,14.22,13.81,2.3,33.66,6.16,5.06,1.0,23.88,22.17,5.96,14.2,15.75,0.18,wheat,seeding,4.25,18.51,0.0,2.77,0.0,12.85,Low,Extreme Heat,0.06
2025-04-13,River Bend,40.712,-74.02,21.79,62.88,10.5,11.17,2.76,55.98,5.99,5.31,16.21,24.06,23.22,8.09,16.09,62.2,0.2,wheat,seeding,2.02,26.51,0.0,1.82,5.18,29.68,Low,Extreme Heat,0.07
2025-04-13,South Fields,40.691,-74.01,21.45,61.13,9.53,35.15,2.19,43.75,6.95,5.12,23.39,37.17,21.69,9.54,10.98,62.86,0.23,corn,seeding,2.75,35.81,0.0,8.91,10.09,30.99,Low,Extreme Heat,0.12
2025-04-14,East Orchard,40.724,-73.965,22.03,73.42,17.53,6.38,2.06,36.18,5.92,5.12,2.31,18.6,31.96,12.86,16.88,57.88,0.15,corn,seeding,7.4,34.69,0.0,10.03,4.04,32.45,Low,Extreme Heat,0.13
2025-04-14,Hill Market,40.747,-73.985,23.55,71.54,38.79,6.84,2.54,65.51,5.93,4.28,19.46,52.78,39.66,16.94,11.82,86.49,0.17,wheat,seeding,21.76,55.47,0.0,93.01,16.79,81.45,Severe,Acid Rain,0.34
2025-04-14,North Valley,40.733,-73.995,23.5,39.04,3.02,19.79,2.18,25.14,6.42,5.28,22.08,37.81,20.33,5.13,14.9,35.13,0.18,soybean,seeding,2.97,36.5,0.12,0.43,11.62,34.74,Low,Extreme Heat,0.1
2025-04-14,River Bend,40.712,-74.02,19.09,57.02,7.85,8.19,2.48,25.29,6.47,4.93,17.2,34.97,24.85,4.76,13.71,51.65,0.2,wheat,seeding,0.0,19.38,1.43,6.44,9.24,16.52,Low,Extreme Heat,0.05
2025-04-14,South Fields,40.691,-74.01,18.84,63.48,7.59,19.14,1.97,38.94,6.6,5.23,30.52,24.33,33.0,5.38,14.32,55.96,0.23,corn,seeding,1.69,21.39,1.64,4.31,10.5,22.21,Low,Extreme Heat,0.07
2025-04-15,East Orchard,40.724,-73.965,19.59,66.7,5.43,15.17,1.82,37.64,6.38,5.35,21.78,29.86,28.32,7.49,14.16,57.29,0.15,corn,seeding,0.0,23.62,0.0,2.63,8.67,23.77,Low,Extreme Heat,0.06
2025-04-15,Hill Market,40.747,-73.985,18.21,54.51,12.92,6.85,1.86,30.19,6.79,4.25,21.88,26.58,50.7,8.42,15.08,92.58,0.17,vegetable,seeding,2.71,16.18,5.24,76.45,16.42,67.58,High,Acid Rain,0.22
2025-04-15,North Valley,40.733,-73.995,22.25,54.55,4.45,10.51,2.17,30.28,6.51,5.16,5.11,48.09,28.07,2.8,17.47,49.69,0.18,corn,seeding,0.0,37.58,0.0,0.0,5.94,32.16,Low,Extreme Heat,0.09
2025-04-15,River Bend,40.712,-74.02,14.71,45.27,23.58,8.13,2.87,39.69,5.96,4.72,20.94,31.61,31.94,5.16,14.04,65.56,0.2,rice,seeding,16.58,5.84,0.0,29.53,10.01,26.71,Low,Acid Rain,0.1
2025-04-15,South Fields,40.691,-74.01,20.8,73.23,4.41,13.1,2.5,14.42,6.66,5.35,24.2,27.79,27.52,6.44,14.73,52.57,0.23,corn,seeding,0.0,37.24,3.4,3.84,7.19,34.67,Low,Extreme Heat,0.1
2025-04-16,East Orchard,40.724,-73.965,9.31,64.92,14.03,10.76,2.06,19.58,5.79,5.44,11.55,23.27,21.09,12.3,13.23,44.15,0.15,corn,seeding,0.0,1.45,2.26,2.64,5.59,2.96,Low,Air Quality,0.01
2025-04-16,Hill Market,40.747,-73.985,23.03,81.8,75.47,15.9,3.0,61.31,5.78,3.94,15.43,26.41,33.34,20.22,12.52,76.44,0.17,vegetable,seeding,95.97,49.26,2.1,97.54,5.1,89.48,Severe,Acid Rain,0.72
2025-04-16,North Valley,40.733,-73.995,21.01,50.59,9.5,16.59,2.44,34.31,6.37,5.4,11.75,38.78,28.4,1.94,13.24,40.0,0.18,wheat,seeding,4.54,30.74,0.0,0.0,3.77,27.84,Low,Extreme Heat,0.08
2025-04-16,River Bend,40.712,-74.02,19.24,82.02,5.84,13.6,2.55,49.24,6.18,4.83,17.48,40.59,29.71,10.65,11.62,56.16,0.2,wheat,seeding,4.39,30.87,4.38,8.08,7.47,29.53,Low,Extreme Heat,0.1
2025-04-16,South Fields,40.691,-74.01,19.48,24.87,7.2,4.23,2.19,26.28,6.27,4.87,20.39,37.76,34.2,2.57,15.23,50.75,0.23,wheat,seeding,1.83,12.48,4.12,5.67,11.94,9.2,Low,Extreme Heat,0.05
2025-04-17,East Orchard,40.724,-73.965,22.45,42.83,10.01,19.65,2.29,53.55,5.87,5.41,14.01,29.65,19.1,9.56,11.01,51.61,0.15,corn,seeding,6.05,28.15,0.0,0.0,5.39,24.12,Low,Extreme Heat,0.09
2025-04-17,Hill Market,40.747,-73.985,16.04,64.58,22.16,2.68,2.6,61.11,6.37,4.91,28.63,31.37,41.53,11.72,14.04,77.72,0.17,corn,seeding,9.79,7.94,0.0,17.12,21.87,19.71,Low,Air Quality,0.09
2025-04-17,North Valley,40.733,-73.995,18.75,41.52,11.03,14.71,2.16,29.42,6.1,5.3,19.05,32.19,26.36,13.4,11.54,56.54,0.18,rice,seeding,7.3,18.51,0.36,4.46,11.86,15.44,Low,Extreme Heat,0.06
2025-04-17,River Bend,40.712,-74.02,22.76,75.34,17.39,8.98,2.87,37.61,5.85,5.05,21.99,37.12,38.29,11.53,13.25,79.99,0.2,wheat,seeding,3.04,41.01,0.0,2.67,14.79,33.08,Low,Extreme Heat,0.1
2025-04-17,South Fields,40.691,-74.01,16.26,100.0,74.99,17.43,3.23,96.79,5.85,3.81,27.49,43.64,34.2,17.99,9.24,75.58,0.23,corn,seeding,94.83,23.24,1.0,93.73,14.62,87.04,Severe,Flood,0.57
2025-04-18,East Orchard,40.724,-73.965,15.72,69.89,14.8,5.9,2.69,25.5,6.16,5.51,10.64,22.11,25.57,9.08,13.98,33.76,0.15,corn,seeding,0.0,5.19,1.02,0.34,2.01,2.63,Low,Extreme Heat,0.01
2025-04-18,Hill Market,40.747,-73.985,17.67,89.52,61.05,21.58,3.16,71.43,6.02,4.59,19.97,34.8,35.53,15.44,12.59,83.01,0.17,vegetable,seeding,86.52,21.14,2.37,75.06,7.47,78.02,Severe,Flood,0.56
2025-04-18,North Valley,40.733,-73.995,18.58,54.07,5.41,18.02,1.79,33.57,6.44,5.54,6.35,31.74,16.37,8.62,15.08,16.95,0.18,wheat,seeding,0.83,17.23,0.83,3.0,2.13,14.34,Low,Extreme Heat,0.05
2025-04-18,River Bend,40.712,-74.02,23.27,64.6,3.12,8.56,2.28,26.26,6.31,5.09,23.75,27.43,35.93,13.82,14.75,69.57,0.2,wheat,seeding,1.64,44.27,0.0,8.18,11.98,35.66,Moderate,Extreme Heat,0.12
2025-04-18,South Fields,40.691,-74.01,23.7,60.18,15.89,21.04,2.02,41.53,6.64,4.75,15.84,34.63,17.95,7.45,17.39,44.6,0.23,corn,seeding,1.42,47.84,3.3,9.22,3.19,39.13,Moderate,Extreme Heat,0.15
2025-04-19,East Orchard,40.724,-73.965,20.08,63.31,23.17,18.72,2.7,60.14,5.87,5.47,6.05,35.19,16.49,14.58,15.37,41.4,0.15,corn,seeding,13.41,21.59,2.69,6.27,0.89,17.41,Low,Extreme Heat,0.12
2025-04-19,Hill Market,40.747,-73.985,23.27,49.3,3.51,23.51,2.25,45.12,6.69,4.87,20.42,29.67,30.19,3.69,15.11,67.84,0.17,corn,seeding,0.0,36.71,0.52,9.02,11.65,32.47,Low,Extreme Heat,0.11
2025-04-19,North Valley,40.733,-73.995,24.67,67.99,26.08,10.8,2.63,51.08,6.31,5.19,24.6,31.37,20.5,10.3,14.88,43.09,0.18,soybean,seeding,12.79,58.93,1.5,0.46,8.48,55.87,High,Extreme Heat,0.18
2025-04-19,River Bend,40.712,-74.02,16.01,45.55,16.63,18.01,2.7,52.09,6.13,5.2,26.19,41.59,31.8,7.82,11.81,47.58,0.2,wheat,seeding,9.72,4.82,1.92,3.53,10.74,13.05,Low,Air Quality,0.05
2025-04-19,South Fields,40.691,-74.01,19.2,59.37,9.89,28.29,2.54,46.5,6.51,4.97,21.09,28.99,25.37,9.79,17.71,56.44,0.23,vegetable,seeding,0.0,22.62,2.72,1.09,3.24,19.94,Low,Extreme Heat,0.07
2025-04-20,East Orchard,40.724,-73.965,11.46,48.71,4.61,24.29,2.26,26.54,6.36,6.05,24.59,32.77,20.88,8.52,13.59,56.31,0.15,corn,seeding,0.0,2.28,1.52,1.15,11.06,7.82,Low,Air Quality,0.01
2025-04-20,Hill Market,40.747,-73.985,18.72,63.62,4.13,25.65,2.01,36.9,6.8,4.52,30.9,31.3,25.98,2.83,13.95,65.55,0.17,vegetable,seeding,3.61,16.37,3.88,26.45,11.72,26.27,Low,Acid Rain,0.12
2025-04-20,North Valley,40.733,-73.995,22.22,69.92,11.08,14.63,2.15,37.71,6.33,5.52,17.27,38.39,24.08,3.12,14.44,50.84,0.18,wheat,seeding,5.46,43.44,0.0,3.75,9.2,38.45,Moderate,Extreme Heat,0.12
2025-04-20,River Bend,40.712,-74.02,21.04,80.68,11.03,21.27,2.65,47.51,6.22,4.94,20.69,37.1,24.46,1.0,15.45,56.91,0.2,wheat,seeding,8.15,40.97,6.43,8.28,10.07,38.21,Moderate,Extreme Heat,0.14
2025-04-20,South Fields,40.691,-74.01,24.23,49.69,6.37,17.56,2.38,30.47,6.43,5.33,21.12,27.45,32.78,3.98,14.47,56.98,0.23,corn,seeding,1.73,46.91,0.0,0.0,4.69,40.73,Moderate,Extreme Heat,0.12
2025-04-21,East Orchard,40.724,-73.965,23.68,93.82,58.65,20.41,3.08,62.22,5.32,4.73,17.49,46.08,22.61,19.09,12.28,59.24,0.15,wheat,seeding,70.56,59.77,1.47,59.37,11.17,64.27,High,Flood,0.45
2025-04-21,Hill Market,40.747,-73.985,20.55,84.34,39.75,28.72,2.84,47.12,6.27,4.19,25.49,35.03,36.27,14.71,14.5,68.9,0.17,corn,seeding,27.1,35.18,1.33,94.63,19.84,88.81,Severe,Acid Rain,0.36
2025-04-21,North Valley,40.733,-73.995,20.86,54.44,5.27,4.15,2.13,36.3,6.26,5.19,14.35,35.48,30.48,14.19,18.11,76.06,0.18,wheat,seeding,8.3,32.22,0.0,0.09,7.72,27.29,Low,Extreme Heat,0.1
2025-04-21,River Bend,40.712,-74.02,15.56,70.05,5.38,5.96,2.66,37.14,6.35,5.02,27.26,41.38,27.66,7.72,13.98,74.41,0.2,corn,seeding,2.87,10.53,2.24,4.25,17.11,15.11,Low,Air Quality,0.05
2025-04-21,South Fields,40.691,-74.01,17.65,74.44,8.39,1.0,2.39,42.58,6.3,4.87,19.37,39.49,24.73,5.85,18.28,66.34,0.23,rice,seeding,4.01,19.14,4.3,6.73,9.53,16.67,Low,Extreme Heat,0.06
2025-04-22,East Orchard,40.724,-73.965,20.36,58.91,3.2,30.09,1.97,49.1,6.26,5.73,15.2,22.38,33.39,8.66,11.56,42.96,0.15,rice,seeding,0.0,23.5,0.0,0.0,8.02,21.71,Low,Extreme Heat,0.04
2025-04-22,Hill Market,40.747,-73.985,23.64,79.79,23.43,6.97,2.12,50.19,6.49,4.62,29.37,42.19,39.0,12.21,15.49,82.48,0.17,corn,seeding,3.4,54.1,0.0,44.96,23.09,49.15,Moderate,Extreme Heat,0.23
2025-04-22,North Valley,40.733,-73.995,25.31,48.09,10.1,16.29,2.14,28.46,6.24,5.12,17.47,34.81,26.41,11.0,15.51,57.54,0.18,wheat,seeding,4.1,48.56,1.03,0.23,13.5,42.82,Moderate,Extreme Heat,0.12
2025-04-22,River Bend,40.712,-74.02,21.44,68.29,7.5,12.78,2.17,45.25,6.28,5.22,32.82,26.02,32.01,2.39,15.65,62.88,0.2,wheat,seeding,0.5,34.17,0.84,7.44,19.17,30.32,Low,Extreme Heat,0.09
2025-04-22,South Fields,40.691,-74.01,10.31,82.57,13.0,10.8,2.43,20.91,6.47,4.89,19.69,38.85,22.46,0.0,17.06,49.52,0.23,corn,seeding,0.0,0.5,0.0,5.52,9.89,11.04,Low,Air Quality,0.01
2025-04-23,East Orchard,40.724,-73.965,21.21,49.5,7.48,7.48,1.97,47.92,6.15,5.15,20.58,40.87,42.31,13.98,15.45,79.31,0.15,corn,seeding,0.71,28.69,0.0,5.85,14.86,24.23,Low,Extreme Heat,0.09
2025-04-23,Hill Market,40.747,-73.985,17.75,74.16,8.38,16.28,2.11,34.51,6.29,4.96,31.88,27.68,37.44,9.29,13.97,83.03,0.17,corn,seeding,0.0,18.6,0.0,7.02,21.05,14.15,Low,Air Quality,0.06
2025-04-23,North Valley,40.733,-73.995,19.4,77.38,16.6,5.21,2.15,38.2,6.12,4.7,19.98,32.03,24.1,7.06,12.9,46.96,0.18,wheat,seeding,7.25,27.0,0.0,21.46,12.33,23.05,Low,Extreme Heat,0.12
2025-04-23,River Bend,40.712,-74.02,27.42,54.17,7.58,10.0,2.48,27.02,6.63,5.2,33.15,34.39,36.88,3.35,14.12,69.88,0.2,wheat,seeding,0.18,68.53,0.0,0.0,22.76,60.97,High,Extreme Heat,0.15
2025-04-23,South Fields,40.691,-74.01,27.55,47.52,13.92,7.92,2.54,54.51,6.35,4.97,13.86,25.84,28.44,9.51,15.44,63.05,0.23,corn,seeding,0.0,64.84,1.07,7.13,11.28,62.35,High,Extreme Heat,0.18
2025-04-24,East Orchard,40.724,-73.965,17.74,65.64,23.07,5.79,2.33,37.12,6.01,4.79,12.59,24.67,12.9,8.56,14.07,31.78,0.15,rice,seeding,4.01,20.43,7.97,12.59,1.53,14.04,Low,Extreme Heat,0.08
2025-04-24,Hill Market,40.747,-73.985,19.7,38.4,5.42,16.52,2.09,44.98,6.54,5.03,28.58,47.45,46.69,10.5,15.92,100.0,0.17,rice,seeding,0.33,15.0,2.75,9.72,28.09,26.82,Low,Air Quality,0.05
2025-04-24,North Valley,40.733,-73.995,20.49,71.19,13.4,9.3,2.69,27.57,6.34,5.5,16.65,32.37,30.42,7.22,13.11,49.42,0.18,corn,seeding,0.0,30.62,3.45,0.0,11.91,23.84,Low,Extreme Heat,0.08
2025-04-24,River Bend,40.712,-74.02,11.59,50.94,5.91,16.74,2.84,38.69,6.01,4.75,16.86,44.95,39.33,14.28,19.44,72.03,0.2,wheat,seeding,6.92,4.64,0.0,26.09,13.44,21.01,Low,Acid Rain,0.07
2025-04-24,South Fields,40.691,-74.01,22.57,45.29,8.58,7.95,2.33,16.14,6.59,5.04,29.35,24.51,43.97,8.93,12.92,78.5,0.23,corn,seeding,0.0,33.51,0.0,0.77,22.08,30.67,Low,Extreme Heat,0.09
2025-04-25,East Orchard,40.724,-73.965,20.67,49.83,5.36,9.09,1.85,36.77,6.38,5.15,7.31,25.71,17.69,5.06,14.4,23.2,0.15,corn,seeding,0.0,25.54,0.0,0.17,0.0,28.42,Low,Extreme Heat,0.06
2025-04-25,Hill Market,40.747,-73.985,22.85,61.99,11.23,14.53,2.02,33.66,6.48,4.98,34.8,40.37,36.57,7.6,16.14,84.77,0.17,wheat,seeding,0.67,45.43,5.02,8.55,30.55,41.2,Moderate,Extreme Heat,0.12
2025-04-25,North Valley,40.733,-73.995,20.3,66.12,3.77,30.03,2.29,35.92,6.7,5.48,5.25,35.86,15.98,4.21,15.83,49.32,0.18,vegetable,seeding,3.97,28.05,4.51,1.43,2.93,25.19,Low,Extreme Heat,0.1
2025-04-25,River Bend,40.712,-74.02,23.5,52.59,8.35,24.52,2.45,44.86,6.01,5.02,29.88,32.26,31.86,4.24,13.95,66.89,0.2,wheat,seeding,3.61,38.53,0.59,2.13,12.56,34.04,Low,Extreme Heat,0.1
2025-04-25,South Fields,40.691,-74.01,24.29,62.04,23.64,10.77,2.83,53.22,6.35,4.75,22.6,24.93,33.77,9.67,14.22,59.61,0.23,corn,seeding,12.18,48.73,1.03,26.83,17.25,44.16,Moderate,Extreme Heat,0.22
2025-04-26,East Orchard,40.724,-73.965,20.92,42.74,1.43,6.34,1.92,38.05,6.02,5.3,4.58,13.34,22.9,0.0,16.38,35.96,0.15,corn,seeding,0.74,23.38,2.56,0.33,2.14,18.33,Low,Extreme Heat,0.07
2025-04-26,Hill Market,40.747,-73.985,23.23,62.07,19.26,12.38,2.21,56.64,6.27,4.3,23.1,35.19,36.3,9.89,13.7,67.49,0.17,corn,seeding,9.35,41.5,0.0,70.68,13.59,65.16,High,Acid Rain,0.27
2025-04-26,North Valley,40.733,-73.995,18.39,46.66,5.58,8.02,2.51,36.45,6.6,5.39,11.27,43.58,18.34,5.92,12.89,46.96,0.18,wheat,seeding,1.21,16.3,0.63,6.71,8.18,16.2,Low,Extreme Heat,0.05
2025-04-26,River Bend,40.712,-74.02,14.0,84.5,13.93,8.77,2.75,38.38,6.39,4.98,27.69,29.46,10.4,5.93,13.98,40.82,0.2,wheat,seeding,8.14,10.28,4.14,0.0,6.22,11.65,Low,Extreme Heat,0.05
2025-04-26,South Fields,40.691,-74.01,24.66,86.84,57.07,6.82,3.21,67.79,5.84,3.89,26.46,31.17,27.63,15.9,10.53,63.75,0.23,corn,seeding,85.29,61.79,0.0,99.37,8.14,87.85,Severe,Acid Rain,0.64
2025-04-27,East Orchard,40.724,-73.965,19.15,68.51,18.29,12.31,2.2,27.72,5.79,5.01,13.16,38.24,28.05,9.28,14.02,66.29,0.15,corn,seeding,5.68,25.83,0.0,7.91,2.6,22.91,Low,Extreme Heat,0.1
2025-04-27,Hill Market,40.747,-73.985,12.7,76.14,2.68,16.44,2.05,38.79,7.02,5.53,30.5,37.95,30.25,8.9,13.8,71.94,0.17,vegetable,seeding,4.82,6.83,0.0,0.0,18.32,21.56,Low,Air Quality,0.04
2025-04-27,North Valley,40.733,-73.995,23.04,54.33,9.52,5.88,2.65,38.5,6.28,5.34,18.26,42.36,41.03,7.16,15.27,63.72,0.18,soybean,seeding,4.78,43.81,4.34,0.09,16.79,34.98,Low,Extreme Heat,0.12
2025-04-27,River Bend,40.712,-74.02,22.87,69.33,8.2,34.5,2.4,32.19,6.3,5.71,12.78,30.85,26.2,11.79,17.57,57.75,0.2,wheat,seeding,0.0,43.16,1.86,0.0,2.23,39.49,Moderate,Extreme Heat,0.1
2025-04-27,South Fields,40.691,-74.01,28.26,44.61,6.91,10.39,2.59,30.01,6.64,4.83,29.79,45.04,35.62,2.21,15.38,74.82,0.23,soybean,seeding,0.0,70.95,0.0,12.49,22.76,60.57,High,Extreme Heat,0.19
2025-04-28,East Orchard,40.724,-73.965,17.47,34.98,7.04,12.85,1.9,49.6,6.22,5.21,6.87,24.68,27.31,3.86,17.85,42.74,0.15,corn,seeding,0.0,6.15,0.0,1.6,5.98,6.66,Low,Extreme Heat,0.02
2025-04-28,Hill Market,40.747,-73.985,31.6,60.43,5.12,28.59,2.06,31.22,6.5,4.93,25.54,50.64,25.48,4.65,12.46,53.09,0.17,corn,seeding,4.55,87.94,0.0,5.25,13.25,71.03,High,Extreme Heat,0.25
2025-04-28,North Valley,40.733,-73.995,19.93,67.92,12.08,12.99,2.45,50.17,6.18,5.7,11.85,21.05,21.08,8.37,14.13,34.52,0.18,wheat,seeding,7.53,19.38,6.91,0.47,7.12,16.94,Low,Extreme Heat,0.07
2025-04-28,River Bend,40.712,-74.02,25.13,46.37,5.89,2.14,2.64,39.8,6.36,5.52,20.67,36.19,43.65,9.87,15.29,73.7,0.2,wheat,seeding,1.21,40.06,3.23,4.08,12.03,31.58,Low,Extreme Heat,0.1
2025-04-28,South Fields,40.691,-74.01,18.13,51.58,2.3,10.6,2.26,33.92,6.83,5.13,16.97,27.53,29.66,2.66,15.71,47.28,0.23,soybean,seeding,0.0,17.85,0.0,2.84,13.66,14.66,Low,Extreme Heat,0.05
2025-04-29,East Orchard,40.724,-73.965,18.05,63.94,14.48,17.47,2.3,30.59,6.02,5.29,26.41,39.2,40.17,10.36,14.48,66.46,0.15,corn,seeding,0.0,18.37,3.11,0.0,13.16,17.21,Low,Extreme Heat,0.05
2025-04-29,Hill Market,40.747,-73.985,27.63,74.1,14.07,15.93,2.26,29.89,6.79,4.73,22.32,41.0,39.32,12.14,14.95,89.13,0.17,corn,seeding,0.53,74.07,2.29,24.48,16.34,69.23,High,Extreme Heat,0.24
2025-04-29,North Valley,40.733,-73.995,26.54,96.44,24.08,7.64,2.32,71.26,6.07,5.26,20.35,31.28,13.57,9.0,9.18,27.42,0.18,wheat,seeding,10.65,76.58,0.23,0.99,0.0,65.43,High,Extreme Heat,0.2
2025-04-29,River Bend,40.712,-74.02,20.42,38.77,9.26,5.1,2.98,28.52,6.33,4.9,7.05,16.24,25.93,8.94,17.09,46.6,0.2,wheat,seeding,6.13,19.38,0.0,5.73,1.9,15.12,Low,Extreme Heat,0.07
2025-04-29,South Fields,40.691,-74.01,15.81,63.28,14.21,29.69,2.8,51.32,6.58,5.11,12.93,37.38,19.38,7.94,18.12,45.89,0.23,corn,seeding,9.09,7.08,0.01,2.76,0.0,9.67,Low,Flood,0.06
2025-04-30,East Orchard,40.724,-73.965,18.52,65.81,6.24,15.71,2.58,45.99,6.3,5.27,33.93,26.94,34.12,10.3,12.12,56.91,0.15,rice,seeding,0.0,17.88,0.0,0.0,14.76,15.89,Low,Extreme Heat,0.03
2025-04-30,Hill Market,40.747,-73.985,16.15,32.24,2.87,23.32,2.13,22.82,6.54,4.85,31.86,38.09,36.11,10.04,14.22,100.0,0.17,rice,seeding,0.67,6.35,0.0,9.89,23.2,16.54,Low,Air Quality,0.03
2025-04-30,North Valley,40.733,-73.995,23.06,61.2,6.74,19.38,2.42,54.28,6.37,5.27,33.67,40.82,27.84,11.65,18.37,68.49,0.18,wheat,seeding,3.25,37.32,0.0,0.0,19.82,30.86,Low,Extreme Heat,0.09
2025-04-30,River Bend,40.712,-74.02,16.95,58.91,8.23,15.92,2.35,29.03,6.21,5.12,29.26,19.89,30.49,4.85,14.27,83.91,0.2,wheat,seeding,1.51,11.75,0.0,2.47,6.72,11.79,Low,Extreme Heat,0.03
2025-04-30,South Fields,40.691,-74.01,24.75,58.56,6.91,16.49,2.39,29.95,6.53,4.92,27.55,36.41,22.49,11.71,17.15,66.86,0.23,vegetable,seeding,3.6,53.69,2.72,8.34,8.55,47.55,Moderate,Extreme Heat,0.18
2025-05-01,East Orchard,40.724,-73.965,19.34,54.27,18.49,5.02,2.47,39.63,6.15,5.42,29.85,31.41,44.36,10.71,10.79,86.43,0.15,corn,vegetative,5.26,18.18,0.25,6.31,22.42,17.49,Low,Air Quality,0.06
2025-05-01,Hill Market,40.747,-73.985,30.32,55.7,7.63,32.95,2.04,36.99,6.7,4.76,34.02,58.25,42.81,7.85,13.4,92.2,0.17,soybean,vegetative,0.57,87.27,0.0,16.42,38.32,77.18,Severe,Extreme Heat,0.18
2025-05-01,North Valley,40.733,-73.995,25.66,63.5,15.82,4.53,2.33,41.03,6.01,4.91,13.74,44.36,19.28,3.33,13.94,49.0,0.18,wheat,vegetative,4.18,59.9,0.0,10.09,6.37,58.07,High,Extreme Heat,0.12
2025-05-01,River Bend,40.712,-74.02,24.27,39.68,5.98,4.31,2.7,56.6,6.09,4.39,24.15,29.12,25.06,1.04,13.92,49.04,0.2,wheat,vegetative,5.1,41.23,0.0,42.78,5.11,40.13,Moderate,Acid Rain,0.14
2025-05-01,South Fields,40.691,-74.01,28.1,44.83,15.94,8.8,2.75,43.12,6.58,5.1,19.92,47.47,23.46,10.71,14.02,49.7,0.23,corn,vegetative,5.38,67.97,3.0,0.0,13.36,57.32,High,Extreme Heat,0.15
2025-05-02,East Orchard,40.724,-73.965,18.41,83.3,8.3,15.44,2.39,33.14,6.03,5.05,23.96,30.67,28.79,3.92,13.99,36.91,0.15,corn,vegetative,0.0,21.35,2.85,2.93,8.2,15.54,Low,Extreme Heat,0.05
2025-05-02,Hill Market,40.747,-73.985,22.84,65.78,14.16,6.89,2.06,45.88,6.42,4.49,16.33,43.3,26.11,13.57,17.28,55.67,0.17,corn,vegetative,3.82,38.06,0.0,38.73,10.53,34.18,Low,Acid Rain,0.14
2025-05-02,North Valley,40.733,-73.995,20.22,61.91,13.31,25.56,2.31,38.1,6.36,5.17,25.66,36.99,28.55,5.05,13.52,44.75,0.18,vegetable,vegetative,5.62,28.7,0.0,0.68,13.64,25.0,Low,Extreme Heat,0.08
2025-05-02,River Bend,40.712,-74.02,17.86,45.73,8.23,13.17,2.54,25.01,6.32,4.96,26.84,37.21,34.36,7.6,13.89,77.63,0.2,soybean,vegetative,1.38,17.18,5.37,7.58,14.26,18.29,Low,Extreme Heat,0.05
2025-05-02,South Fields,40.691,-74.01,19.72,55.0,5.67,15.36,2.53,36.88,6.7,5.04,24.63,40.01,21.99,7.27,14.94,64.51,0.23,rice,vegetative,1.97,20.49,0.0,0.37,14.67,15.65,Low,Extreme Heat,0.03
2025-05-03,East Orchard,40.724,-73.965,19.35,44.5,0.92,13.45,2.26,26.91,6.23,5.5,23.41,38.65,24.08,5.79,15.87,37.99,0.15,corn,vegetative,2.72,21.55,1.06,2.92,8.33,19.02,Low,Extreme Heat,0.05
2025-05-03,Hill Market,40.747,-73.985,23.02,99.79,85.19,12.34,3.59,88.24,5.79,4.0,27.73,43.68,41.26,12.88,11.44,80.71,0.17,corn,vegetative,99.49,62.69,2.5,98.87,27.48,91.03,Severe,Flood,0.54
2025-05-03,North Valley,40.733,-73.995,24.2,41.62,5.04,16.42,2.44,32.29,6.36,5.04,19.25,47.52,30.01,7.31,15.41,58.51,0.18,wheat,vegetative,0.0,47.19,0.0,4.42,9.96,42.12,Moderate,Extreme Heat,0.09
2025-05-03,River Bend,40.712,-74.02,22.41,58.19,0.27,16.07,2.2,20.19,6.21,4.91,18.72,25.72,33.54,10.07,13.35,68.36,0.2,wheat,vegetative,2.14,34.5,0.0,8.22,4.79,31.35,Low,Extreme Heat,0.07
2025-05-03,South Fields,40.691,-74.01,21.08,66.23,14.71,17.19,2.67,37.1,6.88,5.5,8.35,28.97,31.56,5.07,16.81,50.38,0.23,wheat,vegetative,2.21,30.07,0.0,7.67,3.28,24.08,Low,Extreme Heat,0.07
2025-05-04,East Orchard,40.724,-73.965,27.69,54.29,8.3,4.26,1.98,36.53,5.9,5.23,12.31,42.97,27.3,8.94,18.53,59.83,0.15,corn,vegetative,2.44,61.96,0.0,6.45,7.13,56.94,High,Extreme Heat,0.14
2025-05-04,Hill Market,40.747,-73.985,19.57,83.51,80.47,25.29,3.47,70.79,5.46,4.4,31.36,28.29,28.52,19.67,9.61,67.49,0.17,corn,vegetative,94.2,24.87,3.83,90.37,12.81,81.4,Severe,Flood,0.44
2025-05-04,North Valley,40.733,-73.995,25.41,64.72,3.28,6.11,1.77,35.94,6.47,5.45,29.41,43.63,27.04,5.69,11.37,38.92,0.18,rice,vegetative,0.3,59.61,2.57,0.0,19.21,51.68,Moderate,Extreme Heat,0.09
2025-05-04,River Bend,40.712,-74.02,21.72,57.39,17.17,5.07,2.79,57.68,6.37,4.88,26.88,31.16,46.54,10.67,15.68,78.23,0.2,vegetable,vegetative,10.84,29.2,0.0,21.14,23.03,24.17,Low,Extreme Heat,0.13
2025-05-04,South Fields,40.691,-74.01,19.6,43.42,17.29,8.6,2.44,48.79,6.49,5.02,19.07,21.15,20.15,4.28,14.49,42.92,0.23,wheat,vegetative,0.0,15.93,0.0,10.4,7.14,12.29,Low,Extreme Heat,0.04
2025-05-05,East Orchard,40.724,-73.965,22.94,53.87,6.91,2.49,2.48,35.98,6.19,5.38,13.33,21.04,21.62,2.27,15.67,19.62,0.15,corn,vegetative,1.5,33.82,0.0,5.72,4.08,33.64,Low,Extreme Heat,0.08
2025-05-05,Hill Market,40.747,-73.985,24.01,55.07,14.45,4.35,2.62,34.26,6.76,4.65,28.65,47.48,45.72,3.94,16.55,88.97,0.17,corn,vegetative,5.12,51.09,0.0,28.82,27.45,45.36,Moderate,Extreme Heat,0.15
2025-05-05,North Valley,40.733,-73.995,25.17,81.37,23.13,19.26,2.67,46.8,5.93,5.09,10.57,46.11,21.68,14.12,10.73,58.74,0.18,wheat,vegetative,12.92,62.94,0.0,9.67,4.15,51.1,Moderate,Extreme Heat,0.15
2025-05-05,River Bend,40.712,-74.02,22.01,63.73,18.99,21.16,2.97,44.85,5.87,4.67,11.89,40.57,33.67,9.11,10.01,72.11,0.2,rice,vegetative,8.2,40.46,0.0,37.07,10.47,39.71,Moderate,Extreme Heat,0.12
2025-05-05,South Fields,40.691,-74.01,25.52,65.24,0.88,17.0,2.56,49.4,6.93,5.21,21.2,34.37,28.51,7.87,12.91,38.16,0.23,corn,vegetative,6.6,63.22,2.58,0.0,6.42,52.33,Moderate,Extreme Heat,0.14
2025-05-06,East Orchard,40.724,-73.965,16.32,51.19,10.52,17.53,1.78,38.27,5.82,5.47,24.69,31.35,27.87,7.31,14.3,39.31,0.15,soybean,vegetative,3.02,11.3,1.21,0.6,12.79,11.19,Low,Air Quality,0.03
2025-05-06,Hill Market,40.747,-73.985,18.52,60.57,3.22,27.83,1.89,30.43,6.09,4.89,29.88,41.32,34.33,5.06,12.74,71.02,0.17,corn,vegetative,0.0,19.9,0.0,6.78,19.14,17.11,Low,Extreme Heat,0.05
2025-05-06,North Valley,40.733,-73.995,26.95,60.97,2.61,16.52,1.87,33.89,6.54,5.41,12.64,37.23,31.61,3.07,14.55,51.06,0.18,wheat,vegetative,0.94,65.44,0.0,0.0,6.63,57.34,High,Extreme Heat,0.11
2025-05-06,River Bend,40.712,-74.02,30.69,47.25,10.73,13.62,2.28,25.06,6.13,5.11,16.1,45.44,33.03,8.62,16.3,70.11,0.2,wheat,vegetative,0.0,85.03,0.29,3.34,12.34,72.2,High,Extreme Heat,0.15
2025-05-06,South Fields,40.691,-74.01,18.86,45.66,3.79,13.16,2.03,36.17,6.37,5.01,29.72,32.43,23.37,3.8,13.99,57.49,0.23,rice,vegetative,0.99,20.38,4.29,9.01,11.12,19.29,Low,Extreme Heat,0.05
2025-05-07,East Orchard,40.724,-73.965,24.75,59.17,2.03,13.42,1.81,9.69,6.17,5.3,7.97,47.63,28.77,4.22,16.33,52.27,0.15,vegetable,vegetative,0.0,53.34,0.0,0.24,4.45,42.26,Moderate,Extreme Heat,0.11
2025-05-07,Hill Market,40.747,-73.985,20.9,58.55,16.39,10.09,1.75,58.8,6.32,4.63,36.65,37.63,49.2,14.29,15.54,99.12,0.17,vegetable,vegetative,5.61,33.55,2.77,47.55,37.99,45.32,Moderate,Acid Rain,0.17
2025-05-07,North Valley,40.733,-73.995,28.64,60.56,2.91,14.13,2.06,33.5,6.62,5.39,20.91,44.97,34.24,9.0,13.71,65.12,0.18,wheat,vegetative,4.74,80.34,6.39,1.32,12.55,66.9,High,Extreme Heat,0.15
2025-05-07,River Bend,40.712,-74.02,18.86,62.84,21.82,7.13,2.28,33.64,6.01,4.23,24.03,49.42,38.14,16.42,18.01,75.16,0.2,soybean,vegetative,5.45,23.07,0.95,86.21,23.57,72.85,High,Acid Rain,0.17
2025-05-07,South Fields,40.691,-74.01,24.17,41.8,6.56,5.4,1.83,40.77,6.75,5.05,15.87,28.77,28.93,7.71,13.86,46.26,0.23,corn,vegetative,3.91,42.15,0.0,6.17,6.81,36.0,Moderate,Extreme Heat,0.1
2025-05-08,East Orchard,40.724,-73.965,26.1,83.94,63.79,12.04,2.9,82.54,5.53,4.51,29.79,43.71,28.07,15.13,11.09,58.8,0.15,corn,vegetative,88.01,67.89,0.7,83.32,17.99,83.17,Severe,Flood,0.49
2025-05-08,Hill Market,40.747,-73.985,21.3,47.3,19.33,5.88,1.97,34.62,6.09,4.29,33.95,33.43,42.77,14.84,12.77,83.88,0.17,rice,vegetative,3.37,25.12,0.34,79.84,28.62,65.5,High,Acid Rain,0.13
2025-05-08,North Valley,40.733,-73.995,23.28,53.46,6.81,23.36,1.74,41.59,6.44,6.02,18.88,46.38,36.64,6.2,15.78,65.68,0.18,soybean,vegetative,3.26,39.09,0.0,7.74,11.54,32.44,Low,Extreme Heat,0.09
2025-05-08,River Bend,40.712,-74.02,26.54,46.3,15.42,7.86,2.54,39.47,6.29,4.96,23.85,46.69,28.37,6.35,10.89,53.5,0.2,rice,vegetative,7.75,65.38,0.47,5.67,12.95,56.29,High,Extreme Heat,0.12
2025-05-08,South Fields,40.691,-74.01,19.32,66.64,19.63,7.62,2.12,52.55,6.45,5.13,19.5,28.83,21.02,5.29,9.49,60.42,0.23,corn,vegetative,8.85,24.19,1.02,3.35,6.47,20.11,Low,Extreme Heat,0.08
2025-05-09,East Orchard,40.724,-73.965,19.9,78.14,13.6,10.46,2.01,31.27,6.02,5.36,17.5,41.5,29.03,15.2,16.23,60.74,0.15,corn,vegetative,1.34,35.19,0.0,0.0,8.87,30.07,Low,Extreme Heat,0.07
2025-05-09,Hill Market,40.747,-73.985,9.39,61.52,1.97,8.89,1.46,30.16,6.33,4.35,22.15,19.97,34.54,9.53,14.33,80.46,0.17,soybean,vegetative,0.06,7.44,4.06,57.04,8.43,43.93,Moderate,Acid Rain,0.09
2025-05-09,North Valley,40.733,-73.995,14.91,48.59,4.45,2.44,1.67,44.03,6.54,5.03,11.84,29.32,15.36,11.78,14.2,33.33,0.18,wheat,vegetative,4.67,7.06,0.0,4.95,6.92,6.0,Low,Extreme Heat,0.03
2025-05-09,River Bend,40.712,-74.02,17.71,72.99,9.53,8.06,2.28,41.88,5.93,5.29,25.7,29.09,19.19,4.69,15.94,53.74,0.2,corn,vegetative,1.97,14.47,0.0,5.43,9.81,15.17,Low,Extreme Heat,0.04
2025-05-09,South Fields,40.691,-74.01,25.87,54.89,2.3,9.71,1.91,46.59,6.84,5.06,20.0,45.63,36.17,6.2,17.58,46.31,0.23,rice,vegetative,0.0,65.67,0.53,0.66,14.85,56.28,High,Extreme Heat,0.1
2025-05-10,East Orchard,40.724,-73.965,24.26,77.7,49.34,15.36,2.77,37.46,5.92,4.89,17.12,41.98,12.0,14.78,15.71,11.1,0.15,corn,vegetative,34.56,55.51,3.64,24.22,5.1,47.95,Moderate,Extreme Heat,0.24
2025-05-10,Hill Market,40.747,-73.985,26.35,54.9,4.05,4.8,1.5,12.13,6.81,4.83,24.93,49.65,33.02,7.71,17.8,62.76,0.17,corn,vegetative,0.0,62.07,0.0,8.83,20.23,52.39,Moderate,Extreme Heat,0.13
2025-05-10,North Valley,40.733,-73.995,24.95,46.98,14.8,14.06,1.84,39.75,6.07,5.63,20.99,34.34,19.19,1.32,16.02,38.6,0.18,soybean,vegetative,0.0,49.41,0.0,0.0,0.99,43.26,Moderate,Extreme Heat,0.09
2025-05-10,River Bend,40.712,-74.02,33.55,60.37,11.74,9.36,2.47,31.6,6.25,5.06,20.04,45.24,41.72,6.33,13.7,71.46,0.2,wheat,vegetative,1.59,95.78,2.09,12.93,15.51,82.85,Severe,Extreme Heat,0.18
2025-05-10,South Fields,40.691,-74.01,16.52,66.7,6.68,19.84,1.68,38.37,6.91,5.01,18.36,33.82,21.28,7.2,18.87,48.25,0.23,corn,vegetative,3.03,10.27,1.74,5.76,3.79,6.13,Low,Extreme Heat,0.04
2025-05-11,East Orchard,40.724,-73.965,19.41,58.34,8.17,20.35,1.6,41.97,5.97,5.1,16.21,30.97,18.01,4.87,14.26,47.3,0.15,corn,vegetative,0.0,16.57,1.28,0.44,6.84,16.8,Low,Extreme Heat,0.03
2025-05-11,Hill Market,40.747,-73.985,26.28,52.57,3.7,4.62,2.18,39.59,6.64,4.77,22.76,29.91,30.99,10.81,15.79,60.02,0.17,rice,vegetative,0.41,54.9,0.0,14.93,7.42,46.73,Moderate,Extreme Heat,0.1
2025-05-11,North Valley,40.733,-73.995,21.24,56.89,8.46,27.29,1.91,37.45,6.27,5.59,22.68,21.84,15.78,0.0,15.37,33.7,0.18,corn,vegetative,0.99,33.24,1.72,0.0,9.79,24.05,Low,Extreme Heat,0.07
2025-05-11,River Bend,40.712,-74.02,22.63,65.81,17.35,6.02,3.01,57.75,6.06,4.67,19.44,22.78,21.88,2.65,16.65,45.71,0.2,vegetable,vegetative,8.85,40.19,0.0,22.66,3.9,32.48,Low,Extreme Heat,0.15
2025-05-11,South Fields,40.691,-74.01,24.26,60.76,23.19,11.03,2.32,53.18,6.26,4.83,29.28,36.37,38.1,10.85,15.83,61.51,0.23,corn,vegetative,7.04,50.19,0.0,16.35,20.02,42.12,Moderate,Extreme Heat,0.14
2025-05-12,East Orchard,40.724,-73.965,25.19,55.54,10.07,13.72,1.89,51.27,6.08,5.51,10.55,22.67,27.28,7.65,14.0,46.34,0.15,wheat,vegetative,3.97,52.58,0.89,3.34,5.92,42.58,Moderate,Extreme Heat,0.1
2025-05-12,Hill Market,40.747,-73.985,24.55,69.11,18.92,14.29,1.92,53.81,6.3,4.6,23.52,36.46,29.91,11.38,15.08,82.8,0.17,vegetable,vegetative,5.07,55.69,4.0,33.57,11.7,49.36,Moderate,Extreme Heat,0.19
2025-05-12,North Valley,40.733,-73.995,26.98,71.94,13.1,18.94,2.13,43.13,6.29,5.49,15.94,33.93,32.64,5.69,14.15,56.9,0.18,wheat,vegetative,5.57,68.41,0.53,0.0,4.07,58.64,High,Extreme Heat,0.13
2025-05-12,River Bend,40.712,-74.02,14.78,62.27,4.76,20.7,2.53,35.94,6.45,5.11,19.75,46.38,27.26,12.21,15.78,65.56,0.2,wheat,vegetative,0.33,7.08,1.31,5.1,4.42,11.69,Low,Extreme Heat,0.02
2025-05-12,South Fields,40.691,-74.01,24.73,70.66,17.3,15.15,2.28,37.42,6.56,4.95,26.31,27.93,37.51,9.49,16.02,63.14,0.23,soybean,vegetative,6.75,57.36,4.21,11.53,12.62,52.97,Moderate,Extreme Heat,0.14
2025-05-13,East Orchard,40.724,-73.965,12.42,58.69,8.89,5.18,1.82,43.1,6.17,5.46,24.09,33.81,14.72,4.96,13.32,41.39,0.15,soybean,vegetative,0.0,0.0,3.37,0.0,5.24,3.24,Low,Air Quality,0.0
2025-05-13,Hill Market,40.747,-73.985,28.81,58.95,9.82,5.87,1.61,37.14,6.62,4.39,30.37,49.8,39.4,7.47,16.41,82.35,0.17,vegetable,vegetative,5.01,76.74,3.24,54.3,32.25,66.43,High,Extreme Heat,0.27
2025-05-13,North Valley,40.733,-73.995,21.7,71.12,10.83,19.69,2.23,39.64,6.08,5.43,23.48,36.56,25.2,13.55,10.86,68.38,0.18,rice,vegetative,4.24,42.36,0.0,6.16,7.5,38.99,Moderate,Extreme Heat,0.08
2025-05-13,River Bend,40.712,-74.02,26.72,67.79,8.53,11.71,2.08,35.31,6.16,5.29,22.63,46.3,30.52,5.26,14.09,81.38,0.2,wheat,vegetative,0.91,73.49,0.78,0.0,11.67,64.66,High,Extreme Heat,0.13
2025-05-13,South Fields,40.691,-74.01,22.11,66.77,15.44,21.86,2.01,33.73,6.44,4.93,16.49,45.8,39.94,8.55,14.23,77.73,0.23,vegetable,vegetative,0.98,45.65,2.95,8.44,15.58,38.89,Moderate,Extreme Heat,0.12
2025-05-14,East Orchard,40.724,-73.965,15.07,50.0,9.39,10.75,1.95,35.3,5.78,5.34,16.37,33.84,18.66,11.17,14.89,47.08,0.15,corn,vegetative,0.0,5.73,5.85,0.0,9.58,9.34,Low,Air Quality,0.02
2025-05-14,Hill Market,40.747,-73.985,28.98,46.09,7.85,14.21,1.86,32.82,6.79,4.9,41.67,59.35,43.61,10.65,13.83,86.79,0.17,corn,vegetative,2.9,79.07,1.11,13.25,49.3,70.38,High,Extreme Heat,0.18
2025-05-14,North Valley,40.733,-73.995,24.54,55.54,12.79,11.74,1.87,38.56,6.28,5.43,34.59,39.03,35.7,5.98,13.41,52.69,0.18,wheat,vegetative,3.08,44.27,0.0,0.05,20.03,40.62,Moderate,Extreme Heat,0.08
2025-05-14,River Bend,40.712,-74.02,19.67,47.29,17.8,11.84,2.44,35.6,6.22,5.13,25.88,37.86,26.88,7.77,17.1,74.33,0.2,wheat,vegetative,6.54,25.39,0.62,6.39,10.05,23.34,Low,Extreme Heat,0.07
2025-05-14,South Fields,40.691,-74.01,24.96,53.94,13.57,18.86,1.99,38.73,6.48,4.89,28.08,37.22,33.51,10.99,15.12,72.61,0.23,rice,vegetative,5.61,52.44,0.0,12.03,17.23,44.04,Moderate,Extreme Heat,0.1
2025-05-15,East Orchard,40.724,-73.965,21.07,49.53,5.88,6.95,1.47,19.62,5.68,5.7,26.56,24.92,42.63,9.98,13.85,65.57,0.15,corn,vegetative,0.0,23.58,0.0,0.0,8.52,18.82,Low,Extreme Heat,0.05
2025-05-15,Hill Market,40.747,-73.985,25.6,68.65,9.49,15.98,1.8,39.17,6.38,4.57,33.81,48.07,40.5,12.76,14.41,98.72,0.17,corn,vegetative,1.28,65.06,0.47,37.3,35.57,58.37,High,Extreme Heat,0.18
2025-05-15,North Valley,40.733,-73.995,23.69,48.53,7.84,7.01,2.01,37.15,6.65,5.56,19.25,37.85,34.87,10.13,12.75,55.97,0.18,wheat,vegetative,1.23,42.39,4.27,0.88,11.02,38.42,Moderate,Extreme Heat,0.08
2025-05-15,River Bend,40.712,-74.02,20.59,63.88,5.13,7.74,1.91,33.76,6.46,4.96,21.62,42.6,30.49,9.56,13.76,63.78,0.2,wheat,vegetative,2.98,25.51,3.37,5.55,11.99,21.56,Low,Extreme Heat,0.06
2025-05-15,South Fields,40.691,-74.01,28.25,56.89,7.72,23.02,2.1,38.57,6.27,4.84,19.93,32.69,37.01,7.59,14.41,56.03,0.23,corn,vegetative,0.15,72.85,3.52,14.93,13.33,65.21,High,Extreme Heat,0.17
2025-05-16,East Orchard,40.724,-73.965,24.71,59.74,15.96,18.62,1.88,32.69,5.76,5.14,17.17,44.85,50.65,11.15,14.28,62.25,0.15,corn,vegetative,0.0,50.06,0.36,11.47,12.66,40.69,Moderate,Extreme Heat,0.11
2025-05-16,Hill Market,40.747,-73.985,23.76,56.73,6.28,16.19,2.07,34.87,6.73,4.95,31.07,40.3,33.47,6.89,13.47,66.66,0.17,corn,vegetative,0.0,42.4,0.26,3.8,20.42,36.52,Moderate,Extreme Heat,0.09
2025-05-16,North Valley,40.733,-73.995,21.54,97.09,85.21,13.33,3.5,81.62,5.68,4.74,15.98,36.23,31.8,19.17,13.61,49.75,0.18,wheat,vegetative,93.89,47.7,0.85,81.36,2.82,82.69,Severe,Flood,0.41
2025-05-16,River Bend,40.712,-74.02,32.99,69.06,15.26,11.39,2.67,24.74,6.19,4.9,33.15,37.16,24.13,6.84,17.55,49.94,0.2,wheat,vegetative,3.56,97.21,3.88,10.61,17.81,83.99,Severe,Extreme Heat,0.19
2025-05-16,South Fields,40.691,-74.01,27.34,84.13,13.68,12.58,2.09,39.55,6.63,5.03,18.06,48.99,20.66,10.7,17.84,49.16,0.23,corn,vegetative,4.68,80.02,0.0,0.0,7.09,70.53,High,Extreme Heat,0.17
2025-05-17,East Orchard,40.724,-73.965,26.42,47.44,6.64,2.92,1.88,37.31,6.35,5.44,25.24,36.87,29.48,7.0,16.92,43.17,0.15,soybean,vegetative,0.0,62.44,0.0,0.05,8.92,53.71,Moderate,Extreme Heat,0.11
2025-05-17,Hill Market,40.747,-73.985,23.56,50.49,9.96,13.68,1.79,48.68,6.85,4.5,36.77,34.91,38.71,9.79,15.65,90.27,0.17,corn,vegetative,3.67,37.42,0.0,43.27,31.87,42.61,Moderate,Acid Rain,0.15
2025-05-17,North Valley,40.733,-73.995,28.25,38.78,6.65,24.02,1.67,42.0,6.07,5.38,23.08,32.53,18.26,1.12,14.65,40.45,0.18,wheat,vegetative,0.0,60.98,0.0,2.67,5.35,56.26,High,Extreme Heat,0.11
2025-05-17,River Bend,40.712,-74.02,25.09,57.41,11.22,19.38,2.26,41.2,6.31,5.27,32.9,31.07,33.3,5.23,15.25,73.08,0.2,wheat,vegetative,1.12,57.24,0.0,3.23,22.33,47.55,Moderate,Extreme Heat,0.1
2025-05-17,South Fields,40.691,-74.01,27.14,50.97,8.68,11.63,1.85,40.57,6.63,5.06,24.82,32.73,22.89,1.93,12.02,49.8,0.23,wheat,vegetative,3.11,61.92,0.0,0.34,3.6,51.27,Moderate,Extreme Heat,0.11
2025-05-18,East Orchard,40.724,-73.965,25.49,58.27,10.84,10.17,2.0,42.41,5.97,5.31,16.24,31.83,27.96,9.71,16.11,58.78,0.15,soybean,vegetative,3.57,49.45,0.0,0.0,3.36,41.52,Moderate,Extreme Heat,0.1
2025-05-18,Hill Market,40.747,-73.985,23.25,48.54,1.25,4.71,1.52,36.49,6.52,4.46,22.56,23.31,27.43,4.91,16.4,66.65,0.17,wheat,vegetative,2.13,36.66,2.84,34.39,12.61,33.59,Low,Extreme Heat,0.11
2025-05-18,North Valley,40.733,-73.995,26.63,55.61,26.68,8.29,2.63,61.32,5.69,5.45,10.63,43.89,37.59,12.03,15.06,63.57,0.18,wheat,vegetative,11.65,65.63,0.28,0.36,8.43,59.09,High,Extreme Heat,0.14
2025-05-18,River Bend,40.712,-74.02,23.94,57.58,9.76,19.35,2.13,39.44,6.17,4.88,30.97,39.27,39.19,5.5,13.54,82.81,0.2,wheat,vegetative,3.18,48.46,0.0,10.49,21.97,38.17,Moderate,Extreme Heat,0.1
2025-05-18,South Fields,40.691,-74.01,24.8,49.9,3.18,29.64,2.07,49.92,6.53,4.95,24.31,41.59,22.35,9.9,15.98,51.12,0.23,vegetable,vegetative,5.39,54.17,0.67,1.19,12.99,45.3,Moderate,Extreme Heat,0.14
2025-05-19,East Orchard,40.724,-73.965,24.55,52.87,4.96,13.54,1.93,32.11,6.49,5.52,22.33,28.6,18.61,8.88,14.45,44.24,0.15,wheat,vegetative,5.31,45.12,1.09,0.0,0.68,41.01,Moderate,Extreme Heat,0.09
2025-05-19,Hill Market,40.747,-73.985,27.06,45.99,5.93,2.36,2.12,43.98,6.59,5.0,37.93,34.18,36.1,12.93,11.8,76.55,0.17,soybean,vegetative,0.0,64.7,0.0,0.18,29.45,57.45,High,Extreme Heat,0.12
2025-05-19,North Valley,40.733,-73.995,28.42,73.12,6.01,31.71,1.88,33.1,6.48,5.53,30.92,42.24,41.72,4.88,12.54,70.39,0.18,wheat,vegetative,2.35,78.19,0.0,3.26,20.85,70.54,High,Extreme Heat,0.14
2025-05-19,River Bend,40.712,-74.02,22.48,75.39,8.8,18.6,2.53,25.89,6.18,4.7,22.94,40.81,33.35,10.41,12.54,89.77,0.2,corn,vegetative,1.72,48.08,3.56,20.91,11.55,43.78,Moderate,Extreme Heat,0.13
2025-05-19,South Fields,40.691,-74.01,17.52,61.1,21.72,14.11,2.33,40.69,6.61,5.28,14.03,37.93,33.34,7.78,15.05,53.93,0.23,vegetable,vegetative,5.91,23.87,0.0,0.86,2.07,21.46,Low,Extreme Heat,0.07
2025-05-20,East Orchard,40.724,-73.965,24.93,61.1,11.41,21.35,2.07,47.18,6.05,5.08,1.3,42.98,21.4,5.62,15.0,45.79,0.15,wheat,vegetative,0.0,52.7,2.97,4.28,4.32,45.15,Moderate,Extreme Heat,0.1
2025-05-20,Hill Market,40.747,-73.985,25.55,56.94,6.46,4.36,1.79,32.36,6.78,5.01,28.99,45.09,37.94,5.7,14.83,73.16,0.17,corn,vegetative,0.0,61.73,0.0,12.59,22.07,56.31,High,Extreme Heat,0.14
2025-05-20,North Valley,40.733,-73.995,23.48,49.84,20.12,13.73,2.49,51.85,6.37,4.94,25.9,45.35,40.93,10.04,13.12,68.15,0.18,soybean,vegetative,6.5,40.45,0.31,13.88,21.74,37.19,Moderate,Extreme Heat,0.11
2025-05-20,River Bend,40.712,-74.02,31.11,19.75,11.06,22.66,2.28,29.9,6.17,4.97,24.59,41.86,33.27,13.74,15.41,72.65,0.2,rice,vegetative,4.03,74.93,0.73,6.94,14.45,61.9,High,Extreme Heat,0.13
2025-05-20,South Fields,40.691,-74.01,22.62,53.71,7.41,16.13,2.15,43.64,6.64,5.31,17.32,22.04,41.33,10.67,17.27,75.2,0.23,soybean,vegetative,1.54,34.28,0.45,4.52,7.78,33.0,Low,Extreme Heat,0.07
2025-05-21,East Orchard,40.724,-73.965,25.87,58.82,1.54,2.15,1.94,24.71,6.26,5.69,17.89,37.48,24.35,6.88,15.89,48.5,0.15,corn,vegetative,4.92,56.68,0.0,0.0,7.82,48.56,Moderate,Extreme Heat,0.12
2025-05-21,Hill Market,40.747,-73.985,25.47,32.82,5.31,11.89,1.68,26.7,6.41,4.63,25.17,29.44,29.56,6.67,18.53,63.32,0.17,corn,vegetative,0.0,43.06,1.42,22.32,8.91,40.5,Moderate,Extreme Heat,0.12
2025-05-21,North Valley,40.733,-73.995,25.12,50.61,4.06,8.86,2.04,36.53,6.34,5.13,21.43,35.69,33.08,8.02,14.98,55.89,0.18,wheat,vegetative,0.0,50.53,0.55,0.0,5.65,42.64,Moderate,Extreme Heat,0.09
2025-05-21,River Bend,40.712,-74.02,23.27,56.41,13.07,13.54,2.66,41.26,6.11,5.08,26.09,31.58,41.39,8.1,14.13,68.63,0.2,wheat,vegetative,5.67,37.33,2.76,6.13,17.35,35.17,Moderate,Extreme Heat,0.09
2025-05-21,South Fields,40.691,-74.01,32.36,35.84,0.97,9.6,1.66,35.21,6.39,4.98,27.0,39.16,30.08,13.53,14.16,82.37,0.23,corn,vegetative,0.42,82.58,1.78,7.37,17.0,72.57,High,Extreme Heat,0.17
2025-05-22,East Orchard,40.724,-73.965,21.72,68.93,6.39,10.66,1.96,29.33,6.14,5.21,16.99,26.57,27.39,5.36,14.48,72.42,0.15,corn,vegetative,0.3,36.95,4.09,1.77,7.12,29.69,Low,Extreme Heat,0.08
2025-05-22,Hill Market,40.747,-73.985,26.39,69.39,9.11,9.05,2.05,18.27,6.62,4.78,6.43,31.52,25.09,7.4,15.8,50.3,0.17,corn,vegetative,0.58,69.71,0.89,4.55,1.79,62.34,High,Extreme Heat,0.14
2025-05-22,North Valley,40.733,-73.995,23.04,46.82,4.56,8.33,1.86,33.77,6.3,5.26,12.34,39.95,24.58,6.44,17.97,59.02,0.18,vegetable,vegetative,2.77,36.48,0.76,0.0,0.0,34.52,Low,Extreme Heat,0.09
2025-05-22,River Bend,40.712,-74.02,21.47,62.87,6.23,15.76,2.42,27.87,6.09,5.03,22.93,51.96,25.51,3.71,16.95,47.7,0.2,wheat,vegetative,1.43,37.29,1.72,2.52,12.91,27.72,Low,Extreme Heat,0.07
2025-05-22,South Fields,40.691,-74.01,22.43,56.57,2.34,2.81,1.86,34.99,6.42,5.08,23.24,28.57,25.65,6.79,14.58,62.69,0.23,corn,vegetative,0.15,34.44,1.76,1.49,8.22,27.02,Low,Extreme Heat,0.07
2025-05-23,East Orchard,40.724,-73.965,26.39,63.84,6.95,15.31,2.09,31.98,6.26,5.06,19.94,42.4,37.67,11.28,15.46,69.64,0.15,wheat,vegetative,0.0,68.06,0.22,8.36,15.15,56.6,High,Extreme Heat,0.13
2025-05-23,Hill Market,40.747,-73.985,26.75,46.8,6.24,5.85,1.91,38.9,6.55,4.71,29.97,39.3,35.14,2.64,10.99,76.41,0.17,wheat,vegetative,3.81,51.58,4.39,19.51,18.13,46.12,Moderate,Extreme Heat,0.12
2025-05-23,North Valley,40.733,-73.995,26.47,62.67,18.8,11.68,1.91,48.08,6.52,4.68,14.62,40.64,12.34,7.69,14.35,38.56,0.18,soybean,vegetative,4.67,62.66,0.0,16.41,6.07,53.48,Moderate,Extreme Heat,0.15
2025-05-23,River Bend,40.712,-74.02,20.2,40.69,4.13,16.94,2.15,22.56,6.19,5.11,17.24,27.38,29.93,7.57,11.35,68.55,0.2,wheat,vegetative,2.76,15.93,0.0,6.78,9.13,17.94,Low,Extreme Heat,0.04
2025-05-23,South Fields,40.691,-74.01,32.97,60.78,11.33,8.9,2.31,24.08,6.65,5.43,26.53,49.39,32.06,7.21,16.16,53.04,0.23,vegetable,vegetative,0.72,90.28,0.0,1.54,21.15,82.66,Severe,Extreme Heat,0.2
2025-05-24,East Orchard,40.724,-73.965,22.59,43.3,7.57,10.78,2.1,33.32,6.3,5.74,20.49,36.59,18.35,1.93,13.56,35.88,0.15,corn,vegetative,0.0,32.08,0.0,0.0,3.81,29.83,Low,Extreme Heat,0.06
2025-05-24,Hill Market,40.747,-73.985,22.24,59.31,2.2,8.84,2.08,26.5,6.31,5.02,17.58,44.76,24.19,9.6,16.96,65.86,0.17,vegetable,vegetative,4.57,34.37,1.71,4.56,9.69,27.41,Low,Extreme Heat,0.1
2025-05-24,North Valley,40.733,-73.995,22.78,54.92,13.61,23.01,2.11,44.23,6.4,5.6,14.32,34.47,23.08,1.51,14.49,36.25,0.18,vegetable,vegetative,2.75,35.75,5.31,0.72,7.98,32.52,Low,Extreme Heat,0.09
2025-05-24,River Bend,40.712,-74.02,26.87,36.84,7.82,18.75,2.56,41.45,6.21,5.14,21.51,48.45,36.64,5.94,14.49,80.25,0.2,wheat,vegetative,4.94,57.73,0.04,6.74,24.07,52.12,Moderate,Extreme Heat,0.12
2025-05-24,South Fields,40.691,-74.01,30.84,72.01,9.8,2.81,2.3,31.45,6.69,5.27,11.57,43.91,21.43,8.78,15.09,49.42,0.23,corn,vegetative,8.14,86.53,1.4,1.88,6.9,73.16,High,Extreme Heat,0.19
2025-05-25,East Orchard,40.724,-73.965,33.47,55.42,2.92,2.34,1.94,18.42,6.35,5.64,13.03,28.75,21.61,4.13,14.89,41.89,0.15,vegetable,vegetative,0.0,88.27,5.64,0.37,4.64,73.34,High,Extreme Heat,0.2
2025-05-25,Hill Market,40.747,-73.985,27.21,61.94,7.75,18.27,1.78,25.3,6.82,4.78,20.82,42.18,25.47,4.94,16.36,62.34,0.17,soybean,vegetative,2.1,69.71,0.0,9.51,3.38,58.42,High,Extreme Heat,0.14
2025-05-25,North Valley,40.733,-73.995,26.18,70.63,16.27,19.17,2.08,49.62,6.4,5.27,17.81,39.2,32.0,5.47,13.03,46.95,0.18,wheat,vegetative,4.5,68.67,0.0,0.0,6.34,56.35,High,Extreme Heat,0.13
2025-05-25,River Bend,40.712,-74.02,21.55,32.23,11.96,9.4,2.41,43.29,5.92,5.19,33.49,37.42,32.53,12.86,13.1,72.63,0.2,wheat,vegetative,5.86,27.04,0.54,4.47,21.6,22.0,Low,Extreme Heat,0.07
2025-05-25,South Fields,40.691,-74.01,28.28,50.67,5.62,13.45,2.57,58.4,7.02,4.54,17.95,49.16,41.31,9.05,14.65,68.59,0.23,rice,vegetative,4.68,72.04,0.0,36.46,17.87,65.18,High,Extreme Heat,0.16
2025-05-26,East Orchard,40.724,-73.965,25.33,76.66,20.82,11.03,2.37,52.78,6.05,4.93,7.22,34.21,23.83,9.98,16.03,33.69,0.15,corn,vegetative,3.66,61.5,0.0,14.12,6.39,50.33,Moderate,Extreme Heat,0.15
2025-05-26,Hill Market,40.747,-73.985,23.9,86.27,65.05,14.78,2.92,61.31,6.02,4.43,28.08,35.5,42.57,19.24,12.63,90.7,0.17,rice,vegetative,72.54,60.6,0.16,91.43,22.24,84.44,Severe,Acid Rain,0.34
2025-05-26,North Valley,40.733,-73.995,23.02,53.75,6.15,16.38,1.89,35.58,6.74,5.47,13.97,38.85,26.14,5.29,13.65,59.85,0.18,vegetable,vegetative,0.46,38.87,5.44,0.0,4.11,37.93,Moderate,Extreme Heat,0.09
2025-05-26,River Bend,40.712,-74.02,26.97,72.92,21.1,11.43,2.57,36.38,6.12,4.99,16.17,44.04,27.07,11.05,13.42,43.76,0.2,wheat,vegetative,7.83,71.53,4.68,9.15,8.25,65.43,High,Extreme Heat,0.16
2025-05-26,South Fields,40.691,-74.01,27.76,37.64,5.06,22.99,2.29,49.63,6.66,5.43,26.97,44.99,32.05,3.45,15.11,66.77,0.23,corn,vegetative,2.25,65.82,0.0,0.0,17.31,55.6,High,Extreme Heat,0.13
2025-05-27,East Orchard,40.724,-73.965,22.54,56.87,19.97,9.13,1.85,44.11,5.9,4.99,7.05,29.05,28.57,12.09,15.04,36.55,0.15,corn,vegetative,0.48,32.9,0.0,5.05,1.2,28.58,Low,Extreme Heat,0.07
2025-05-27,Hill Market,40.747,-73.985,20.88,54.0,3.19,6.04,1.99,25.78,6.46,4.44,15.29,41.97,38.43,12.65,14.02,84.55,0.17,corn,vegetative,5.85,25.63,4.06,44.7,11.22,36.49,Moderate,Acid Rain,0.13
2025-05-27,North Valley,40.733,-73.995,29.05,65.58,18.95,20.99,2.5,19.14,6.35,4.78,29.55,33.01,34.63,10.75,17.53,79.11,0.18,wheat,vegetative,4.82,76.29,4.76,24.5,19.42,68.58,High,Extreme Heat,0.18
2025-05-27,River Bend,40.712,-74.02,27.04,74.18,12.46,7.25,2.4,49.29,5.97,5.45,27.73,25.2,20.95,5.2,11.71,51.3,0.2,wheat,vegetative,1.7,69.31,0.0,2.16,11.08,57.58,High,Extreme Heat,0.12
2025-05-27,South Fields,40.691,-74.01,23.32,71.55,6.76,12.52,2.4,38.1,6.75,5.11,27.16,34.57,30.27,7.41,17.32,84.3,0.23,corn,vegetative,6.19,51.19,2.55,4.05,12.82,46.86,Moderate,Extreme Heat,0.12
2025-05-28,East Orchard,40.724,-73.965,20.84,45.26,5.94,8.89,1.88,34.5,6.35,5.65,32.94,32.47,27.08,7.99,14.51,63.98,0.15,corn,vegetative,0.0,21.84,0.0,1.85,17.87,18.73,Low,Extreme Heat,0.05
2025-05-28,Hill Market,40.747,-73.985,20.47,51.28,23.47,7.27,1.95,22.33,6.61,4.4,31.41,27.21,25.3,10.15,11.27,72.75,0.17,corn,vegetative,1.14,21.94,0.0,56.8,9.59,48.65,Moderate,Acid Rain,0.13
2025-05-28,North Valley,40.733,-73.995,26.73,53.93,15.08,26.47,2.03,23.81,6.04,5.61,18.22,25.65,31.91,6.17,16.94,67.38,0.18,wheat,vegetative,0.0,57.68,0.0,2.86,7.99,51.74,Moderate,Extreme Heat,0.1
2025-05-28,River Bend,40.712,-74.02,21.93,58.22,1.31,23.52,2.42,43.49,6.29,5.51,21.47,31.43,27.64,7.75,18.06,35.4,0.2,wheat,vegetative,1.91,37.97,2.69,2.44,8.26,32.93,Low,Extreme Heat,0.07
2025-05-28,South Fields,40.691,-74.01,22.97,67.21,4.39,11.54,2.43,27.82,6.7,5.56,20.56,33.11,37.96,7.04,14.96,73.82,0.23,rice,vegetative,0.0,48.95,2.08,0.0,9.67,40.37,Moderate,Extreme Heat,0.07
2025-05-29,East Orchard,40.724,-73.965,22.38,62.87,5.89,23.91,2.16,33.2,6.34,5.68,9.55,30.85,17.92,8.07,14.64,33.77,0.15,corn,vegetative,2.25,35.34,0.0,3.09,8.55,32.27,Low,Extreme Heat,0.08
2025-05-29,Hill Market,40.747,-73.985,23.97,57.92,14.72,11.38,1.96,33.03,6.19,4.94,36.64,42.47,41.56,7.85,14.41,84.92,0.17,vegetable,vegetative,0.0,49.97,0.0,12.87,29.57,39.55,Moderate,Extreme Heat,0.13
2025-05-29,North Valley,40.733,-73.995,19.22,41.12,1.93,19.68,2.17,37.96,6.41,5.85,20.69,24.75,28.19,6.87,16.15,58.74,0.18,vegetable,vegetative,2.09,10.2,0.0,3.11,7.49,8.51,Low,Extreme Heat,0.03
2025-05-29,River Bend,40.712,-74.02,19.52,66.37,13.31,15.27,2.39,41.99,6.19,4.71,15.41,33.06,40.47,5.94,15.46,62.75,0.2,wheat,vegetative,4.7,27.15,0.0,22.4,12.27,27.36,Low,Extreme Heat,0.09
2025-05-29,South Fields,40.691,-74.01,31.0,52.06,2.54,4.23,2.09,26.69,6.72,4.87,22.43,52.97,33.44,5.63,13.72,59.39,0.23,rice,vegetative,0.0,82.14,1.61,8.72,15.42,66.31,High,Extreme Heat,0.13
2025-05-30,East Orchard,40.724,-73.965,24.95,68.07,18.68,15.31,2.38,43.98,5.94,5.8,10.71,41.77,26.63,7.05,19.48,50.64,0.15,rice,vegetative,3.13,55.37,8.14,0.0,6.65,46.97,Moderate,Extreme Heat,0.09
2025-05-30,Hill Market,40.747,-73.985,22.21,56.26,5.63,11.01,2.14,32.04,6.48,5.32,17.57,26.48,31.75,10.12,14.46,75.77,0.17,rice,vegetative,5.17,32.07,0.0,0.0,7.94,28.3,Low,Extreme Heat,0.06
2025-05-30,North Valley,40.733,-73.995,23.02,65.84,9.04,7.56,2.14,40.43,6.33,4.9,19.74,31.24,19.21,7.85,15.47,48.93,0.18,wheat,vegetative,6.49,41.58,0.0,8.49,6.87,36.47,Moderate,Extreme Heat,0.1
2025-05-30,River Bend,40.712,-74.02,38.94,52.46,6.86,14.0,2.14,28.21,6.3,5.21,26.84,64.39,42.4,11.07,15.62,67.83,0.2,wheat,vegetative,0.0,97.07,1.49,0.71,31.68,85.35,Severe,Extreme Heat,0.17
2025-05-30,South Fields,40.691,-74.01,26.5,56.28,24.4,2.92,2.5,35.74,6.13,4.83,28.77,49.99,35.94,9.56,15.2,83.17,0.23,vegetable,vegetative,7.79,66.43,1.75,24.57,19.31,61.57,High,Extreme Heat,0.21
2025-05-31,East Orchard,40.724,-73.965,24.03,47.87,11.17,8.28,2.26,49.4,6.14,5.43,17.23,36.72,28.23,11.03,11.46,45.23,0.15,soybean,vegetative,1.06,43.71,0.0,1.11,10.12,38.52,Moderate,Extreme Heat,0.08
2025-05-31,Hill Market,40.747,-73.985,40.34,66.59,2.0,40.12,1.74,34.57,6.68,4.53,30.28,60.45,35.25,11.72,13.29,80.61,0.17,soybean,vegetative,0.0,99.22,0.0,29.81,25.83,88.07,Severe,Extreme Heat,0.22
2025-05-31,North Valley,40.733,-73.995,28.34,25.81,8.33,4.74,2.44,56.11,6.18,5.55,21.6,53.06,32.94,7.62,13.72,69.5,0.18,wheat,vegetative,0.37,60.63,0.0,2.98,16.82,50.82,Moderate,Extreme Heat,0.11
2025-05-31,River Bend,40.712,-74.02,31.82,65.59,4.1,15.62,2.63,38.72,6.21,4.62,25.61,41.84,39.85,11.15,15.5,64.5,0.2,wheat,vegetative,2.64,95.8,4.45,39.39,12.33,85.16,Severe,Extreme Heat,0.22
2025-05-31,South Fields,40.691,-74.01,32.32,57.81,8.63,18.1,2.25,35.76,6.76,4.6,27.9,29.78,20.83,5.43,10.63,34.03,0.23,corn,vegetative,0.81,89.44,1.22,18.4,8.46,78.83,Severe,Extreme Heat,0.2
2025-06-01,East Orchard,40.724,-73.965,23.91,80.26,9.17,4.95,2.16,37.77,6.24,5.48,25.88,23.53,28.44,10.91,14.67,65.28,0.15,corn,vegetative,3.47,49.23,0.0,0.0,12.64,39.54,Moderate,Extreme Heat,0.1
2025-06-01,Hill Market,40.747,-73.985,28.62,68.38,28.63,8.94,2.43,40.87,6.46,4.08,25.91,50.79,31.03,12.51,13.63,56.74,0.17,corn,vegetative,3.05,75.39,1.56,86.28,16.68,79.18,Severe,Acid Rain,0.28
2025-06-01,North Valley,40.733,-73.995,27.59,46.46,12.03,2.03,1.95,45.36,6.4,5.14,11.76,41.47,23.09,9.91,13.3,43.66,0.18,wheat,vegetative,2.55,64.47,0.0,0.0,6.87,54.61,Moderate,Extreme Heat,0.12
2025-06-01,River Bend,40.712,-74.02,26.76,73.78,10.89,15.4,2.51,34.19,6.44,4.82,31.32,40.31,29.65,3.84,15.6,61.09,0.2,vegetable,vegetative,4.59,71.72,5.69,5.02,25.39,62.34,High,Extreme Heat,0.18
2025-06-01,South Fields,40.691,-74.01,25.62,74.52,26.87,37.15,2.3,56.18,6.06,4.89,18.5,32.33,21.11,12.1,15.52,41.11,0.23,corn,vegetative,15.31,67.98,0.0,12.25,1.65,61.39,High,Extreme Heat,0.19
2025-06-02,East Orchard,40.724,-73.965,20.25,49.6,2.91,22.96,2.27,48.66,6.2,4.91,10.46,28.63,32.55,6.97,13.04,62.12,0.15,rice,vegetative,1.87,19.72,0.0,10.42,6.56,13.65,Low,Extreme Heat,0.04
2025-06-02,Hill Market,40.747,-73.985,22.85,69.6,18.52,31.12,2.07,47.38,6.27,4.71,19.64,40.14,30.67,10.87,15.03,78.72,0.17,vegetable,vegetative,6.11,46.03,0.0,25.61,13.16,35.29,Moderate,Extreme Heat,0.16
2025-06-02,North Valley,40.733,-73.995,29.49,38.98,4.61,17.06,1.96,25.68,6.56,5.23,18.51,43.74,26.41,6.95,18.98,26.67,0.18,wheat,vegetative,2.5,68.61,0.0,2.06,3.17,60.37,High,Extreme Heat,0.12
2025-06-02,River Bend,40.712,-74.02,31.92,52.66,3.56,2.8,2.35,39.51,6.26,4.84,23.01,41.92,25.66,9.03,14.45,61.02,0.2,wheat,vegetative,0.63,84.44,0.0,9.24,5.4,70.49,High,Extreme Heat,0.16
2025-06-02,South Fields,40.691,-74.01,18.52,56.36,3.22,18.37,2.32,22.62,6.69,4.96,20.6,41.26,32.52,12.43,13.02,72.71,0.23,corn,vegetative,0.0,25.03,0.0,4.91,11.37,21.39,Low,Extreme Heat,0.06
2025-06-03,East Orchard,40.724,-73.965,22.87,51.58,3.84,8.4,2.04,26.7,6.3,4.95,12.02,31.05,16.03,5.61,17.98,30.28,0.15,corn,vegetative,0.34,32.96,0.0,0.82,5.07,23.2,Low,Extreme Heat,0.07
2025-06-03,Hill Market,40.747,-73.985,26.54,55.63,15.28,7.14,2.22,27.3,6.31,5.0,21.42,40.84,29.44,12.45,13.87,62.66,0.17,vegetable,vegetative,0.0,60.43,2.08,7.81,12.23,54.46,Moderate,Extreme Heat,0.14
2025-06-03,North Valley,40.733,-73.995,30.56,41.46,8.62,8.7,2.05,19.96,6.39,5.07,26.7,40.84,41.94,13.73,16.34,78.01,0.18,rice,vegetative,5.02,77.88,0.0,9.2,21.33,66.63,High,Extreme Heat,0.13
2025-06-03,River Bend,40.712,-74.02,24.27,62.07,2.43,6.24,2.36,12.73,6.39,5.06,25.18,35.04,29.82,11.39,12.46,66.96,0.2,wheat,vegetative,2.37,49.89,0.0,6.04,7.04,42.35,Moderate,Extreme Heat,0.1
2025-06-03,South Fields,40.691,-74.01,23.55,46.52,2.16,12.99,2.25,36.62,6.45,5.47,24.36,21.7,33.53,15.91,14.07,76.6,0.23,soybean,vegetative,2.0,44.05,2.11,0.0,11.65,39.82,Moderate,Extreme Heat,0.09
2025-06-04,East Orchard,40.724,-73.965,25.38,35.54,8.03,26.44,2.08,36.38,6.16,5.11,34.38,27.06,26.98,9.29,11.65,65.15,0.15,soybean,vegetative,1.81,37.68,0.0,4.67,14.31,33.85,Low,Extreme Heat,0.08
2025-06-04,Hill Market,40.747,-73.985,25.56,60.03,6.19,23.34,2.19,42.35,6.59,5.07,25.01,37.06,46.2,8.62,13.46,96.7,0.17,corn,vegetative,0.0,56.83,3.27,4.4,19.97,53.02,Moderate,Extreme Heat,0.12
2025-06-04,North Valley,40.733,-73.995,34.55,63.66,6.3,5.56,2.3,37.67,6.58,5.65,15.65,39.9,33.63,13.58,12.12,56.26,0.18,soybean,vegetative,2.35,91.78,3.73,0.0,5.8,78.5,Severe,Extreme Heat,0.17
2025-06-04,River Bend,40.712,-74.02,24.06,31.04,9.2,7.7,2.56,48.33,6.16,4.5,16.29,35.45,28.02,11.58,16.98,65.9,0.2,wheat,vegetative,3.95,36.63,0.0,41.71,10.38,40.87,Moderate,Acid Rain,0.12
2025-06-04,South Fields,40.691,-74.01,24.62,66.56,7.94,16.13,2.44,24.42,6.87,5.38,22.62,26.03,38.52,11.91,16.41,81.7,0.23,corn,vegetative,5.75,53.22,0.0,0.0,15.0,41.62,Moderate,Extreme Heat,0.12
2025-06-05,East Orchard,40.724,-73.965,22.23,75.14,2.68,3.68,1.92,34.29,6.47,5.28,1.22,40.84,9.97,4.96,18.5,29.27,0.15,vegetable,vegetative,2.47,40.35,1.08,3.39,5.65,33.44,Low,Extreme Heat,0.1
2025-06-05,Hill Market,40.747,-73.985,28.65,57.44,5.53,7.6,1.94,39.22,6.58,5.04,27.82,46.65,32.44,7.05,16.17,81.59,0.17,vegetable,vegetative,0.0,71.28,0.0,5.87,23.14,62.45,High,Extreme Heat,0.16
2025-06-05,North Valley,40.733,-73.995,38.23,91.33,73.37,30.91,3.57,62.43,5.44,4.73,32.11,40.48,38.14,15.82,13.24,65.08,0.18,wheat,vegetative,94.5,99.05,0.2,76.7,25.07,94.82,Severe,Extreme Heat,0.49
2025-06-05,River Bend,40.712,-74.02,21.83,67.27,5.51,17.27,2.38,22.26,6.08,4.43,13.4,26.31,35.66,5.3,16.37,64.14,0.2,wheat,vegetative,3.67,37.1,4.49,45.94,4.33,44.47,Moderate,Acid Rain,0.13
2025-06-05,South Fields,40.691,-74.01,23.24,71.41,3.91,43.52,2.36,33.1,6.57,4.79,27.07,30.67,27.6,14.8,15.31,64.54,0.23,corn,vegetative,2.54,50.07,0.0,9.86,16.6,41.34,Moderate,Extreme Heat,0.12
2025-06-06,East Orchard,40.724,-73.965,24.26,43.9,5.32,15.05,1.86,16.22,6.0,5.29,4.45,39.73,13.44,6.09,13.77,41.3,0.15,corn,vegetative,3.34,46.74,0.0,7.21,7.49,41.43,Moderate,Extreme Heat,0.11
2025-06-06,Hill Market,40.747,-73.985,32.88,48.24,15.55,5.08,2.19,44.22,6.46,4.58,28.68,76.24,42.79,9.71,12.85,84.76,0.17,corn,vegetative,1.69,92.27,2.33,48.26,35.46,82.92,Severe,Extreme Heat,0.26
2025-06-06,North Valley,40.733,-73.995,16.39,64.77,5.19,24.19,2.35,20.4,6.2,5.46,21.15,14.4,24.03,13.78,11.84,43.2,0.18,soybean,vegetative,5.35,8.54,2.64,0.0,0.0,5.66,Low,Extreme Heat,0.03
2025-06-06,River Bend,40.712,-74.02,28.26,41.01,5.39,5.44,2.81,43.2,6.23,5.07,13.59,39.18,22.91,10.72,15.38,66.19,0.2,wheat,vegetative,0.0,61.82,0.0,4.24,8.62,50.52,Moderate,Extreme Heat,0.11
2025-06-06,South Fields,40.691,-74.01,28.15,66.83,21.79,13.78,2.82,47.17,6.6,4.78,26.87,49.3,31.4,14.79,13.04,73.67,0.23,corn,vegetative,12.26,76.08,2.86,19.76,13.98,66.6,High,Extreme Heat,0.21
2025-06-07,East Orchard,40.724,-73.965,34.56,64.87,6.9,9.46,2.0,36.35,6.55,5.67,10.38,49.04,32.47,4.87,14.82,42.82,0.15,corn,vegetative,0.16,91.19,1.47,0.0,1.74,77.27,Severe,Extreme Heat,0.18
2025-06-07,Hill Market,40.747,-73.985,21.18,50.81,12.2,7.13,2.27,54.81,6.39,5.02,19.7,37.49,30.76,7.14,14.4,53.77,0.17,corn,vegetative,1.44,22.17,5.53,8.2,2.51,16.23,Low,Extreme Heat,0.06
2025-06-07,North Valley,40.733,-73.995,31.54,53.48,0.66,13.51,2.02,35.27,6.34,5.86,15.2,47.38,23.56,6.89,12.45,45.88,0.18,soybean,vegetative,0.0,89.83,0.0,0.77,3.87,82.56,Severe,Extreme Heat,0.16
2025-06-07,River Bend,40.712,-74.02,25.67,53.37,10.41,8.15,2.65,37.17,6.12,4.91,21.6,28.14,28.8,8.94,15.34,57.02,0.2,wheat,vegetative,2.92,54.02,0.0,3.61,6.84,45.83,Moderate,Extreme Heat,0.1
2025-06-07,South Fields,40.691,-74.01,25.73,77.53,21.25,2.65,2.75,46.04,6.42,5.13,25.73,29.65,22.47,11.19,15.65,63.26,0.23,rice,vegetative,4.43,69.95,0.62,2.88,10.29,60.04,High,Extreme Heat,0.12
2025-06-08,East Orchard,40.724,-73.965,26.67,54.07,5.1,14.13,2.25,36.48,6.38,5.45,13.21,30.57,11.58,3.98,15.42,30.22,0.15,soybean,vegetative,0.0,57.71,1.61,0.0,4.49,54.82,Moderate,Extreme Heat,0.11
2025-06-08,Hill Market,40.747,-73.985,28.67,78.42,29.17,8.79,2.57,41.21,6.62,4.15,29.25,52.94,23.87,8.51,12.02,70.13,0.17,vegetable,vegetative,7.48,87.25,0.0,81.03,11.82,74.9,High,Extreme Heat,0.34
2025-06-08,North Valley,40.733,-73.995,30.23,59.82,8.45,8.34,2.11,42.45,6.57,5.58,14.41,45.08,26.62,1.85,15.56,51.32,0.18,wheat,vegetative,5.93,81.17,0.02,4.57,10.58,73.0,High,Extreme Heat,0.16
2025-06-08,River Bend,40.712,-74.02,26.23,83.35,4.14,6.35,2.44,27.42,6.47,5.04,24.59,39.18,17.77,4.44,12.78,23.9,0.2,wheat,vegetative,2.41,72.15,0.0,0.0,6.42,65.39,High,Extreme Heat,0.13
2025-06-08,South Fields,40.691,-74.01,25.4,47.61,1.79,10.44,2.22,35.65,6.95,5.48,26.15,35.36,18.87,3.73,14.18,61.58,0.23,corn,vegetative,0.0,53.54,0.0,0.29,5.13,44.14,Moderate,Extreme Heat,0.1
2025-06-09,East Orchard,40.724,-73.965,28.62,60.05,6.57,18.67,2.31,47.93,6.37,5.17,12.92,51.35,17.56,8.12,16.56,39.17,0.15,rice,vegetative,0.0,75.97,1.85,0.6,6.41,66.13,High,Extreme Heat,0.11
2025-06-09,Hill Market,40.747,-73.985,30.05,55.44,3.03,11.48,2.31,29.7,6.26,5.47,20.72,59.15,45.29,13.02,11.84,98.6,0.17,rice,vegetative,1.35,85.04,3.89,0.0,24.39,72.33,High,Extreme Heat,0.13
2025-06-09,North Valley,40.733,-73.995,31.65,62.2,24.8,6.85,2.62,39.96,5.9,4.82,16.45,36.09,27.93,6.44,13.03,38.37,0.18,soybean,vegetative,7.63,88.02,0.11,15.09,10.22,81.97,Severe,Extreme Heat,0.2
2025-06-09,River Bend,40.712,-74.02,26.89,100.0,95.78,17.74,4.18,74.7,5.16,4.23,23.13,41.99,27.41,19.42,9.13,58.43,0.2,wheat,vegetative,99.89,75.71,0.0,100.0,12.6,95.75,Severe,Acid Rain,0.49
2025-06-09,South Fields,40.691,-74.01,22.34,56.88,12.09,18.47,2.66,40.73,6.6,5.4,26.09,30.96,15.14,7.77,13.22,52.57,0.23,corn,vegetative,2.78,39.6,0.0,1.46,4.68,33.03,Low,Extreme Heat,0.09
2025-06-10,East Orchard,40.724,-73.965,28.37,51.97,4.17,14.36,2.33,38.83,6.31,5.9,26.06,38.28,30.62,10.75,16.21,75.03,0.15,corn,vegetative,0.0,70.49,6.43,0.0,11.34,59.65,High,Extreme Heat,0.14
2025-06-10,Hill Market,40.747,-73.985,30.25,63.36,5.91,12.28,2.13,30.02,6.72,4.34,26.08,54.16,33.06,11.65,11.52,88.44,0.17,wheat,vegetative,0.29,83.88,0.0,60.81,20.6,76.01,Severe,Extreme Heat,0.22
2025-06-10,North Valley,40.733,-73.995,24.77,46.63,13.13,20.46,2.38,55.65,6.33,5.68,15.96,28.61,23.14,13.04,14.91,57.81,0.18,rice,vegetative,5.76,45.41,1.74,0.0,10.77,40.59,Moderate,Extreme Heat,0.08
2025-06-10,River Bend,40.712,-74.02,27.51,52.07,8.37,14.17,2.34,43.64,5.95,4.76,28.59,45.95,41.59,10.64,13.54,84.18,0.2,wheat,vegetative,2.98,68.5,0.0,26.92,23.49,54.61,Moderate,Extreme Heat,0.16
2025-06-10,South Fields,40.691,-74.01,23.35,65.77,10.13,5.6,2.43,21.27,6.44,5.14,21.87,25.67,31.43,9.53,14.38,61.88,0.23,corn,vegetative,5.45,47.97,2.46,0.0,10.07,39.23,Moderate,Extreme Heat,0.11
2025-06-11,East Orchard,40.724,-73.965,24.39,48.28,2.05,3.68,2.37,40.2,6.24,5.15,22.06,42.86,37.34,9.41,14.56,76.68,0.15,corn,vegetative,1.59,42.77,2.2,5.63,14.09,32.11,Low,Extreme Heat,0.1
2025-06-11,Hill Market,40.747,-73.985,30.37,69.53,24.81,11.67,2.59,41.21,6.45,4.6,29.77,52.36,37.83,16.64,12.28,100.0,0.17,wheat,vegetative,8.73,91.96,0.69,48.86,24.51,84.36,Severe,Extreme Heat,0.24
2025-06-11,North Valley,40.733,-73.995,24.8,58.36,6.05,6.19,2.39,39.14,6.65,5.55,13.87,41.55,28.67,10.08,17.47,55.7,0.18,vegetable,vegetative,0.37,53.02,0.0,1.27,6.29,50.49,Moderate,Extreme Heat,0.12
2025-06-11,River Bend,40.712,-74.02,28.09,72.66,10.24,7.41,2.91,38.59,5.94,5.1,27.07,41.38,21.51,14.67,13.34,78.39,0.2,soybean,vegetative,7.28,76.18,3.88,4.81,9.49,66.61,High,Extreme Heat,0.17
2025-06-11,South Fields,40.691,-74.01,25.71,53.73,5.05,12.43,2.16,38.45,6.68,5.22,28.3,34.29,27.43,10.81,13.45,63.89,0.23,corn,vegetative,0.0,47.29,0.0,1.45,14.45,43.8,Moderate,Extreme Heat,0.09
2025-06-12,East Orchard,40.724,-73.965,23.28,52.51,4.95,4.87,1.73,37.9,5.92,5.22,23.46,44.75,28.98,12.67,17.03,60.23,0.15,vegetable,vegetative,0.0,35.97,0.0,1.34,11.77,32.57,Low,Extreme Heat,0.08
2025-06-12,Hill Market,40.747,-73.985,26.73,49.88,3.75,3.15,2.31,42.91,6.44,5.12,23.78,37.67,38.54,12.21,18.93,89.24,0.17,corn,vegetative,2.96,56.39,0.0,0.13,18.0,49.89,Moderate,Extreme Heat,0.12
2025-06-12,North Valley,40.733,-73.995,25.44,60.16,15.49,18.34,2.41,43.83,6.24,5.2,24.81,44.61,41.82,6.36,12.42,59.38,0.18,wheat,vegetative,3.61,61.02,3.85,3.59,18.55,55.07,High,Extreme Heat,0.12
2025-06-12,River Bend,40.712,-74.02,19.44,59.43,7.71,11.86,2.76,46.9,6.09,4.97,17.56,32.63,31.99,4.01,15.03,68.85,0.2,wheat,vegetative,2.03,22.98,3.47,10.81,7.39,19.89,Low,Extreme Heat,0.06
2025-06-12,South Fields,40.691,-74.01,29.38,59.96,4.9,26.16,2.5,30.58,6.54,5.23,21.29,43.79,31.55,6.65,14.32,72.3,0.23,corn,vegetative,0.0,80.8,0.59,5.09,8.78,69.24,High,Extreme Heat,0.16
2025-06-13,East Orchard,40.724,-73.965,25.54,75.21,52.34,14.49,2.99,55.69,5.72,5.04,21.37,37.71,32.22,15.12,14.73,50.79,0.15,wheat,vegetative,59.29,61.62,0.0,23.09,10.24,55.28,High,Extreme Heat,0.28
2025-06-13,Hill Market,40.747,-73.985,28.32,70.73,16.78,7.91,2.29,33.17,6.45,4.24,19.97,52.1,28.42,7.16,17.2,78.54,0.17,rice,vegetative,0.65,75.11,0.49,69.44,10.61,72.46,High,Extreme Heat,0.19
2025-06-13,North Valley,40.733,-73.995,31.71,67.1,11.81,20.3,2.79,40.59,6.74,5.12,31.92,45.52,32.51,11.79,14.68,65.09,0.18,wheat,vegetative,5.28,88.7,2.34,0.0,24.33,78.24,Severe,Extreme Heat,0.16
2025-06-13,River Bend,40.712,-74.02,28.93,63.33,14.16,14.83,2.62,42.58,6.23,4.82,23.18,31.12,33.84,3.3,16.35,51.64,0.2,wheat,vegetative,0.09,75.79,2.73,17.96,14.01,65.02,High,Extreme Heat,0.15
2025-06-13,South Fields,40.691,-74.01,29.76,47.54,10.4,11.28,2.25,33.67,6.52,5.38,19.74,43.0,21.28,5.0,14.88,51.9,0.23,corn,vegetative,0.0,76.4,0.0,4.65,8.46,63.91,High,Extreme Heat,0.15
2025-06-14,East Orchard,40.724,-73.965,24.16,66.79,3.52,19.46,1.96,24.01,6.41,5.28,19.06,37.16,29.01,7.59,14.86,51.59,0.15,vegetable,vegetative,0.0,47.06,0.0,5.94,10.05,39.62,Moderate,Extreme Heat,0.11
2025-06-14,Hill Market,40.747,-73.985,26.75,55.84,17.33,9.57,2.14,65.6,6.68,4.15,17.19,40.65,33.94,13.29,14.22,59.41,0.17,vegetable,vegetative,6.96,65.44,0.0,81.91,7.8,70.39,High,Acid Rain,0.29
2025-06-14,North Valley,40.733,-73.995,29.35,54.45,14.77,21.93,2.66,36.71,6.21,5.31,17.63,26.1,28.12,13.48,15.91,43.81,0.18,wheat,vegetative,4.43,73.81,1.37,0.0,7.24,61.72,High,Extreme Heat,0.14
2025-06-14,River Bend,40.712,-74.02,24.81,56.69,4.88,29.66,2.61,33.94,6.7,5.2,30.76,35.47,22.12,7.79,12.58,55.18,0.2,rice,vegetative,0.0,52.04,7.48,7.69,14.51,43.75,Moderate,Extreme Heat,0.09
2025-06-14,South Fields,40.691,-74.01,24.52,64.09,9.12,14.46,2.6,27.04,6.46,4.81,20.95,24.28,31.81,8.9,14.94,42.66,0.23,corn,vegetative,2.7,48.15,0.0,4.78,5.53,41.4,Moderate,Extreme Heat,0.11
2025-06-15,East Orchard,40.724,-73.965,22.36,35.3,5.37,7.72,2.07,36.53,6.27,5.52,19.6,22.91,22.7,5.5,18.57,53.86,0.15,wheat,vegetative,3.92,20.01,3.47,1.61,6.13,14.64,Low,Extreme Heat,0.05
2025-06-15,Hill Market,40.747,-73.985,28.81,38.3,9.73,7.72,2.35,32.05,6.48,5.12,29.58,47.56,30.6,13.31,9.59,72.95,0.17,vegetable,vegetative,4.53,68.98,0.95,4.76,19.29,60.36,High,Extreme Heat,0.17
2025-06-15,North Valley,40.733,-73.995,31.55,65.27,2.81,20.2,2.38,40.73,6.56,5.21,12.05,45.0,25.34,11.31,14.82,56.2,0.18,wheat,vegetative,0.0,89.5,0.0,0.0,1.65,77.2,Severe,Extreme Heat,0.15
2025-06-15,River Bend,40.712,-74.02,26.82,100.0,78.28,10.93,4.02,80.95,5.58,4.67,18.28,46.45,43.1,18.78,17.93,81.21,0.2,corn,vegetative,94.44,80.7,2.72,91.36,18.43,91.55,Severe,Flood,0.55
2025-06-15,South Fields,40.691,-74.01,30.89,63.91,20.59,9.07,2.68,40.71,6.39,5.29,12.72,41.57,23.23,11.97,11.84,39.04,0.23,soybean,vegetative,3.08,84.06,0.0,1.93,6.44,71.32,High,Extreme Heat,0.16
2025-06-16,East Orchard,40.724,-73.965,21.73,48.59,2.0,6.46,2.2,30.36,6.34,5.11,13.15,17.35,18.66,5.94,12.29,42.45,0.15,wheat,vegetative,0.14,25.7,3.99,0.0,0.0,23.0,Low,Extreme Heat,0.05
2025-06-16,Hill Market,40.747,-73.985,23.53,60.47,4.16,3.17,1.85,26.06,6.42,4.62,24.81,31.24,37.88,3.17,14.67,74.8,0.17,wheat,vegetative,0.0,40.73,0.0,24.8,9.16,37.54,Moderate,Extreme Heat,0.1
2025-06-16,North Valley,40.733,-73.995,30.86,78.11,22.01,3.52,2.79,47.48,6.27,4.75,35.21,40.67,25.35,11.43,13.86,61.17,0.18,wheat,vegetative,8.82,90.54,0.0,25.17,16.32,75.04,Severe,Extreme Heat,0.21
2025-06-16,River Bend,40.712,-74.02,30.61,71.07,11.42,6.33,2.63,47.12,6.07,4.99,17.94,48.99,30.58,1.79,16.33,60.11,0.2,wheat,vegetative,5.17,86.59,1.57,1.52,10.97,77.91,Severe,Extreme Heat,0.16
2025-06-16,South Fields,40.691,-74.01,27.43,60.25,15.99,12.34,2.29,40.06,6.55,5.05,15.79,41.65,18.82,2.78,15.0,40.81,0.23,wheat,vegetative,0.0,69.62,0.0,0.0,1.76,59.21,High,Extreme Heat,0.12
2025-06-17,East Orchard,40.724,-73.965,21.17,67.59,7.89,21.51,1.61,35.87,6.05,5.58,20.16,29.71,20.18,9.64,14.8,42.69,0.15,corn,vegetative,4.43,30.62,1.7,2.98,3.56,30.99,Low,Extreme Heat,0.08
2025-06-17,Hill Market,40.747,-73.985,30.0,51.74,10.47,4.29,1.5,49.99,6.74,4.79,29.35,41.4,29.65,8.5,15.68,87.23,0.17,corn,vegetative,2.12,78.66,0.0,13.8,18.38,67.57,High,Extreme Heat,0.18
2025-06-17,North Valley,40.733,-73.995,32.71,70.22,13.39,5.89,1.65,38.85,6.34,5.21,7.74,52.2,19.64,9.93,14.79,40.69,0.18,wheat,vegetative,0.66,85.39,2.21,2.24,2.68,71.26,High,Extreme Heat,0.15
2025-06-17,River Bend,40.712,-74.02,28.85,34.96,3.18,13.54,2.12,33.89,6.46,4.91,26.68,51.5,36.97,5.21,13.94,67.84,0.2,rice,vegetative,2.65,65.85,0.0,2.44,16.36,59.85,High,Extreme Heat,0.1
2025-06-17,South Fields,40.691,-74.01,31.6,55.98,16.9,24.52,2.15,37.75,6.53,5.51,19.95,48.4,28.33,16.94,11.48,59.63,0.23,corn,vegetative,3.36,86.15,0.77,0.86,10.15,79.14,Severe,Extreme Heat,0.18
2025-06-18,East Orchard,40.724,-73.965,28.27,66.44,7.52,33.92,1.98,54.4,5.9,5.2,16.44,37.7,23.28,7.82,13.71,40.77,0.15,corn,vegetative,4.73,74.64,0.0,1.16,0.0,62.7,High,Extreme Heat,0.16
2025-06-18,Hill Market,40.747,-73.985,29.3,54.45,4.91,6.49,1.73,26.68,6.56,5.11,30.56,46.42,30.5,11.7,15.89,78.26,0.17,corn,vegetative,0.0,77.35,4.55,2.03,17.77,70.55,High,Extreme Heat,0.16
2025-06-18,North Valley,40.733,-73.995,30.81,35.44,5.4,22.22,1.83,34.86,6.41,5.37,16.53,42.08,20.16,8.35,12.17,57.62,0.18,soybean,vegetative,2.71,75.36,0.0,0.0,6.61,62.53,High,Extreme Heat,0.14
2025-06-18,River Bend,40.712,-74.02,32.38,60.86,16.19,12.3,2.23,43.36,6.23,4.36,23.79,52.47,25.97,5.9,13.42,81.05,0.2,rice,vegetative,6.45,90.69,0.0,60.86,19.99,85.05,Severe,Extreme Heat,0.21
2025-06-18,South Fields,40.691,-74.01,23.66,49.17,13.1,14.14,1.98,43.72,6.62,4.94,25.05,43.98,20.53,7.77,12.57,53.52,0.23,corn,vegetative,0.5,43.93,0.78,2.9,10.14,37.38,Moderate,Extreme Heat,0.09
2025-06-19,East Orchard,40.724,-73.965,26.26,61.18,11.03,11.63,1.81,27.75,6.37,4.8,11.42,48.27,24.19,9.57,18.94,54.73,0.15,corn,vegetative,2.07,65.63,0.19,11.88,3.59,58.23,High,Extreme Heat,0.15
2025-06-19,Hill Market,40.747,-73.985,27.41,40.66,6.39,6.7,1.62,33.48,7.12,4.94,28.22,39.73,39.47,9.48,15.28,86.07,0.17,corn,vegetative,0.0,57.37,0.32,6.82,29.47,50.87,Moderate,Extreme Heat,0.12
2025-06-19,North Valley,40.733,-73.995,30.35,47.54,5.22,9.05,1.95,37.9,6.31,5.15,22.17,40.82,23.91,2.85,16.7,48.44,0.18,vegetable,vegetative,0.0,78.69,3.03,0.0,8.31,69.98,High,Extreme Heat,0.17
2025-06-19,River Bend,40.712,-74.02,17.71,70.72,7.09,4.59,2.2,42.37,6.18,5.34,18.7,35.63,29.21,10.43,14.8,57.84,0.2,wheat,vegetative,0.0,21.27,0.0,0.0,10.56,18.94,Low,Extreme Heat,0.04
2025-06-19,South Fields,40.691,-74.01,12.78,65.1,7.54,8.16,1.98,44.68,6.52,4.94,18.73,30.21,33.99,5.2,14.3,66.49,0.23,rice,vegetative,4.58,1.92,0.0,9.45,8.04,10.61,Low,Acid Rain,0.02
2025-06-20,East Orchard,40.724,-73.965,26.24,63.47,20.63,23.48,2.04,43.55,6.14,5.3,9.13,29.27,19.34,10.77,17.46,35.81,0.15,vegetable,vegetative,4.1,53.36,0.0,2.57,3.99,46.83,Moderate,Extreme Heat,0.13
2025-06-20,Hill Market,40.747,-73.985,25.83,34.99,4.85,6.0,1.44,42.21,6.36,4.73,25.52,40.86,24.03,6.91,13.42,61.66,0.17,corn,vegetative,2.85,51.88,1.82,12.78,13.99,43.89,Moderate,Extreme Heat,0.13
2025-06-20,North Valley,40.733,-73.995,27.98,49.84,3.15,7.8,1.75,36.14,6.66,5.34,14.67,39.74,20.74,6.36,16.92,47.14,0.18,wheat,vegetative,0.0,69.42,2.45,0.0,9.43,59.76,High,Extreme Heat,0.12
2025-06-20,River Bend,40.712,-74.02,35.01,51.44,7.25,16.18,2.48,44.37,6.18,5.26,26.87,52.28,34.61,3.18,15.69,71.81,0.2,wheat,vegetative,2.72,95.22,2.0,3.07,19.02,84.15,Severe,Extreme Heat,0.17
2025-06-20,South Fields,40.691,-74.01,23.91,52.79,6.03,8.0,2.1,25.1,6.55,5.09,21.37,25.59,35.81,7.84,15.95,60.88,0.23,corn,vegetative,1.85,42.28,4.45,0.13,10.27,35.8,Moderate,Extreme Heat,0.09
2025-06-21,East Orchard,40.724,-73.965,22.42,40.97,9.26,12.24,1.78,32.79,5.97,4.99,12.93,35.86,23.36,11.38,14.04,44.54,0.15,corn,vegetative,0.27,34.82,0.0,5.29,8.29,30.7,Low,Extreme Heat,0.08
2025-06-21,Hill Market,40.747,-73.985,30.09,74.85,9.26,10.61,1.99,38.14,6.36,4.71,23.7,51.5,37.71,6.77,14.71,71.11,0.17,corn,vegetative,2.18,87.2,1.94,25.26,19.18,76.28,Severe,Extreme Heat,0.21
2025-06-21,North Valley,40.733,-73.995,29.58,72.18,10.21,7.82,1.83,50.0,6.55,5.36,32.75,44.52,34.0,9.37,11.37,55.06,0.18,wheat,vegetative,0.71,88.16,0.12,4.7,21.0,75.65,Severe,Extreme Heat,0.16
2025-06-21,River Bend,40.712,-74.02,27.89,61.05,8.58,5.64,2.13,22.74,6.03,4.72,25.81,32.45,34.11,13.85,14.21,49.5,0.2,wheat,vegetative,0.0,71.79,4.42,21.27,13.57,60.49,High,Extreme Heat,0.15
2025-06-21,South Fields,40.691,-74.01,24.2,65.35,5.73,7.4,2.18,28.45,6.38,4.84,17.37,33.28,19.76,5.09,16.26,35.54,0.23,corn,vegetative,3.45,48.84,0.0,5.38,8.1,44.55,Moderate,Extreme Heat,0.11
2025-06-22,East Orchard,40.724,-73.965,24.46,76.59,49.82,11.87,2.68,43.78,5.56,4.77,8.13,49.81,19.51,13.46,16.29,44.6,0.15,soybean,vegetative,38.63,58.63,0.0,38.61,5.62,55.42,High,Extreme Heat,0.26
2025-06-22,Hill Market,40.747,-73.985,24.99,68.75,9.81,16.11,1.72,32.34,6.54,4.44,26.09,26.18,21.35,4.28,13.33,36.88,0.17,corn,vegetative,0.0,50.07,2.48,34.92,10.21,40.73,Moderate,Extreme Heat,0.15
2025-06-22,North Valley,40.733,-73.995,23.8,56.66,15.0,16.6,2.27,42.09,6.55,5.67,15.36,44.03,28.73,7.89,10.36,42.54,0.18,wheat,vegetative,3.16,47.31,1.61,0.0,6.79,42.41,Moderate,Extreme Heat,0.09
2025-06-22,River Bend,40.712,-74.02,19.21,62.08,16.38,5.72,2.34,35.44,6.07,4.45,19.29,25.67,36.24,10.32,15.3,78.42,0.2,wheat,vegetative,2.62,21.66,7.33,63.36,10.22,54.53,Moderate,Acid Rain,0.13
2025-06-22,South Fields,40.691,-74.01,27.07,64.35,9.63,9.18,1.86,39.26,6.64,4.76,22.96,33.35,30.35,10.04,12.2,58.76,0.23,soybean,vegetative,6.55,66.55,0.0,20.4,10.6,59.04,High,Extreme Heat,0.16
2025-06-23,East Orchard,40.724,-73.965,29.33,90.68,5.08,17.52,1.75,46.06,6.54,5.57,16.77,32.62,21.06,11.21,15.61,31.74,0.15,corn,vegetative,0.0,84.84,4.19,2.03,4.78,75.28,Severe,Extreme Heat,0.17
2025-06-23,Hill Market,40.747,-73.985,24.18,73.81,1.17,2.55,1.45,25.22,6.54,4.91,21.26,18.44,43.78,8.8,14.45,78.76,0.17,corn,vegetative,0.0,49.81,1.08,14.05,15.9,41.41,Moderate,Extreme Heat,0.12
2025-06-23,North Valley,40.733,-73.995,27.01,51.43,7.5,2.91,2.1,26.09,6.41,5.23,16.07,32.87,22.77,7.41,14.7,38.98,0.18,wheat,vegetative,0.73,60.57,0.0,0.0,3.3,49.5,Moderate,Extreme Heat,0.1
2025-06-23,River Bend,40.712,-74.02,28.42,64.88,37.45,8.78,3.02,42.11,5.62,5.03,30.58,56.09,31.38,15.06,13.36,66.25,0.2,wheat,vegetative,33.21,78.47,2.08,18.61,22.07,69.77,High,Extreme Heat,0.24
2025-06-23,South Fields,40.691,-74.01,27.35,63.75,12.65,11.14,2.5,33.14,6.43,5.04,18.2,33.48,25.27,5.04,14.97,53.29,0.23,corn,vegetative,3.06,70.29,5.37,2.2,9.39,60.14,High,Extreme Heat,0.15
2025-06-24,East Orchard,40.724,-73.965,28.5,60.49,10.34,12.24,2.05,14.97,6.12,5.2,41.86,46.5,34.76,7.47,17.33,56.01,0.15,rice,vegetative,6.58,78.64,0.73,0.0,32.61,70.44,High,Extreme Heat,0.13
2025-06-24,Hill Market,40.747,-73.985,32.11,62.27,15.17,8.09,1.96,43.49,6.55,5.06,29.01,42.35,36.27,11.53,14.64,82.95,0.17,corn,vegetative,0.0,87.13,0.0,1.61,23.29,76.44,Severe,Extreme Heat,0.17
2025-06-24,North Valley,40.733,-73.995,32.0,68.33,1.43,5.49,1.72,47.37,6.74,5.32,24.98,46.91,28.38,5.42,12.4,46.82,0.18,wheat,vegetative,2.1,83.74,0.48,2.89,15.92,73.75,High,Extreme Heat,0.15
2025-06-24,River Bend,40.712,-74.02,20.51,66.14,8.6,10.14,2.46,40.69,6.46,4.85,31.93,34.32,35.1,12.48,13.05,87.79,0.2,soybean,vegetative,1.0,28.47,0.0,12.53,21.85,25.96,Low,Extreme Heat,0.07
2025-06-24,South Fields,40.691,-74.01,24.7,67.56,11.44,25.39,1.93,25.11,6.52,5.29,21.36,29.91,29.92,7.52,15.04,43.51,0.23,corn,vegetative,2.77,55.59,6.39,3.28,9.04,44.81,Moderate,Extreme Heat,0.13
2025-06-25,East Orchard,40.724,-73.965,26.36,34.81,4.8,5.29,1.82,49.58,5.94,5.8,29.28,33.78,29.37,13.22,14.61,70.89,0.15,corn,vegetative,0.0,46.78,0.0,3.68,16.41,39.55,Moderate,Extreme Heat,0.1
2025-06-25,Hill Market,40.747,-73.985,25.86,93.49,87.48,28.7,3.26,93.48,5.54,3.8,33.07,32.24,24.31,18.43,13.2,61.06,0.17,rice,vegetative,91.85,72.97,6.08,98.56,16.79,97.44,Severe,Acid Rain,0.41
2025-06-25,North Valley,40.733,-73.995,28.87,42.94,4.79,11.29,1.54,32.67,6.44,5.11,22.63,50.08,30.56,11.95,13.86,70.21,0.18,wheat,vegetative,0.68,73.14,0.0,1.65,16.1,61.75,High,Extreme Heat,0.13
2025-06-25,River Bend,40.712,-74.02,27.74,55.11,6.32,5.98,2.53,33.08,6.2,4.82,30.95,51.4,28.2,7.37,14.1,85.15,0.2,wheat,vegetative,0.0,66.91,0.0,9.67,24.22,55.21,High,Extreme Heat,0.13
2025-06-25,South Fields,40.691,-74.01,20.61,50.46,15.31,25.4,2.32,31.84,6.19,5.47,17.19,16.78,16.99,13.5,19.15,48.51,0.23,vegetable,vegetative,0.0,24.15,0.0,2.88,0.0,13.79,Low,Extreme Heat,0.06
2025-06-26,East Orchard,40.724,-73.965,25.73,67.5,22.3,3.8,2.29,47.47,5.97,5.19,12.15,42.5,37.75,11.43,14.14,51.48,0.15,corn,vegetative,5.37,62.05,0.0,11.58,4.84,50.32,Moderate,Extreme Heat,0.15
2025-06-26,Hill Market,40.747,-73.985,20.86,37.74,17.54,10.46,2.08,47.08,6.5,4.55,18.03,40.75,44.05,11.71,12.84,81.75,0.17,corn,vegetative,0.0,17.49,0.67,58.87,11.63,50.89,Moderate,Acid Rain,0.12
2025-06-26,North Valley,40.733,-73.995,31.94,63.11,11.42,13.93,1.92,28.41,6.35,5.06,14.94,43.37,23.18,8.25,14.59,49.75,0.18,wheat,vegetative,2.75,86.52,0.0,9.31,9.1,71.86,High,Extreme Heat,0.16
2025-06-26,River Bend,40.712,-74.02,25.65,65.29,3.49,8.82,2.04,53.3,6.4,5.02,27.54,49.52,25.45,9.0,15.65,65.03,0.2,corn,vegetative,6.22,63.65,0.0,4.69,8.9,54.67,Moderate,Extreme Heat,0.15
2025-06-26,South Fields,40.691,-74.01,16.64,75.67,15.58,10.68,2.27,45.75,6.31,4.62,25.03,27.26,24.82,10.25,17.46,65.67,0.23,corn,vegetative,3.88,12.43,1.81,27.27,10.93,25.73,Low,Acid Rain,0.08
2025-06-27,East Orchard,40.724,-73.965,27.48,70.07,35.19,11.19,2.45,63.97,5.62,4.84,4.18,50.05,18.91,10.03,12.38,28.03,0.15,rice,vegetative,25.01,69.95,0.0,22.36,0.0,59.0,High,Extreme Heat,0.18
2025-06-27,Hill Market,40.747,-73.985,27.43,56.47,14.18,25.65,2.1,39.92,6.58,4.5,30.94,32.86,36.6,10.84,13.32,71.21,0.17,vegetable,vegetative,7.16,68.59,0.0,50.86,20.3,61.66,High,Extreme Heat,0.25
2025-06-27,North Valley,40.733,-73.995,29.67,42.91,4.0,11.51,2.29,30.37,6.42,5.87,27.25,38.11,32.11,14.59,14.28,59.31,0.18,vegetable,vegetative,0.0,74.26,0.0,1.87,15.05,67.92,High,Extreme Heat,0.16
2025-06-27,River Bend,40.712,-74.02,30.96,63.68,2.76,15.95,2.04,26.65,6.25,5.25,30.01,44.08,26.59,7.23,16.47,55.19,0.2,wheat,vegetative,0.0,90.07,0.0,3.61,19.34,79.66,Severe,Extreme Heat,0.16
2025-06-27,South Fields,40.691,-74.01,21.47,69.43,5.51,5.02,2.04,35.35,6.17,5.07,8.7,38.39,28.26,8.11,16.23,29.59,0.23,corn,vegetative,2.34,42.16,1.91,5.85,0.77,37.19,Moderate,Extreme Heat,0.1
2025-06-28,East Orchard,40.724,-73.965,27.0,54.65,2.8,11.14,1.54,33.36,6.35,5.55,12.74,41.79,28.15,9.99,14.73,33.24,0.15,corn,vegetative,0.96,65.68,0.0,1.23,0.0,52.29,Moderate,Extreme Heat,0.13
2025-06-28,Hill Market,40.747,-73.985,28.55,56.49,4.97,15.6,1.81,31.19,7.1,5.28,32.33,42.62,39.46,9.99,13.39,75.81,0.17,corn,vegetative,1.49,76.77,5.5,7.44,24.96,68.33,High,Extreme Heat,0.17
2025-06-28,North Valley,40.733,-73.995,15.53,56.74,20.47,5.17,2.33,51.19,6.21,4.83,4.35,40.65,22.81,8.04,16.35,40.01,0.18,corn,vegetative,3.09,8.61,2.48,11.36,4.54,10.06,Low,Acid Rain,0.04
2025-06-28,River Bend,40.712,-74.02,25.51,41.88,3.29,6.1,2.3,44.39,6.54,5.59,17.83,38.38,25.7,0.0,18.27,55.38,0.2,rice,vegetative,2.43,54.75,0.0,0.0,6.65,45.62,Moderate,Extreme Heat,0.09
2025-06-28,South Fields,40.691,-74.01,27.91,58.97,14.52,11.41,2.11,42.92,6.67,5.31,15.45,36.89,28.66,10.0,17.67,51.66,0.23,rice,vegetative,0.0,76.4,0.0,3.6,4.85,66.0,High,Extreme Heat,0.12
2025-06-29,East Orchard,40.724,-73.965,24.69,47.22,5.08,11.5,2.18,36.8,6.14,5.31,21.36,36.12,25.56,8.42,13.72,46.71,0.15,wheat,vegetative,0.02,42.62,2.95,0.0,6.48,34.84,Low,Extreme Heat,0.07
2025-06-29,Hill Market,40.747,-73.985,34.03,100.0,59.59,5.29,2.5,74.59,5.98,4.08,27.02,58.6,27.36,16.52,12.64,71.37,0.17,vegetable,vegetative,65.34,94.46,0.0,89.27,21.34,86.08,Severe,Extreme Heat,0.54
2025-06-29,North Valley,40.733,-73.995,29.11,70.39,10.76,8.23,1.8,37.16,6.42,5.34,31.39,49.92,29.91,8.25,13.54,68.92,0.18,soybean,vegetative,0.0,81.22,3.81,4.29,25.04,69.64,High,Extreme Heat,0.15
2025-06-29,River Bend,40.712,-74.02,29.39,48.89,3.03,6.65,2.33,27.22,6.19,5.19,17.01,45.28,26.74,3.69,12.3,53.36,0.2,wheat,vegetative,0.0,73.0,0.24,5.51,2.11,64.24,High,Extreme Heat,0.13
2025-06-29,South Fields,40.691,-74.01,27.66,33.36,6.7,18.47,2.23,39.08,6.48,5.13,15.74,20.15,27.1,9.5,13.02,57.87,0.23,wheat,vegetative,2.56,55.43,0.0,4.36,7.63,50.44,Moderate,Extreme Heat,0.11
2025-06-30,East Orchard,40.724,-73.965,24.53,69.98,0.5,11.42,1.93,42.24,6.1,5.6,14.7,27.65,19.02,5.8,17.18,46.07,0.15,rice,vegetative,3.42,53.49,0.0,0.53,6.46,44.64,Moderate,Extreme Heat,0.09
2025-06-30,Hill Market,40.747,-73.985,23.5,63.05,1.95,37.22,1.64,49.4,6.63,4.99,31.68,40.05,41.55,5.73,14.43,85.98,0.17,corn,vegetative,1.95,51.15,0.0,13.45,30.03,46.17,Moderate,Extreme Heat,0.12
2025-06-30,North Valley,40.733,-73.995,30.06,60.16,11.6,6.97,2.14,22.24,6.67,5.33,18.61,43.62,24.1,6.91,12.94,58.53,0.18,soybean,vegetative,4.13,75.15,0.61,3.41,11.1,62.71,High,Extreme Heat,0.15
2025-06-30,River Bend,40.712,-74.02,21.06,60.0,11.24,15.79,2.18,31.91,5.96,5.31,36.84,24.69,30.55,11.27,14.38,74.99,0.2,vegetable,vegetative,3.17,24.8,2.72,0.86,20.44,24.87,Low,Extreme Heat,0.07
2025-06-30,South Fields,40.691,-74.01,26.32,72.47,9.74,10.75,2.2,61.08,6.69,5.17,14.7,39.65,28.15,9.42,18.29,54.12,0.23,soybean,vegetative,3.55,71.04,0.0,0.0,2.57,63.77,High,Extreme Heat,0.14
2025-07-01,East Orchard,40.724,-73.965,21.46,31.96,4.55,9.02,1.57,31.12,6.29,5.25,23.46,32.34,23.24,5.31,14.03,56.94,0.15,vegetable,flowering,7.1,28.13,0.13,0.22,9.08,24.29,Low,Extreme Heat,0.11
2025-07-01,Hill Market,40.747,-73.985,28.51,42.91,10.24,5.41,1.74,39.58,6.44,4.41,33.73,39.07,30.85,7.08,15.48,92.53,0.17,corn,flowering,3.0,68.36,0.0,48.86,22.76,56.68,High,Extreme Heat,0.29
2025-07-01,North Valley,40.733,-73.995,29.29,71.87,5.33,18.5,1.98,24.63,6.26,5.39,25.68,55.34,34.28,6.89,14.31,45.58,0.18,soybean,flowering,0.45,81.69,0.0,2.07,18.99,68.11,High,Extreme Heat,0.21
2025-07-01,River Bend,40.712,-74.02,23.82,72.77,6.25,21.83,2.16,42.63,6.31,5.23,27.29,34.48,37.7,5.05,15.01,69.06,0.2,rice,flowering,0.0,49.28,0.0,0.91,16.56,41.71,Moderate,Extreme Heat,0.1
2025-07-01,South Fields,40.691,-74.01,22.57,51.67,13.45,13.57,2.33,33.0,6.47,5.23,35.05,36.92,35.15,8.45,11.68,64.42,0.23,corn,flowering,1.76,38.27,2.19,8.29,22.85,33.18,Low,Extreme Heat,0.13
2025-07-02,East Orchard,40.724,-73.965,28.93,59.63,8.49,19.82,1.69,20.72,6.33,5.15,13.87,47.84,31.6,8.33,13.38,50.13,0.15,corn,flowering,1.6,73.69,0.0,5.94,9.99,64.06,High,Extreme Heat,0.22
2025-07-02,Hill Market,40.747,-73.985,30.65,43.24,12.68,10.88,2.21,33.48,6.3,4.65,31.43,49.36,33.46,7.32,14.27,86.92,0.17,rice,flowering,5.09,82.61,0.0,32.36,27.04,72.04,High,Extreme Heat,0.23
2025-07-02,North Valley,40.733,-73.995,30.48,52.25,7.55,2.75,2.01,21.3,6.2,4.83,28.88,51.36,35.01,11.01,14.52,63.79,0.18,wheat,flowering,1.39,78.28,4.24,17.38,20.76,67.31,High,Extreme Heat,0.22
2025-07-02,River Bend,40.712,-74.02,22.61,42.13,17.04,26.66,2.47,33.65,6.54,5.04,15.95,32.32,24.02,17.01,15.33,66.01,0.2,soybean,flowering,4.7,30.78,0.0,7.23,9.34,26.32,Low,Extreme Heat,0.11
2025-07-02,South Fields,40.691,-74.01,26.04,53.68,9.65,4.42,1.89,40.8,6.39,5.21,16.17,36.43,27.95,9.22,14.18,71.05,0.23,corn,flowering,4.21,56.98,0.0,0.0,5.01,50.03,Moderate,Extreme Heat,0.17
2025-07-03,East Orchard,40.724,-73.965,28.98,52.25,12.64,5.53,1.87,37.92,6.29,4.97,17.6,28.46,23.54,6.45,15.66,51.82,0.15,corn,flowering,0.0,72.72,0.96,7.22,3.81,59.95,High,Extreme Heat,0.21
2025-07-03,Hill Market,40.747,-73.985,15.16,55.02,3.85,4.64,1.98,27.2,6.7,4.95,19.85,35.76,32.62,11.69,13.66,66.0,0.17,wheat,flowering,4.75,13.93,0.0,9.25,8.93,11.53,Low,Extreme Heat,0.06
2025-07-03,North Valley,40.733,-73.995,24.29,69.33,17.58,28.37,2.06,52.06,5.97,5.42,25.07,25.76,16.33,11.71,14.52,43.98,0.18,wheat,flowering,4.92,49.33,0.0,3.14,4.33,42.6,Moderate,Extreme Heat,0.14
2025-07-03,River Bend,40.712,-74.02,27.25,69.16,16.42,41.88,2.31,35.17,6.01,4.78,25.8,41.29,26.82,12.84,13.22,69.23,0.2,wheat,flowering,3.16,72.35,4.55,22.92,11.09,61.47,High,Extreme Heat,0.23
2025-07-03,South Fields,40.691,-74.01,18.41,39.2,0.55,9.22,1.68,24.55,6.6,5.79,14.82,33.03,38.77,7.26,14.68,74.41,0.23,rice,flowering,0.04,14.58,0.0,0.0,10.55,15.13,Low,Extreme Heat,0.03
2025-07-04,East Orchard,40.724,-73.965,30.51,55.42,16.09,15.03,2.39,45.63,6.15,5.18,32.74,46.64,32.31,11.85,12.07,62.57,0.15,corn,flowering,6.66,81.6,0.0,7.19,19.44,70.53,High,Extreme Heat,0.26
2025-07-04,Hill Market,40.747,-73.985,20.93,32.1,3.82,14.67,1.68,33.03,6.83,4.96,26.29,41.89,40.71,8.05,15.53,90.71,0.17,vegetable,flowering,0.0,20.2,0.0,8.94,27.71,27.59,Low,Air Quality,0.08
2025-07-04,North Valley,40.733,-73.995,26.34,79.38,17.91,23.69,2.48,40.39,6.26,5.03,15.17,34.25,26.91,4.31,17.98,51.9,0.18,wheat,flowering,4.58,74.2,0.0,9.28,10.12,60.32,High,Extreme Heat,0.21
2025-07-04,River Bend,40.712,-74.02,25.55,52.47,15.77,13.12,2.48,49.93,6.3,4.97,13.29,35.04,27.35,9.93,14.49,65.25,0.2,wheat,flowering,9.53,56.54,0.67,7.16,1.1,48.95,Moderate,Extreme Heat,0.18
2025-07-04,South Fields,40.691,-74.01,30.42,87.35,46.34,7.4,3.29,61.68,6.2,4.47,30.15,55.0,27.06,16.89,13.24,62.5,0.23,rice,flowering,61.51,85.65,0.0,70.53,21.16,79.01,Severe,Extreme Heat,0.46
2025-07-05,East Orchard,40.724,-73.965,22.94,69.95,9.27,11.52,2.06,44.48,6.3,5.83,13.62,33.21,8.18,0.0,16.16,18.17,0.15,rice,flowering,6.53,40.49,0.0,0.0,5.41,32.49,Low,Extreme Heat,0.1
2025-07-05,Hill Market,40.747,-73.985,31.88,48.59,0.91,3.35,1.67,14.01,6.69,4.88,25.55,56.77,35.24,11.18,13.19,85.22,0.17,corn,flowering,0.0,85.52,2.99,7.68,27.9,76.01,Severe,Extreme Heat,0.25
2025-07-05,North Valley,40.733,-73.995,30.6,62.79,6.2,14.59,1.85,37.87,6.35,5.51,27.9,44.82,27.09,6.84,13.57,41.45,0.18,corn,flowering,0.74,83.22,0.0,1.17,14.19,76.11,Severe,Extreme Heat,0.23
2025-07-05,River Bend,40.712,-74.02,26.71,45.78,4.53,6.43,2.24,17.6,6.24,5.29,23.52,39.91,30.04,8.62,13.31,73.29,0.2,wheat,flowering,3.25,59.11,2.06,1.48,10.24,48.77,Moderate,Extreme Heat,0.15
2025-07-05,South Fields,40.691,-74.01,22.37,44.29,8.28,16.48,2.22,25.72,6.41,4.68,12.62,30.84,26.24,6.29,16.15,47.16,0.23,corn,flowering,0.0,34.58,0.0,19.95,6.45,34.73,Low,Extreme Heat,0.13
2025-07-06,East Orchard,40.724,-73.965,26.28,64.12,4.69,20.61,1.64,19.4,6.38,5.2,15.58,48.94,29.97,4.25,15.29,38.44,0.15,rice,flowering,2.43,60.48,3.56,2.67,8.91,55.29,High,Extreme Heat,0.14
2025-07-06,Hill Market,40.747,-73.985,24.87,49.04,5.55,6.92,2.06,34.35,6.92,4.96,27.0,39.7,39.34,12.12,13.02,76.38,0.17,corn,flowering,6.16,43.73,0.0,5.83,15.35,38.93,Moderate,Extreme Heat,0.15
2025-07-06,North Valley,40.733,-73.995,22.67,56.4,15.16,3.77,2.51,34.68,6.05,5.04,25.05,39.8,24.92,8.64,12.49,41.53,0.18,soybean,flowering,2.56,40.68,0.0,4.98,14.84,37.72,Moderate,Extreme Heat,0.12
2025-07-06,River Bend,40.712,-74.02,26.06,56.77,19.22,13.05,2.59,37.8,5.94,4.7,16.67,34.99,27.21,9.67,16.58,51.49,0.2,wheat,flowering,4.72,58.98,0.0,28.38,8.11,53.84,Moderate,Extreme Heat,0.2
2025-07-06,South Fields,40.691,-74.01,30.7,52.71,13.17,6.96,2.65,33.4,6.65,5.19,19.61,44.99,21.77,8.48,15.56,24.66,0.23,soybean,flowering,2.77,84.75,0.0,7.35,8.51,73.38,High,Extreme Heat,0.23
2025-07-07,East Orchard,40.724,-73.965,26.98,88.52,47.97,11.43,2.76,48.92,5.52,4.96,22.42,29.56,27.01,14.43,11.77,58.56,0.15,corn,flowering,35.58,71.82,0.0,29.48,13.0,67.19,High,Extreme Heat,0.39
2025-07-07,Hill Market,40.747,-73.985,32.45,58.82,7.68,8.21,1.97,20.88,6.66,4.58,22.86,45.25,36.05,12.75,15.87,95.53,0.17,corn,flowering,0.0,94.0,5.0,29.37,17.41,84.9,Severe,Extreme Heat,0.32
2025-07-07,North Valley,40.733,-73.995,22.68,42.43,3.6,11.61,1.88,40.95,6.32,5.13,15.13,32.91,39.07,2.91,19.27,54.44,0.18,rice,flowering,0.0,22.9,0.41,3.37,7.65,22.97,Low,Extreme Heat,0.05
2025-07-07,River Bend,40.712,-74.02,29.83,59.58,8.87,20.82,2.61,26.23,6.12,5.09,12.26,40.43,28.55,11.5,18.13,45.86,0.2,soybean,flowering,1.92,82.46,0.0,0.12,4.25,71.58,High,Extreme Heat,0.21
2025-07-07,South Fields,40.691,-74.01,23.94,75.6,12.41,12.25,2.41,28.18,6.6,5.02,23.06,33.55,24.2,6.24,11.49,54.11,0.23,corn,flowering,0.0,58.9,0.0,5.72,6.98,51.49,Moderate,Extreme Heat,0.17
2025-07-08,East Orchard,40.724,-73.965,28.58,52.93,5.2,16.73,1.87,31.15,6.29,5.33,12.54,45.04,24.35,4.7,15.74,43.35,0.15,corn,flowering,2.97,68.19,0.0,1.19,5.83,59.5,High,Extreme Heat,0.2
2025-07-08,Hill Market,40.747,-73.985,35.09,72.85,21.84,6.0,2.07,37.25,6.04,4.82,31.29,44.87,37.92,11.0,12.24,93.66,0.17,wheat,flowering,2.75,94.74,2.85,24.48,25.03,81.84,Severe,Extreme Heat,0.28
2025-07-08,North Valley,40.733,-73.995,30.15,69.17,7.47,4.19,2.18,47.59,6.5,5.42,8.55,48.47,24.09,6.71,14.24,50.16,0.18,wheat,flowering,0.0,83.87,3.9,0.57,5.68,73.2,High,Extreme Heat,0.2
2025-07-08,River Bend,40.712,-74.02,23.92,47.97,12.63,2.9,2.49,42.67,6.1,4.82,34.66,48.92,33.99,13.37,12.45,65.64,0.2,wheat,flowering,1.47,45.89,0.0,15.89,30.33,47.37,Moderate,Extreme Heat,0.14
2025-07-08,South Fields,40.691,-74.01,25.04,69.77,10.09,8.77,2.31,36.81,6.49,5.14,29.6,34.52,22.29,5.53,13.98,59.02,0.23,corn,flowering,0.9,54.17,3.34,1.22,8.38,49.39,Moderate,Extreme Heat,0.16
2025-07-09,East Orchard,40.724,-73.965,26.26,75.46,10.44,23.3,2.38,24.6,6.16,4.95,10.8,51.27,26.95,7.63,14.5,62.22,0.15,vegetable,flowering,2.27,76.43,3.76,8.17,7.72,65.29,High,Extreme Heat,0.26
2025-07-09,Hill Market,40.747,-73.985,25.42,67.41,3.34,12.94,2.12,27.0,6.7,4.62,21.67,42.88,35.28,9.88,16.66,73.54,0.17,wheat,flowering,6.36,59.3,0.0,23.36,10.99,50.48,Moderate,Extreme Heat,0.2
2025-07-09,North Valley,40.733,-73.995,31.82,63.65,8.05,2.04,2.31,37.57,6.38,4.8,19.66,45.73,31.79,8.43,16.62,57.24,0.18,wheat,flowering,0.0,87.46,2.32,11.29,11.41,76.78,Severe,Extreme Heat,0.23
2025-07-09,River Bend,40.712,-74.02,27.76,99.13,80.64,21.89,3.9,81.46,5.48,3.89,33.27,40.09,22.42,20.86,10.69,78.68,0.2,wheat,flowering,95.01,77.14,2.87,100.0,18.6,87.46,Severe,Acid Rain,0.68
2025-07-09,South Fields,40.691,-74.01,21.4,47.33,1.34,27.01,2.23,18.41,6.41,5.41,26.77,33.53,35.08,3.57,16.53,62.34,0.23,corn,flowering,1.47,29.24,1.71,4.41,13.06,27.76,Low,Extreme Heat,0.1
2025-07-10,East Orchard,40.724,-73.965,31.52,66.95,5.08,7.37,1.7,23.17,6.26,4.69,22.24,44.87,26.51,4.89,15.87,44.07,0.15,corn,flowering,0.44,87.65,0.68,19.97,15.31,79.83,Severe,Extreme Heat,0.28
2025-07-10,Hill Market,40.747,-73.985,27.47,67.13,16.24,15.42,2.35,34.68,6.44,4.73,22.21,48.89,35.69,10.76,12.41,81.08,0.17,wheat,flowering,2.16,76.09,6.46,21.86,16.85,70.79,High,Extreme Heat,0.23
2025-07-10,North Valley,40.733,-73.995,27.75,73.44,12.46,12.65,2.54,38.89,6.47,5.13,21.89,37.41,26.22,10.54,13.75,54.69,0.18,wheat,flowering,0.72,73.72,2.1,6.55,9.02,58.24,High,Extreme Heat,0.19
2025-07-10,River Bend,40.712,-74.02,29.46,73.12,4.4,26.09,2.34,35.59,6.12,5.11,23.78,50.03,32.76,8.99,15.87,72.67,0.2,wheat,flowering,0.0,80.99,0.0,7.15,20.34,68.92,High,Extreme Heat,0.2
2025-07-10,South Fields,40.691,-74.01,34.85,71.1,6.36,7.73,2.09,34.35,6.52,5.39,34.32,59.92,28.54,5.7,14.88,60.59,0.23,vegetable,flowering,2.03,96.87,0.0,0.0,26.97,84.08,Severe,Extreme Heat,0.3
2025-07-11,East Orchard,40.724,-73.965,28.33,42.64,5.6,10.45,1.88,40.44,6.01,5.54,3.04,35.66,22.65,2.92,16.35,42.48,0.15,corn,flowering,3.17,65.79,0.0,0.0,0.78,56.65,High,Extreme Heat,0.19
2025-07-11,Hill Market,40.747,-73.985,26.88,67.79,1.94,8.42,1.96,39.93,6.41,4.98,11.99,31.32,20.86,3.62,15.58,66.9,0.17,corn,flowering,0.84,63.02,0.93,2.68,1.08,56.59,High,Extreme Heat,0.18
2025-07-11,North Valley,40.733,-73.995,21.58,64.55,1.53,21.96,2.58,30.95,6.46,5.66,19.81,29.63,36.71,11.89,15.11,65.96,0.18,wheat,flowering,5.02,33.27,0.0,0.0,8.37,27.91,Low,Extreme Heat,0.09
2025-07-11,River Bend,40.712,-74.02,25.13,56.62,7.87,14.56,2.22,47.75,6.33,4.69,14.25,19.56,25.01,7.6,18.34,50.7,0.2,vegetable,flowering,0.0,49.01,0.0,14.07,3.58,45.37,Moderate,Extreme Heat,0.18
2025-07-11,South Fields,40.691,-74.01,25.38,43.75,4.4,10.15,2.17,43.39,6.52,4.93,12.21,44.86,13.18,5.37,19.87,35.95,0.23,soybean,flowering,0.0,46.09,0.0,0.38,7.07,38.03,Moderate,Extreme Heat,0.12
2025-07-12,East Orchard,40.724,-73.965,14.66,61.3,17.45,11.68,2.01,48.54,6.38,4.76,1.19,45.15,14.12,5.54,15.37,34.84,0.15,corn,flowering,0.0,7.88,0.31,11.81,0.38,15.89,Low,Acid Rain,0.05
2025-07-12,Hill Market,40.747,-73.985,19.52,65.41,13.51,38.83,2.23,29.12,6.72,4.96,9.47,26.63,39.86,9.68,15.08,52.1,0.17,wheat,flowering,0.0,22.23,0.0,6.73,9.24,18.43,Low,Extreme Heat,0.06
2025-07-12,North Valley,40.733,-73.995,27.87,50.59,16.32,9.3,2.26,41.08,6.09,5.08,15.57,47.28,18.95,9.41,13.07,28.9,0.18,wheat,flowering,1.77,70.33,0.0,2.73,2.09,59.66,High,Extreme Heat,0.18
2025-07-12,River Bend,40.712,-74.02,27.71,62.63,8.02,11.4,2.29,22.56,6.36,5.1,21.2,36.84,25.23,7.82,10.68,63.52,0.2,vegetable,flowering,0.0,69.68,0.0,1.13,11.83,57.73,High,Extreme Heat,0.21
2025-07-12,South Fields,40.691,-74.01,22.92,51.27,4.64,3.62,2.1,33.33,6.49,5.13,14.03,31.62,30.94,2.06,15.87,45.88,0.23,corn,flowering,0.0,34.71,4.57,3.21,6.55,31.93,Low,Extreme Heat,0.11
2025-07-13,East Orchard,40.724,-73.965,18.66,72.04,6.14,15.2,1.98,43.96,6.1,5.05,10.39,37.49,20.07,8.01,16.06,21.61,0.15,corn,flowering,0.21,23.96,0.0,6.65,7.06,21.6,Low,Extreme Heat,0.08
2025-07-13,Hill Market,40.747,-73.985,24.28,60.02,7.54,10.37,1.84,35.98,6.43,5.6,24.51,24.5,42.0,12.92,12.33,88.11,0.17,corn,flowering,0.0,51.32,3.4,0.0,14.25,46.19,Moderate,Extreme Heat,0.14
2025-07-13,North Valley,40.733,-73.995,26.54,56.01,7.83,16.2,2.2,31.34,6.24,5.31,32.49,40.76,31.63,6.54,18.76,52.86,0.18,rice,flowering,6.11,61.6,0.5,3.14,17.33,55.04,High,Extreme Heat,0.15
2025-07-13,River Bend,40.712,-74.02,32.4,60.69,0.78,7.61,2.51,18.53,6.03,5.17,18.86,53.28,30.1,11.39,15.72,60.97,0.2,wheat,flowering,0.0,87.9,0.0,3.44,19.79,75.55,Severe,Extreme Heat,0.21
2025-07-13,South Fields,40.691,-74.01,23.33,61.18,17.66,6.81,2.43,33.09,6.48,5.6,18.78,46.77,18.2,9.71,13.06,51.06,0.23,corn,flowering,5.78,50.31,2.62,0.0,7.92,42.86,Moderate,Extreme Heat,0.16
2025-07-14,East Orchard,40.724,-73.965,18.78,59.02,15.83,18.57,2.41,42.83,6.39,4.82,7.76,30.28,28.32,2.57,14.63,38.65,0.15,wheat,flowering,0.0,15.53,0.0,12.35,5.73,9.37,Low,Extreme Heat,0.06
2025-07-14,Hill Market,40.747,-73.985,26.64,60.92,12.98,15.67,2.14,31.81,6.44,4.32,37.65,45.03,35.02,8.51,12.58,91.89,0.17,corn,flowering,0.73,60.58,0.0,63.83,28.48,57.08,High,Acid Rain,0.29
2025-07-14,North Valley,40.733,-73.995,22.47,69.94,14.81,10.69,2.36,39.16,6.4,5.11,14.03,27.37,28.49,7.17,14.25,58.48,0.18,rice,flowering,2.23,37.09,0.0,5.55,6.81,34.47,Low,Extreme Heat,0.09
2025-07-14,River Bend,40.712,-74.02,25.97,48.38,0.56,7.45,2.24,32.61,6.41,4.64,26.04,53.85,42.75,8.7,13.34,85.23,0.2,soybean,flowering,3.08,54.51,5.18,30.68,24.62,47.46,Moderate,Extreme Heat,0.21
2025-07-14,South Fields,40.691,-74.01,21.43,55.43,3.06,15.6,2.53,21.8,6.81,5.42,21.21,34.36,33.35,11.64,14.27,64.07,0.23,soybean,flowering,3.74,31.81,0.0,0.0,12.98,28.12,Low,Extreme Heat,0.09
2025-07-15,East Orchard,40.724,-73.965,16.69,65.55,8.35,23.15,2.28,37.59,6.43,4.98,3.92,27.1,20.81,2.49,13.05,46.93,0.15,corn,flowering,6.53,11.57,0.0,5.5,2.48,6.9,Low,Extreme Heat,0.07
2025-07-15,Hill Market,40.747,-73.985,17.65,59.15,10.02,3.9,2.02,46.9,6.43,4.28,31.89,25.61,41.45,6.97,15.94,82.27,0.17,corn,flowering,0.0,12.18,1.93,67.97,19.47,61.04,High,Acid Rain,0.17
2025-07-15,North Valley,40.733,-73.995,33.0,54.18,10.27,22.67,2.23,32.98,6.33,5.2,20.41,57.08,29.3,4.99,12.77,49.85,0.18,wheat,flowering,6.85,90.66,0.0,7.19,7.51,80.23,Severe,Extreme Heat,0.25
2025-07-15,River Bend,40.712,-74.02,32.02,56.48,4.29,10.03,2.44,43.44,6.39,4.84,33.75,45.27,34.71,12.48,15.35,84.08,0.2,wheat,flowering,6.38,85.88,2.91,9.28,23.47,75.69,Severe,Extreme Heat,0.24
2025-07-15,South Fields,40.691,-74.01,25.37,71.8,5.14,9.72,2.13,39.09,6.47,5.29,16.08,37.21,36.09,0.0,14.47,64.21,0.23,corn,flowering,0.0,61.96,0.0,1.9,13.06,52.44,Moderate,Extreme Heat,0.17
2025-07-16,East Orchard,40.724,-73.965,21.96,47.5,7.62,26.73,1.78,34.96,6.17,5.03,9.26,17.53,27.05,0.38,14.72,35.17,0.15,soybean,flowering,0.0,29.18,2.13,7.71,8.38,23.96,Low,Extreme Heat,0.09
2025-07-16,Hill Market,40.747,-73.985,24.17,35.64,4.3,4.08,2.13,23.13,6.67,5.23,31.09,29.16,40.0,12.5,17.48,86.23,0.17,corn,flowering,0.0,38.52,0.28,2.22,17.93,34.29,Low,Extreme Heat,0.11
2025-07-16,North Valley,40.733,-73.995,31.98,59.0,4.77,20.69,2.05,24.1,6.5,5.13,27.0,47.36,20.53,13.07,14.81,44.75,0.18,wheat,flowering,6.07,93.1,2.29,3.44,8.63,78.55,Severe,Extreme Heat,0.25
2025-07-16,River Bend,40.712,-74.02,19.98,55.76,8.81,2.34,2.62,47.11,5.91,4.82,31.01,46.78,31.74,5.19,14.44,69.4,0.2,soybean,flowering,12.3,23.06,5.79,13.33,23.73,15.9,Low,Air Quality,0.13
2025-07-16,South Fields,40.691,-74.01,28.75,57.07,16.91,6.47,2.87,48.69,6.68,5.08,24.28,39.51,36.99,7.27,12.93,90.25,0.23,rice,flowering,4.99,77.14,0.0,0.85,18.85,67.89,High,Extreme Heat,0.17
2025-07-17,East Orchard,40.724,-73.965,23.21,55.27,12.63,20.18,2.61,45.03,5.83,5.52,14.16,31.48,19.08,10.15,14.47,30.32,0.15,rice,flowering,4.67,33.67,0.0,1.14,6.24,30.66,Low,Extreme Heat,0.08
2025-07-17,Hill Market,40.747,-73.985,27.39,34.71,4.96,5.71,1.96,41.77,6.63,5.06,22.02,46.23,40.85,1.08,13.92,71.14,0.17,corn,flowering,0.0,64.75,3.46,4.15,16.66,54.56,Moderate,Extreme Heat,0.19
2025-07-17,North Valley,40.733,-73.995,25.69,84.09,67.19,8.06,3.39,78.05,5.59,4.66,16.58,33.68,32.4,20.33,14.4,69.44,0.18,wheat,flowering,92.87,72.35,0.0,77.36,10.82,89.0,Severe,Flood,0.62
2025-07-17,River Bend,40.712,-74.02,29.09,37.2,2.11,12.13,2.55,31.47,6.16,5.01,39.89,43.94,39.54,7.97,12.26,78.09,0.2,rice,flowering,5.6,76.41,0.0,3.09,34.94,62.61,High,Extreme Heat,0.18
2025-07-17,South Fields,40.691,-74.01,26.53,71.9,21.47,15.06,2.36,49.63,6.92,5.03,31.65,31.91,40.28,18.45,12.92,74.89,0.23,rice,flowering,10.8,68.82,0.6,9.68,19.35,66.2,High,Extreme Heat,0.19
2025-07-18,East Orchard,40.724,-73.965,24.6,52.79,1.51,8.99,1.99,13.51,6.54,5.81,9.73,18.41,18.66,6.24,16.48,36.0,0.15,vegetable,flowering,0.0,44.77,0.0,0.0,2.63,41.76,Moderate,Extreme Heat,0.13
2025-07-18,Hill Market,40.747,-73.985,23.9,59.04,9.38,17.87,2.07,15.43,6.33,4.96,15.45,27.59,40.3,12.83,15.65,70.51,0.17,corn,flowering,0.0,46.04,0.0,16.29,8.55,41.3,Moderate,Extreme Heat,0.16
2025-07-18,North Valley,40.733,-73.995,27.26,55.6,8.63,8.61,2.12,40.42,6.55,4.9,19.88,42.22,33.95,8.7,13.57,68.81,0.18,wheat,flowering,0.0,68.42,0.0,8.78,11.52,59.64,High,Extreme Heat,0.18
2025-07-18,River Bend,40.712,-74.02,28.75,51.69,6.53,9.78,2.61,39.84,5.8,5.04,21.26,37.11,33.99,2.86,15.68,57.07,0.2,wheat,flowering,0.0,73.28,4.14,5.44,14.02,66.14,High,Extreme Heat,0.19
2025-07-18,South Fields,40.691,-74.01,19.07,57.02,15.88,12.3,2.73,34.95,6.75,4.98,6.34,31.68,25.46,4.71,15.0,49.64,0.23,corn,flowering,3.02,17.76,0.0,5.22,4.7,13.73,Low,Extreme Heat,0.07
2025-07-19,East Orchard,40.724,-73.965,23.84,66.02,19.44,15.6,2.33,52.65,6.08,5.34,23.95,32.95,32.44,8.07,16.63,45.49,0.15,soybean,flowering,5.58,48.97,0.0,5.94,13.59,41.22,Moderate,Extreme Heat,0.15
2025-07-19,Hill Market,40.747,-73.985,27.99,43.78,5.13,22.57,2.21,26.05,6.5,4.73,24.27,28.07,25.48,13.23,17.54,53.08,0.17,corn,flowering,1.92,61.36,5.43,8.82,12.94,52.33,Moderate,Extreme Heat,0.2
2025-07-19,North Valley,40.733,-73.995,16.46,49.29,6.35,23.2,2.09,31.32,6.34,4.92,14.5,32.89,22.8,3.89,15.58,36.12,0.18,corn,flowering,1.68,11.18,0.0,9.34,4.99,11.98,Low,Extreme Heat,0.06
2025-07-19,River Bend,40.712,-74.02,26.0,67.23,0.23,15.06,2.49,39.08,6.4,5.11,16.72,36.79,31.21,13.56,15.09,62.91,0.2,wheat,flowering,0.54,65.16,1.45,3.93,11.28,51.45,Moderate,Extreme Heat,0.16
2025-07-19,South Fields,40.691,-74.01,29.36,76.17,74.3,20.98,3.7,76.27,5.24,3.9,22.97,45.41,17.44,17.18,8.94,24.48,0.23,corn,flowering,97.75,80.02,4.71,95.21,3.01,88.31,Severe,Flood,0.79
2025-07-20,East Orchard,40.724,-73.965,22.54,65.74,3.6,8.53,2.2,20.43,6.32,5.09,13.99,14.25,30.52,5.96,13.21,52.85,0.15,corn,flowering,0.0,37.32,0.0,4.54,5.02,31.76,Low,Extreme Heat,0.11
2025-07-20,Hill Market,40.747,-73.985,24.03,59.75,2.93,16.8,2.09,33.13,6.73,5.24,24.25,37.64,27.07,9.98,17.46,65.31,0.17,soybean,flowering,4.51,50.74,0.0,0.87,9.34,38.65,Moderate,Extreme Heat,0.14
2025-07-20,North Valley,40.733,-73.995,29.19,58.96,8.59,6.59,2.02,41.27,6.43,5.82,20.33,39.5,22.08,6.59,13.04,35.9,0.18,soybean,flowering,2.05,75.09,0.7,0.0,9.0,66.39,High,Extreme Heat,0.2
2025-07-20,River Bend,40.712,-74.02,23.32,52.28,9.74,14.03,2.24,42.14,6.11,4.98,25.67,33.94,32.46,9.7,15.98,55.71,0.2,wheat,flowering,5.52,40.51,3.29,3.11,9.78,32.73,Low,Extreme Heat,0.12
2025-07-20,South Fields,40.691,-74.01,23.19,58.39,1.91,32.57,2.46,32.55,6.93,5.21,21.65,38.44,38.4,5.76,13.46,65.04,0.23,vegetable,flowering,2.06,45.07,0.0,3.26,16.26,37.18,Moderate,Extreme Heat,0.15
2025-07-21,East Orchard,40.724,-73.965,23.54,73.5,15.41,11.68,2.18,30.18,6.39,5.47,16.58,33.22,27.05,6.83,16.19,36.25,0.15,corn,flowering,6.59,49.56,0.0,2.54,6.13,46.83,Moderate,Extreme Heat,0.16
2025-07-21,Hill Market,40.747,-73.985,21.22,46.68,3.18,17.42,1.73,33.04,6.47,5.08,31.04,37.63,40.92,12.29,13.3,88.99,0.17,corn,flowering,0.0,25.26,0.0,6.66,27.9,26.36,Low,Air Quality,0.08
2025-07-21,North Valley,40.733,-73.995,35.28,55.76,3.32,20.93,2.04,45.73,6.3,5.17,23.9,49.21,19.63,10.11,16.87,45.66,0.18,wheat,flowering,2.33,90.41,5.05,0.0,10.11,74.76,High,Extreme Heat,0.23
2025-07-21,River Bend,40.712,-74.02,23.0,74.2,9.2,12.41,2.58,25.67,6.23,5.2,23.76,32.41,32.03,12.39,16.16,54.58,0.2,wheat,flowering,3.01,45.04,0.0,7.93,10.01,38.3,Moderate,Extreme Heat,0.13
2025-07-21,South Fields,40.691,-74.01,21.07,49.41,8.61,1.15,2.61,20.99,6.57,4.72,14.19,27.44,20.98,8.21,13.26,48.39,0.23,corn,flowering,3.32,29.68,0.22,11.26,1.72,31.32,Low,Extreme Heat,0.12
2025-07-22,East Orchard,40.724,-73.965,20.79,57.49,9.18,9.82,2.54,28.63,6.28,5.74,23.72,14.77,32.63,14.4,13.74,62.42,0.15,vegetable,flowering,0.07,23.14,0.68,0.0,13.86,19.6,Low,Extreme Heat,0.07
2025-07-22,Hill Market,40.747,-73.985,27.0,79.54,7.13,5.57,2.41,43.82,6.51,4.87,26.82,46.01,44.28,7.01,14.03,100.0,0.17,corn,flowering,3.72,78.92,0.0,16.1,21.98,65.35,High,Extreme Heat,0.26
2025-07-22,North Valley,40.733,-73.995,24.54,55.54,10.51,13.05,2.26,31.08,6.27,5.08,29.79,36.21,25.12,5.6,12.62,64.61,0.18,wheat,flowering,6.9,51.71,3.16,4.63,13.46,46.42,Moderate,Extreme Heat,0.16
2025-07-22,River Bend,40.712,-74.02,27.56,63.08,9.05,22.79,2.97,17.53,6.35,4.88,20.2,39.64,36.93,9.53,14.28,67.88,0.2,wheat,flowering,3.81,64.16,0.0,12.7,16.77,57.34,High,Extreme Heat,0.19
2025-07-22,South Fields,40.691,-74.01,30.88,43.76,7.18,15.93,2.19,32.35,6.54,5.43,19.12,58.36,24.52,10.55,14.29,50.21,0.23,vegetable,flowering,8.17,88.05,0.56,0.6,15.6,79.04,Severe,Extreme Heat,0.3
2025-07-23,East Orchard,40.724,-73.965,25.33,80.33,17.71,13.53,2.38,50.31,6.08,5.22,20.43,48.78,24.66,4.68,15.73,65.54,0.15,corn,flowering,0.0,67.17,0.0,7.28,8.22,58.25,High,Extreme Heat,0.2
2025-07-23,Hill Market,40.747,-73.985,29.01,100.0,89.54,34.58,3.64,84.5,5.58,3.8,33.46,54.28,48.24,26.25,10.18,83.65,0.17,soybean,flowering,100.0,89.86,0.03,100.0,36.47,91.08,Severe,Flood,0.76
2025-07-23,North Valley,40.733,-73.995,25.52,69.74,10.64,4.18,2.33,49.55,6.12,4.96,25.65,43.91,23.87,10.32,15.23,52.06,0.18,soybean,flowering,0.79,63.17,1.86,9.55,13.13,52.32,Moderate,Extreme Heat,0.18
2025-07-23,River Bend,40.712,-74.02,24.4,46.86,9.65,16.12,2.75,38.65,6.12,5.15,25.49,38.06,23.42,7.45,12.58,60.31,0.2,soybean,flowering,3.62,44.85,0.28,1.6,12.01,38.48,Moderate,Extreme Heat,0.13
2025-07-23,South Fields,40.691,-74.01,16.54,65.99,34.53,3.81,3.03,46.1,6.21,4.81,25.69,41.06,31.35,12.95,12.45,63.6,0.23,rice,flowering,26.34,15.75,0.27,27.59,12.6,23.48,Low,Acid Rain,0.15
2025-07-24,East Orchard,40.724,-73.965,21.96,52.15,6.94,11.49,2.25,28.18,6.24,5.72,18.4,40.64,25.1,5.49,9.86,57.6,0.15,rice,flowering,0.0,24.59,4.31,0.0,10.79,22.06,Low,Extreme Heat,0.05
2025-07-24,Hill Market,40.747,-73.985,32.15,46.84,3.51,21.88,2.01,30.04,6.82,5.04,29.05,46.45,38.39,6.81,11.31,87.21,0.17,corn,flowering,0.0,90.02,0.0,3.13,25.94,74.43,High,Extreme Heat,0.25
2025-07-24,North Valley,40.733,-73.995,25.3,59.83,1.08,12.04,1.98,34.46,6.21,4.92,21.08,31.35,34.54,6.23,13.4,61.11,0.18,wheat,flowering,3.73,51.05,3.77,5.44,16.19,45.87,Moderate,Extreme Heat,0.15
2025-07-24,River Bend,40.712,-74.02,26.23,68.34,11.98,7.48,2.64,51.97,6.63,4.95,25.4,37.0,28.96,15.8,14.02,75.57,0.2,wheat,flowering,11.77,62.9,0.0,7.52,7.48,51.86,Moderate,Extreme Heat,0.2
2025-07-24,South Fields,40.691,-74.01,28.58,92.88,57.03,12.32,3.39,73.75,5.99,4.95,30.34,36.29,32.17,17.66,8.85,72.75,0.23,corn,flowering,83.79,81.26,0.0,36.36,20.48,76.16,Severe,Flood,0.61
2025-07-25,East Orchard,40.724,-73.965,21.14,44.89,6.28,15.97,1.91,38.59,6.47,5.33,27.21,21.31,23.27,6.84,15.13,56.28,0.15,soybean,flowering,5.02,11.67,3.95,0.94,9.7,5.21,Low,Extreme Heat,0.05
2025-07-25,Hill Market,40.747,-73.985,26.73,47.77,7.43,14.83,2.15,32.1,6.61,5.11,37.11,40.77,35.67,4.82,12.05,84.0,0.17,corn,flowering,1.44,57.97,1.18,5.46,26.79,50.84,Moderate,Extreme Heat,0.17
2025-07-25,North Valley,40.733,-73.995,30.72,31.72,6.04,8.56,2.09,27.1,6.65,4.92,19.99,45.47,23.42,5.85,17.5,37.08,0.18,corn,flowering,1.84,77.67,0.66,7.41,9.17,69.73,High,Extreme Heat,0.23
2025-07-25,River Bend,40.712,-74.02,25.75,51.32,3.17,7.63,2.43,43.42,6.52,5.15,22.41,24.86,30.86,11.28,15.27,65.98,0.2,vegetable,flowering,7.0,51.26,0.0,1.57,7.48,44.84,Moderate,Extreme Heat,0.19
2025-07-25,South Fields,40.691,-74.01,29.67,64.66,11.04,6.11,2.47,45.48,6.62,5.0,24.91,40.19,34.71,8.64,11.87,59.4,0.23,rice,flowering,4.73,83.11,0.0,3.11,13.2,68.43,High,Extreme Heat,0.19
2025-07-26,East Orchard,40.724,-73.965,26.39,100.0,76.61,24.33,3.7,70.82,5.39,4.57,13.07,27.42,21.87,15.84,10.13,36.59,0.15,corn,flowering,99.97,76.97,2.99,80.87,2.9,95.61,Severe,Flood,0.76
2025-07-26,Hill Market,40.747,-73.985,23.27,68.42,26.62,8.75,2.35,50.84,6.28,5.18,33.96,32.55,29.33,15.83,11.19,56.44,0.17,corn,flowering,5.32,41.95,0.84,6.78,20.25,38.94,Moderate,Extreme Heat,0.15
2025-07-26,North Valley,40.733,-73.995,34.81,42.83,4.8,13.95,2.2,29.96,6.25,5.7,6.34,57.19,24.1,3.13,12.59,42.29,0.18,wheat,flowering,0.0,92.49,0.5,2.55,4.34,80.65,Severe,Extreme Heat,0.22
2025-07-26,River Bend,40.712,-74.02,25.75,50.99,3.72,5.18,2.96,42.71,6.24,4.91,17.84,45.57,32.89,8.45,16.29,61.8,0.2,wheat,flowering,4.4,54.59,0.0,0.0,7.23,50.18,Moderate,Extreme Heat,0.14
2025-07-26,South Fields,40.691,-74.01,27.67,51.59,4.22,18.95,2.22,34.65,6.56,5.53,25.79,44.92,31.95,5.01,13.84,59.21,0.23,rice,flowering,0.79,64.65,6.71,0.0,11.64,56.55,High,Extreme Heat,0.14
2025-07-27,East Orchard,40.724,-73.965,24.18,56.46,1.32,30.02,1.9,44.23,6.35,5.24,14.0,35.47,29.14,8.76,17.01,42.28,0.15,corn,flowering,0.0,46.78,0.26,2.05,11.31,41.79,Moderate,Extreme Heat,0.13
2025-07-27,Hill Market,40.747,-73.985,25.07,67.71,5.94,15.63,2.09,26.09,6.35,4.64,21.57,31.78,28.02,6.58,16.15,73.12,0.17,rice,flowering,0.0,60.34,0.7,19.76,6.28,45.91,Moderate,Extreme Heat,0.15
2025-07-27,North Valley,40.733,-73.995,23.64,53.44,7.8,21.85,2.22,32.59,6.39,5.0,15.76,25.65,30.01,7.91,13.89,42.99,0.18,wheat,flowering,0.0,36.59,6.42,0.0,4.7,28.69,Low,Extreme Heat,0.09
2025-07-27,River Bend,40.712,-74.02,18.34,62.73,13.57,42.49,2.71,34.82,6.09,4.93,30.05,29.35,30.75,6.94,16.72,54.48,0.2,wheat,flowering,6.39,18.74,2.8,6.22,9.04,15.63,Low,Extreme Heat,0.08
2025-07-27,South Fields,40.691,-74.01,15.56,44.02,5.87,3.56,2.31,42.63,6.5,5.34,17.82,45.56,24.78,1.53,15.7,46.62,0.23,wheat,flowering,1.69,9.63,0.0,0.0,10.32,13.68,Low,Air Quality,0.03
2025-07-28,East Orchard,40.724,-73.965,18.49,31.24,5.79,10.55,2.2,35.78,6.19,5.28,22.31,27.43,21.5,1.12,14.43,56.68,0.15,soybean,flowering,0.0,11.05,4.78,3.35,9.57,9.32,Low,Extreme Heat,0.04
2025-07-28,Hill Market,40.747,-73.985,22.35,64.88,6.43,25.97,2.09,36.6,6.65,5.12,23.81,42.11,41.06,4.27,16.1,94.89,0.17,wheat,flowering,3.78,40.33,0.98,1.62,17.29,40.81,Moderate,Extreme Heat,0.11
2025-07-28,North Valley,40.733,-73.995,24.06,58.18,3.08,9.71,2.25,29.82,6.45,5.15,28.55,47.71,28.67,7.05,14.65,57.07,0.18,wheat,flowering,0.9,49.4,0.0,3.76,13.48,44.37,Moderate,Extreme Heat,0.13
2025-07-28,River Bend,40.712,-74.02,23.29,60.48,9.41,28.01,2.99,27.83,6.17,5.04,18.52,40.78,35.55,8.62,12.44,65.61,0.2,soybean,flowering,0.58,43.79,3.36,7.94,18.0,34.73,Low,Extreme Heat,0.13
2025-07-28,South Fields,40.691,-74.01,16.32,60.67,9.79,22.79,2.52,33.87,6.52,5.47,21.69,41.3,27.7,1.79,15.18,55.09,0.23,corn,flowering,1.04,10.27,0.0,5.97,8.85,9.79,Low,Extreme Heat,0.04
2025-07-29,East Orchard,40.724,-73.965,20.28,53.9,14.66,13.34,1.59,36.33,6.22,5.35,18.48,35.04,33.24,8.41,14.61,37.72,0.15,corn,flowering,4.75,25.69,0.0,0.03,3.3,22.27,Low,Extreme Heat,0.09
2025-07-29,Hill Market,40.747,-73.985,19.6,84.08,39.52,5.07,2.23,35.86,6.16,4.45,18.85,30.47,22.48,18.16,13.88,57.38,0.17,corn,flowering,17.36,34.6,6.0,67.21,9.37,54.52,Moderate,Acid Rain,0.3
2025-07-29,North Valley,40.733,-73.995,25.57,64.17,9.5,23.64,1.53,41.06,6.02,5.09,30.43,55.72,31.38,6.46,12.36,70.51,0.18,wheat,flowering,1.04,68.39,0.0,2.17,22.85,61.64,High,Extreme Heat,0.17
2025-07-29,River Bend,40.712,-74.02,26.25,54.24,8.88,6.14,2.16,17.51,6.25,5.21,32.17,24.0,33.94,9.68,14.93,77.59,0.2,wheat,flowering,0.82,55.17,6.87,4.14,23.04,52.11,Moderate,Extreme Heat,0.15
2025-07-29,South Fields,40.691,-74.01,26.46,35.81,11.66,3.39,2.06,47.05,6.6,5.3,21.94,46.83,32.17,9.03,17.87,71.56,0.23,soybean,flowering,0.0,61.01,1.0,5.19,12.82,54.42,Moderate,Extreme Heat,0.16
2025-07-30,East Orchard,40.724,-73.965,23.53,61.59,2.56,16.27,1.47,40.34,5.92,5.57,11.39,48.33,27.37,8.21,15.21,60.65,0.15,soybean,flowering,0.0,45.72,2.56,0.0,6.71,38.67,Moderate,Extreme Heat,0.12
2025-07-30,Hill Market,40.747,-73.985,34.47,59.53,1.82,12.97,1.35,17.53,6.67,4.73,34.75,48.92,29.65,10.87,13.88,75.99,0.17,vegetable,flowering,0.12,87.95,1.43,13.92,26.72,76.18,Severe,Extreme Heat,0.3
2025-07-30,North Valley,40.733,-73.995,24.05,69.1,27.92,12.7,1.97,44.7,6.39,5.0,33.35,43.57,33.76,14.17,14.33,67.1,0.18,rice,flowering,5.78,50.71,0.05,13.02,21.76,47.27,Moderate,Extreme Heat,0.14
2025-07-30,River Bend,40.712,-74.02,29.09,46.79,4.24,13.18,2.12,21.25,6.18,4.82,24.92,36.18,32.25,4.25,13.45,70.47,0.2,soybean,flowering,0.23,72.8,4.24,10.62,14.92,67.14,High,Extreme Heat,0.21
2025-07-30,South Fields,40.691,-74.01,27.88,95.67,47.41,6.34,2.91,56.8,5.85,4.73,40.18,31.02,36.22,16.19,10.08,70.08,0.23,soybean,flowering,48.83,81.7,0.0,58.03,23.0,73.81,High,Extreme Heat,0.48
2025-07-31,East Orchard,40.724,-73.965,21.56,62.64,4.32,7.53,1.71,32.48,5.96,5.12,6.62,33.98,21.07,5.59,11.58,61.62,0.15,corn,flowering,0.93,34.37,0.0,4.42,3.77,28.34,Low,Extreme Heat,0.1
2025-07-31,Hill Market,40.747,-73.985,19.56,40.06,1.84,5.91,1.65,26.55,6.44,4.95,31.47,47.39,39.87,11.63,12.51,83.61,0.17,corn,flowering,0.56,12.04,0.0,6.77,28.14,26.44,Low,Air Quality,0.05
2025-07-31,North Valley,40.733,-73.995,21.12,56.72,8.34,8.2,1.9,41.93,6.4,5.27,10.15,34.08,28.17,6.83,16.72,38.28,0.18,wheat,flowering,1.65,21.96,0.0,5.08,5.62,27.13,Low,Extreme Heat,0.07
2025-07-31,River Bend,40.712,-74.02,26.63,68.4,2.5,17.13,2.29,51.53,6.24,4.84,18.19,63.34,26.89,10.24,17.84,59.5,0.2,corn,flowering,3.22,74.74,0.0,9.87,13.49,64.12,High,Extreme Heat,0.23
2025-07-31,South Fields,40.691,-74.01,21.44,57.51,6.46,6.01,2.05,44.54,6.75,5.22,24.26,31.28,19.9,11.46,12.49,54.58,0.23,corn,flowering,2.0,26.01,2.66,4.65,9.08,23.34,Low,Extreme Heat,0.09
2025-08-01,East Orchard,40.724,-73.965,22.48,54.41,4.21,18.01,1.62,39.17,6.19,5.23,8.92,33.71,31.32,10.96,17.05,55.18,0.15,wheat,flowering,0.0,31.15,3.26,4.49,1.16,28.82,Low,Extreme Heat,0.08
2025-08-01,Hill Market,40.747,-73.985,22.1,89.29,12.92,14.4,1.63,47.6,6.63,4.53,33.89,21.48,39.84,12.42,11.37,84.77,0.17,corn,flowering,2.71,40.27,1.14,45.55,29.3,42.24,Moderate,Acid Rain,0.21
2025-08-01,North Valley,40.733,-73.995,24.46,41.6,5.98,9.82,1.86,40.75,6.09,5.32,20.75,23.27,25.61,4.46,13.54,28.99,0.18,wheat,flowering,4.48,37.39,2.66,0.08,7.34,34.42,Low,Extreme Heat,0.11
2025-08-01,River Bend,40.712,-74.02,20.8,38.73,5.84,13.99,1.96,37.24,6.18,5.03,16.38,31.63,23.04,8.48,15.59,58.39,0.2,wheat,flowering,3.11,21.67,0.03,3.62,5.43,19.33,Low,Extreme Heat,0.07
2025-08-01,South Fields,40.691,-74.01,21.12,51.42,4.12,36.24,2.16,27.12,6.49,5.26,25.82,29.61,24.25,7.22,13.69,66.23,0.23,corn,flowering,0.0,25.64,2.33,0.64,18.19,23.62,Low,Extreme Heat,0.07
2025-08-02,East Orchard,40.724,-73.965,24.34,62.0,2.51,4.03,1.97,31.51,6.1,5.56,18.06,35.03,32.58,6.16,14.06,46.61,0.15,corn,flowering,0.0,45.92,0.0,7.0,4.05,40.74,Moderate,Extreme Heat,0.14
2025-08-02,Hill Market,40.747,-73.985,20.18,53.32,7.15,50.62,1.89,54.18,6.6,4.96,26.79,37.9,30.26,8.0,14.14,73.19,0.17,corn,flowering,0.0,25.67,0.0,4.79,14.8,19.75,Low,Extreme Heat,0.08
2025-08-02,North Valley,40.733,-73.995,22.6,51.11,12.38,24.09,2.35,35.7,6.34,5.14,26.8,33.99,33.39,8.8,15.82,66.9,0.18,wheat,flowering,3.47,36.1,0.09,9.3,13.29,32.55,Low,Extreme Heat,0.11
2025-08-02,River Bend,40.712,-74.02,15.14,67.64,15.08,19.6,2.27,42.35,6.0,4.54,14.45,34.89,23.86,8.91,16.1,55.49,0.2,corn,flowering,0.0,11.59,3.11,38.64,6.53,38.78,Moderate,Acid Rain,0.11
2025-08-02,South Fields,40.691,-74.01,21.57,62.55,3.72,10.68,1.97,33.5,6.7,4.83,14.89,33.98,34.31,5.69,18.89,47.75,0.23,corn,flowering,0.0,39.58,0.0,10.09,4.39,33.71,Low,Extreme Heat,0.13
2025-08-03,East Orchard,40.724,-73.965,25.34,72.92,27.74,11.77,2.33,42.7,6.1,5.22,16.62,24.1,22.97,7.66,10.96,47.61,0.15,rice,flowering,9.86,57.87,0.43,1.43,11.16,53.47,Moderate,Extreme Heat,0.15
2025-08-03,Hill Market,40.747,-73.985,18.85,68.02,13.36,16.5,1.68,48.02,6.37,4.28,28.42,34.71,33.68,14.53,12.37,74.64,0.17,vegetable,flowering,0.0,18.11,0.0,69.5,16.17,53.1,Moderate,Acid Rain,0.21
2025-08-03,North Valley,40.733,-73.995,27.68,62.31,5.21,6.78,1.62,37.88,6.14,5.27,10.57,26.67,22.6,10.84,12.93,37.82,0.18,corn,flowering,0.29,65.71,0.0,2.42,0.0,52.87,Moderate,Extreme Heat,0.18
2025-08-03,River Bend,40.712,-74.02,25.68,100.0,82.74,20.97,3.83,88.38,5.47,4.49,17.77,56.83,24.71,20.08,13.17,53.38,0.2,wheat,flowering,97.99,78.84,0.0,87.29,13.3,89.95,Severe,Flood,0.67
2025-08-03,South Fields,40.691,-74.01,24.13,58.1,7.5,12.89,2.03,30.03,6.61,4.86,24.05,34.74,28.19,9.01,16.44,61.29,0.23,corn,flowering,1.53,49.52,0.0,2.14,14.43,44.02,Moderate,Extreme Heat,0.14
2025-08-04,East Orchard,40.724,-73.965,23.7,48.38,4.13,13.79,1.85,34.83,6.01,5.52,12.26,36.07,17.92,3.85,16.99,28.51,0.15,corn,flowering,0.0,34.9,0.0,2.14,5.61,29.92,Low,Extreme Heat,0.1
2025-08-04,Hill Market,40.747,-73.985,22.91,18.14,0.97,12.7,1.78,18.04,6.51,4.75,23.68,31.9,40.39,8.13,16.76,88.65,0.17,corn,flowering,1.03,23.62,0.29,22.23,11.2,25.02,Low,Extreme Heat,0.11
2025-08-04,North Valley,40.733,-73.995,24.08,69.28,13.34,7.99,2.69,60.79,6.63,5.69,1.59,34.1,26.5,4.89,16.18,38.35,0.18,wheat,flowering,6.97,56.0,3.1,0.0,1.55,51.81,Moderate,Extreme Heat,0.16
2025-08-04,River Bend,40.712,-74.02,20.0,68.43,10.1,37.99,2.21,35.81,6.3,4.7,23.54,31.91,26.17,0.35,16.52,58.03,0.2,vegetable,flowering,0.89,22.07,0.0,15.29,16.22,19.22,Low,Extreme Heat,0.1
2025-08-04,South Fields,40.691,-74.01,23.44,53.25,15.56,6.35,2.47,43.84,6.61,4.96,18.3,28.95,19.7,7.43,12.24,50.5,0.23,corn,flowering,7.14,44.79,0.0,3.83,6.67,40.83,Moderate,Extreme Heat,0.16
2025-08-05,East Orchard,40.724,-73.965,24.64,66.43,19.7,6.41,2.11,50.33,5.87,5.25,18.52,19.87,24.86,7.39,14.34,45.47,0.15,soybean,flowering,6.6,47.32,0.44,3.34,3.06,37.58,Moderate,Extreme Heat,0.15
2025-08-05,Hill Market,40.747,-73.985,21.3,57.16,30.02,7.09,1.84,48.14,6.07,4.68,22.87,23.56,35.27,13.16,12.84,86.9,0.17,corn,flowering,3.88,26.36,0.0,44.95,12.12,40.11,Moderate,Acid Rain,0.18
2025-08-05,North Valley,40.733,-73.995,19.37,60.05,16.14,6.77,1.98,51.32,6.65,5.0,11.6,35.14,23.28,4.35,16.76,45.51,0.18,wheat,flowering,0.0,22.91,2.95,1.65,9.77,20.44,Low,Extreme Heat,0.06
2025-08-05,River Bend,40.712,-74.02,19.44,83.55,42.22,19.0,2.75,49.59,5.6,4.41,18.31,28.14,27.03,14.77,14.29,61.61,0.2,rice,flowering,39.07,31.37,0.0,79.32,7.36,72.32,High,Acid Rain,0.3
2025-08-05,South Fields,40.691,-74.01,23.51,52.17,7.47,27.5,1.71,41.32,6.66,5.07,34.69,23.58,32.4,7.01,14.39,62.89,0.23,corn,flowering,6.64,47.4,3.52,2.87,12.34,39.75,Moderate,Extreme Heat,0.16
2025-08-06,East Orchard,40.724,-73.965,24.42,52.82,10.86,14.37,2.23,35.96,5.76,5.65,11.08,40.36,23.51,9.07,17.98,48.58,0.15,corn,flowering,0.0,45.37,0.0,0.0,3.89,39.73,Moderate,Extreme Heat,0.12
2025-08-06,Hill Market,40.747,-73.985,29.15,75.51,11.95,7.71,1.61,42.22,6.65,4.8,32.43,56.74,32.17,6.23,12.87,75.47,0.17,vegetable,flowering,0.0,84.25,3.53,17.29,30.39,76.04,Severe,Extreme Heat,0.29
2025-08-06,North Valley,40.733,-73.995,22.86,76.47,53.03,23.48,2.92,59.77,5.56,4.39,13.8,32.07,36.54,11.64,13.6,60.57,0.18,wheat,flowering,61.34,46.95,0.0,90.14,7.17,73.88,High,Acid Rain,0.47
2025-08-06,River Bend,40.712,-74.02,21.85,44.47,8.37,12.32,2.58,36.51,5.79,5.31,20.55,39.58,38.34,7.55,14.48,64.27,0.2,wheat,flowering,2.79,31.94,3.07,6.11,16.89,28.17,Low,Extreme Heat,0.1
2025-08-06,South Fields,40.691,-74.01,21.29,71.59,2.79,4.18,1.59,12.3,6.93,5.12,26.01,31.02,29.14,2.58,14.76,62.29,0.23,corn,flowering,1.54,38.54,0.0,0.0,4.92,32.69,Low,Extreme Heat,0.11
2025-08-07,East Orchard,40.724,-73.965,25.95,37.26,2.12,10.29,1.75,35.1,6.2,5.07,12.86,37.8,24.34,8.34,13.26,55.57,0.15,corn,flowering,3.74,50.77,1.35,3.3,6.97,46.48,Moderate,Extreme Heat,0.16
2025-08-07,Hill Market,40.747,-73.985,28.26,48.65,3.02,10.19,1.63,35.59,6.48,4.63,30.24,55.34,44.41,14.14,15.33,91.56,0.17,rice,flowering,2.59,70.5,0.0,34.11,33.71,61.54,High,Extreme Heat,0.2
2025-08-07,North Valley,40.733,-73.995,24.42,55.73,11.24,12.48,2.31,49.23,6.45,4.98,19.72,31.43,22.51,10.17,13.97,46.48,0.18,wheat,flowering,0.0,47.11,0.21,5.61,6.86,37.12,Moderate,Extreme Heat,0.12
2025-08-07,River Bend,40.712,-74.02,25.47,34.36,5.78,3.88,2.16,31.64,6.17,4.92,22.41,31.43,43.31,12.07,13.44,82.67,0.2,rice,flowering,2.48,48.05,0.0,10.56,16.21,41.98,Moderate,Extreme Heat,0.12
2025-08-07,South Fields,40.691,-74.01,19.69,51.38,8.49,8.66,2.18,41.78,6.37,5.01,32.96,34.66,23.19,11.72,12.1,65.25,0.23,vegetable,flowering,4.32,21.71,0.9,6.32,11.47,20.02,Low,Extreme Heat,0.1
2025-08-08,East Orchard,40.724,-73.965,31.02,56.49,4.55,18.49,1.85,33.73,5.99,5.34,6.19,52.39,30.19,12.65,16.03,51.55,0.15,corn,flowering,0.0,89.58,2.59,6.85,3.61,74.88,High,Extreme Heat,0.26
2025-08-08,Hill Market,40.747,-73.985,16.95,63.35,15.65,12.94,2.14,36.69,6.26,4.24,25.99,32.38,35.6,13.64,13.45,84.07,0.17,vegetable,flowering,0.5,10.9,0.0,82.49,17.99,73.88,High,Acid Rain,0.22
2025-08-08,North Valley,40.733,-73.995,20.64,48.06,6.54,14.42,1.83,33.87,6.31,5.08,20.71,24.35,31.48,5.02,15.16,56.21,0.18,wheat,flowering,0.0,22.71,0.54,6.58,6.57,21.47,Low,Extreme Heat,0.07
2025-08-08,River Bend,40.712,-74.02,21.4,49.31,11.42,16.13,2.39,30.38,6.61,5.3,21.96,43.41,36.31,13.55,14.67,76.34,0.2,wheat,flowering,0.27,33.42,0.18,0.37,14.63,30.94,Low,Extreme Heat,0.08
2025-08-08,South Fields,40.691,-74.01,23.83,37.2,2.67,6.7,2.33,27.62,6.21,5.25,15.59,46.81,31.64,8.61,16.65,49.9,0.23,wheat,flowering,3.97,42.62,0.0,7.08,9.67,33.45,Low,Extreme Heat,0.13
2025-08-09,East Orchard,40.724,-73.965,20.79,50.47,4.06,19.44,1.58,27.51,6.32,5.41,20.75,26.13,34.4,11.6,15.55,46.0,0.15,soybean,flowering,0.0,22.52,0.0,0.0,16.01,22.78,Low,Extreme Heat,0.06
2025-08-09,Hill Market,40.747,-73.985,20.75,100.0,47.04,7.66,2.61,54.11,5.89,4.01,11.91,26.91,29.49,15.81,14.11,60.85,0.17,vegetable,flowering,29.81,42.78,1.9,98.76,9.99,78.31,Severe,Acid Rain,0.48
2025-08-09,North Valley,40.733,-73.995,20.72,51.79,7.94,2.71,1.89,38.63,6.34,5.22,15.63,44.64,28.07,6.51,13.24,44.97,0.18,soybean,flowering,4.45,26.14,0.0,1.66,1.55,23.64,Low,Extreme Heat,0.08
2025-08-09,River Bend,40.712,-74.02,23.66,56.5,9.94,23.1,2.17,32.11,6.41,4.81,31.37,29.37,24.45,7.22,13.62,53.39,0.2,corn,flowering,5.45,48.04,3.16,8.54,15.44,45.25,Moderate,Extreme Heat,0.17
2025-08-09,South Fields,40.691,-74.01,18.37,50.8,4.25,7.34,1.91,36.37,6.84,4.87,17.16,22.58,24.12,5.76,15.25,49.01,0.23,corn,flowering,4.28,13.38,0.0,6.23,6.13,7.83,Low,Extreme Heat,0.06
2025-08-10,East Orchard,40.724,-73.965,20.85,54.15,1.23,31.94,1.61,41.48,6.4,5.63,11.65,30.53,24.9,5.01,17.32,43.97,0.15,corn,flowering,0.0,26.35,0.0,0.0,6.86,22.18,Low,Extreme Heat,0.07
2025-08-10,Hill Market,40.747,-73.985,21.8,55.7,5.06,11.01,1.52,48.94,6.7,4.82,27.2,35.82,30.07,7.24,13.71,68.5,0.17,rice,flowering,0.0,32.88,5.87,8.59,13.48,26.05,Low,Extreme Heat,0.09
2025-08-10,North Valley,40.733,-73.995,23.44,51.59,19.36,10.09,2.04,25.61,6.25,5.01,24.18,31.9,18.71,7.01,15.73,50.84,0.18,soybean,flowering,1.24,38.82,5.04,4.33,10.23,29.08,Low,Extreme Heat,0.12
2025-08-10,River Bend,40.712,-74.02,21.69,60.07,16.9,24.36,2.51,33.73,6.55,4.85,20.66,18.24,25.02,6.24,10.57,51.55,0.2,wheat,flowering,11.4,24.14,0.0,11.17,4.32,24.11,Low,Extreme Heat,0.11
2025-08-10,South Fields,40.691,-74.01,17.95,57.02,9.61,3.4,2.14,28.28,6.76,5.38,19.19,36.63,22.69,4.57,15.58,48.86,0.23,corn,flowering,2.72,18.97,0.0,2.07,11.49,16.71,Low,Extreme Heat,0.07
2025-08-11,East Orchard,40.724,-73.965,19.09,100.0,72.42,10.23,3.22,54.41,5.24,4.52,19.01,32.21,22.15,18.66,10.87,41.72,0.15,corn,flowering,87.52,28.64,2.74,87.21,5.37,78.9,Severe,Flood,0.59
2025-08-11,Hill Market,40.747,-73.985,23.97,63.86,2.31,11.11,1.52,36.94,6.67,4.88,18.53,27.98,30.69,2.44,12.74,65.16,0.17,corn,flowering,0.0,47.73,0.0,4.93,10.72,42.43,Moderate,Extreme Heat,0.14
2025-08-11,North Valley,40.733,-73.995,29.12,49.07,4.91,8.02,1.95,35.17,6.05,5.63,9.36,30.6,22.47,11.9,14.12,46.68,0.18,wheat,flowering,0.18,77.66,7.58,2.65,4.75,66.63,High,Extreme Heat,0.2
2025-08-11,River Bend,40.712,-74.02,23.58,77.24,4.35,7.2,2.54,35.71,6.48,5.11,24.39,41.1,33.91,8.12,17.32,71.35,0.2,soybean,flowering,1.91,53.28,0.0,0.0,15.72,47.19,Moderate,Extreme Heat,0.14
2025-08-11,South Fields,40.691,-74.01,21.54,77.53,5.96,14.16,2.18,34.31,6.48,5.36,25.96,33.52,28.35,8.84,14.13,78.15,0.23,corn,flowering,0.33,41.56,9.54,0.0,11.67,34.21,Low,Extreme Heat,0.13
2025-08-12,East Orchard,40.724,-73.965,20.48,100.0,74.82,33.97,3.14,76.07,5.3,4.53,17.21,33.43,27.21,14.48,12.03,60.06,0.15,wheat,flowering,96.23,41.18,0.0,89.04,13.27,88.27,Severe,Flood,0.57
2025-08-12,Hill Market,40.747,-73.985,31.98,57.9,9.02,3.65,1.98,23.69,6.48,4.87,18.33,52.25,30.33,15.14,14.1,65.62,0.17,soybean,flowering,1.84,91.48,1.18,14.42,9.81,77.09,Severe,Extreme Heat,0.26
2025-08-12,North Valley,40.733,-73.995,28.76,66.0,13.66,17.07,2.18,16.49,6.62,5.89,16.15,29.92,34.61,11.92,15.12,74.56,0.18,wheat,flowering,2.24,71.0,0.0,1.02,4.29,63.98,High,Extreme Heat,0.18
2025-08-12,River Bend,40.712,-74.02,19.14,48.5,5.68,11.17,2.21,26.68,6.42,4.96,41.01,39.66,39.09,5.88,15.53,98.05,0.2,wheat,flowering,0.0,15.97,0.0,1.24,37.87,30.42,Low,Air Quality,0.04
2025-08-12,South Fields,40.691,-74.01,20.34,50.85,3.06,8.02,2.04,24.31,6.85,5.51,19.74,24.09,28.14,2.6,14.24,75.18,0.23,soybean,flowering,1.55,20.87,0.74,0.0,2.2,13.84,Low,Extreme Heat,0.06
2025-08-13,East Orchard,40.724,-73.965,22.45,29.87,1.91,9.27,1.97,55.89,6.02,5.31,17.82,44.88,32.42,5.3,19.15,53.9,0.15,corn,flowering,0.0,27.63,0.0,1.36,6.77,25.15,Low,Extreme Heat,0.08
2025-08-13,Hill Market,40.747,-73.985,15.9,61.77,2.54,16.37,1.78,35.92,6.36,4.98,19.55,38.65,33.07,10.92,15.95,84.82,0.17,corn,flowering,0.0,11.5,0.0,7.68,11.79,12.77,Low,Air Quality,0.05
2025-08-13,North Valley,40.733,-73.995,23.51,55.72,7.15,3.86,2.24,36.8,6.22,5.2,17.4,46.88,32.95,10.55,16.04,83.65,0.18,wheat,flowering,1.76,42.62,2.48,0.06,11.91,39.28,Moderate,Extreme Heat,0.11
2025-08-13,River Bend,40.712,-74.02,20.54,70.88,1.79,4.52,2.34,38.42,6.3,5.45,21.65,41.32,22.46,7.66,15.56,61.41,0.2,rice,flowering,2.48,33.18,0.07,0.0,8.91,26.94,Low,Extreme Heat,0.07
2025-08-13,South Fields,40.691,-74.01,14.13,58.54,24.39,17.93,2.3,50.23,6.72,5.08,19.4,23.76,28.05,6.2,14.55,50.6,0.23,corn,flowering,5.2,5.95,3.07,4.73,8.42,7.45,Low,Air Quality,0.05
2025-08-14,East Orchard,40.724,-73.965,24.46,56.71,14.61,8.66,2.1,42.9,6.01,5.35,24.84,34.6,27.48,11.79,13.93,56.53,0.15,corn,flowering,0.0,48.67,4.33,0.0,11.38,42.59,Moderate,Extreme Heat,0.14
2025-08-14,Hill Market,40.747,-73.985,22.28,66.5,13.73,15.24,2.24,44.68,6.59,4.93,36.67,38.01,36.61,13.03,13.97,87.94,0.17,corn,flowering,1.87,40.46,0.0,8.42,30.69,33.65,Low,Extreme Heat,0.13
2025-08-14,North Valley,40.733,-73.995,24.64,48.99,4.22,7.63,1.97,26.52,6.47,5.3,16.85,30.68,38.47,8.37,15.23,73.57,0.18,wheat,flowering,0.0,46.67,0.81,0.0,16.55,45.23,Moderate,Extreme Heat,0.11
2025-08-14,River Bend,40.712,-74.02,19.61,65.12,3.61,8.56,2.12,43.92,6.15,5.08,11.13,34.7,30.25,3.02,16.44,53.29,0.2,wheat,flowering,0.0,28.3,0.71,3.05,5.29,23.37,Low,Extreme Heat,0.07
2025-08-14,South Fields,40.691,-74.01,21.58,63.79,14.85,24.28,2.13,45.19,6.79,5.05,28.92,26.7,33.95,7.17,13.32,67.02,0.23,corn,flowering,2.14,36.07,0.0,9.24,19.47,34.62,Low,Extreme Heat,0.12
2025-08-15,East Orchard,40.724,-73.965,15.38,51.38,4.91,7.57,2.16,46.45,6.2,5.86,7.0,30.57,17.31,4.8,14.36,43.78,0.15,corn,flowering,0.0,6.83,3.18,2.84,9.25,7.64,Low,Air Quality,0.03
2025-08-15,Hill Market,40.747,-73.985,24.62,90.46,18.32,3.57,2.22,44.81,6.49,4.44,26.7,45.32,35.27,14.75,13.93,72.79,0.17,rice,flowering,1.99,68.28,0.0,58.82,15.89,61.06,High,Extreme Heat,0.23
2025-08-15,North Valley,40.733,-73.995,27.88,54.95,3.78,13.34,2.35,12.1,6.38,4.79,19.75,53.24,26.32,7.23,12.73,57.28,0.18,vegetable,flowering,0.0,68.66,1.74,6.21,12.77,63.78,High,Extreme Heat,0.22
2025-08-15,River Bend,40.712,-74.02,18.15,39.36,4.57,15.77,2.43,55.43,5.95,4.97,23.02,34.09,36.92,16.17,13.55,68.5,0.2,wheat,flowering,2.29,13.9,0.0,8.63,17.73,18.07,Low,Air Quality,0.06
2025-08-15,South Fields,40.691,-74.01,19.45,68.38,7.87,11.63,2.09,19.46,6.46,5.41,26.82,24.38,35.17,5.96,13.17,47.35,0.23,corn,flowering,0.0,18.04,2.68,6.8,10.75,16.31,Low,Extreme Heat,0.07
2025-08-16,East Orchard,40.724,-73.965,12.24,51.52,7.97,4.01,2.22,40.75,6.28,5.41,10.32,14.21,25.91,10.12,14.19,47.22,0.15,vegetable,flowering,0.0,0.0,3.65,4.34,8.47,2.15,Low,Air Quality,0.02
2025-08-16,Hill Market,40.747,-73.985,18.95,66.23,8.29,9.06,1.83,54.14,6.73,4.68,19.33,34.61,28.88,10.31,15.64,50.45,0.17,wheat,flowering,1.93,24.05,0.0,16.16,7.14,17.99,Low,Extreme Heat,0.09
2025-08-16,North Valley,40.733,-73.995,19.73,42.35,5.26,1.16,1.92,12.03,6.37,5.27,12.04,48.9,28.61,4.93,13.56,42.91,0.18,rice,flowering,3.04,20.31,2.11,5.85,4.34,20.45,Low,Extreme Heat,0.06
2025-08-16,River Bend,40.712,-74.02,21.18,50.15,5.25,3.35,2.29,36.56,6.51,5.08,17.91,29.11,41.95,6.45,15.17,73.31,0.2,vegetable,flowering,3.93,27.55,1.77,1.0,7.94,22.03,Low,Extreme Heat,0.1
2025-08-16,South Fields,40.691,-74.01,7.09,100.0,72.57,14.62,3.43,67.62,5.63,4.16,13.18,47.82,13.35,14.51,16.15,32.33,0.23,rice,flowering,93.4,2.33,0.3,100.0,6.28,90.31,Severe,Acid Rain,0.43
2025-08-17,East Orchard,40.724,-73.965,19.55,51.15,6.11,17.88,2.05,35.54,6.15,5.27,13.33,18.85,24.08,3.88,18.61,36.89,0.15,rice,flowering,0.27,11.85,3.25,5.57,2.18,6.05,Low,Extreme Heat,0.04
2025-08-17,Hill Market,40.747,-73.985,19.41,47.87,7.42,10.51,1.83,33.21,6.31,5.23,20.28,35.58,37.33,10.15,15.42,86.03,0.17,soybean,flowering,0.0,18.74,2.48,3.6,16.65,13.97,Low,Extreme Heat,0.06
2025-08-17,North Valley,40.733,-73.995,18.93,59.03,0.78,5.75,2.18,26.43,6.36,5.08,11.17,17.76,22.2,9.18,15.28,39.53,0.18,wheat,flowering,0.0,18.3,0.0,6.8,1.93,13.77,Low,Extreme Heat,0.06
2025-08-17,River Bend,40.712,-74.02,17.78,60.47,18.05,11.65,2.93,45.23,6.18,4.4,19.67,28.23,27.5,8.11,14.62,65.74,0.2,wheat,flowering,15.17,14.46,2.77,55.54,13.55,50.09,Moderate,Acid Rain,0.19
2025-08-17,South Fields,40.691,-74.01,22.33,55.96,3.29,7.65,2.22,18.16,6.75,4.98,14.99,16.44,25.6,9.68,15.6,51.8,0.23,soybean,flowering,3.15,31.16,0.0,2.56,1.65,31.0,Low,Extreme Heat,0.09
2025-08-18,East Orchard,40.724,-73.965,22.49,56.77,5.4,4.02,2.0,28.42,6.12,5.19,12.4,20.32,28.77,6.19,16.24,48.47,0.15,corn,flowering,0.0,32.48,0.0,0.0,5.65,29.44,Low,Extreme Heat,0.09
2025-08-18,Hill Market,40.747,-73.985,26.82,66.65,5.94,1.37,1.59,44.09,6.77,4.92,24.68,40.23,24.56,4.44,12.75,51.58,0.17,vegetable,flowering,0.0,62.59,2.89,3.38,12.18,55.45,High,Extreme Heat,0.2
2025-08-18,North Valley,40.733,-73.995,22.07,59.71,9.2,23.95,2.16,36.26,6.43,5.53,16.4,25.72,27.36,8.74,15.87,68.62,0.18,soybean,flowering,2.61,29.0,0.0,5.63,6.32,23.86,Low,Extreme Heat,0.09
2025-08-18,River Bend,40.712,-74.02,29.99,30.0,6.03,11.91,2.22,28.61,6.5,5.07,14.07,45.47,30.46,10.74,15.56,64.32,0.2,soybean,flowering,5.16,69.22,0.94,6.88,7.55,60.87,High,Extreme Heat,0.2
2025-08-18,South Fields,40.691,-74.01,19.35,51.8,5.69,2.62,2.08,52.29,6.63,5.04,27.92,35.19,29.1,6.05,12.95,64.64,0.23,corn,flowering,5.82,21.11,1.45,7.62,7.56,20.72,Low,Extreme Heat,0.1
2025-08-19,East Orchard,40.724,-73.965,13.74,59.08,9.63,6.17,2.24,31.75,6.11,5.63,18.06,25.79,22.55,8.89,10.72,62.19,0.15,vegetable,flowering,0.0,9.3,0.0,0.0,1.91,9.98,Low,Extreme Heat,0.03
2025-08-19,Hill Market,40.747,-73.985,27.02,39.98,12.65,5.21,1.84,31.59,6.78,5.07,18.74,53.42,33.01,14.12,12.59,83.87,0.17,corn,flowering,1.75,65.59,0.0,2.51,11.77,57.56,High,Extreme Heat,0.19
2025-08-19,North Valley,40.733,-73.995,27.21,67.86,11.05,5.94,2.15,34.44,6.41,4.95,36.42,39.38,46.6,10.97,13.78,79.73,0.18,wheat,flowering,8.03,72.26,0.0,17.61,27.35,59.6,High,Extreme Heat,0.23
2025-08-19,River Bend,40.712,-74.02,21.2,35.06,5.3,18.64,2.26,38.51,6.33,5.24,21.05,47.96,34.51,7.42,14.89,84.67,0.2,vegetable,flowering,1.75,27.5,0.0,1.98,15.2,25.34,Low,Extreme Heat,0.09
2025-08-19,South Fields,40.691,-74.01,20.85,64.68,13.22,11.72,2.36,52.53,6.29,4.72,29.98,38.8,24.03,7.84,14.47,50.84,0.23,soybean,flowering,1.57,29.62,0.0,15.88,14.3,27.46,Low,Extreme Heat,0.11
2025-08-20,East Orchard,40.724,-73.965,16.81,37.53,1.06,2.49,1.55,37.74,6.05,5.92,25.58,24.02,27.28,4.43,13.27,54.87,0.15,soybean,flowering,0.0,5.19,0.0,0.13,7.93,6.47,Low,Air Quality,0.01
2025-08-20,Hill Market,40.747,-73.985,24.84,52.48,1.1,5.73,1.85,31.12,6.86,5.19,27.7,32.29,39.5,8.92,14.38,92.1,0.17,corn,flowering,0.0,47.14,0.0,0.0,20.55,42.92,Moderate,Extreme Heat,0.13
2025-08-20,North Valley,40.733,-73.995,24.22,58.48,2.86,5.66,1.93,35.51,6.3,5.39,26.9,37.33,40.87,9.67,11.99,73.14,0.18,rice,flowering,4.32,43.65,0.4,1.54,18.72,42.24,Moderate,Extreme Heat,0.1
2025-08-20,River Bend,40.712,-74.02,21.14,70.4,16.72,13.11,2.66,44.53,6.28,4.82,31.06,23.0,38.15,5.76,15.34,60.88,0.2,wheat,flowering,8.28,31.83,0.0,11.14,16.8,25.58,Low,Extreme Heat,0.12
2025-08-20,South Fields,40.691,-74.01,19.83,83.49,8.7,7.21,2.26,40.07,6.51,5.98,25.05,42.91,43.31,12.28,13.4,68.47,0.23,vegetable,flowering,0.0,35.18,0.82,0.0,17.96,32.28,Low,Extreme Heat,0.11
2025-08-21,East Orchard,40.724,-73.965,18.46,54.27,2.54,11.83,2.08,34.22,6.25,5.43,27.61,37.53,35.25,4.08,16.12,49.52,0.15,corn,flowering,8.92,16.46,0.0,0.0,15.55,13.83,Low,Extreme Heat,0.08
2025-08-21,Hill Market,40.747,-73.985,22.32,49.29,6.24,21.25,1.78,28.06,6.24,5.16,37.56,33.37,46.73,5.44,16.2,95.6,0.17,corn,flowering,3.88,37.32,0.88,2.53,34.96,35.26,Moderate,Extreme Heat,0.12
2025-08-21,North Valley,40.733,-73.995,27.27,55.14,17.68,18.1,2.43,47.68,6.22,5.12,28.04,35.01,28.53,14.07,11.14,66.18,0.18,wheat,flowering,8.66,63.16,0.0,5.21,11.6,54.12,Moderate,Extreme Heat,0.19
2025-08-21,River Bend,40.712,-74.02,20.74,46.82,10.23,10.47,2.21,55.74,6.29,4.98,23.57,34.31,36.46,3.57,15.61,63.1,0.2,wheat,flowering,3.66,25.22,0.0,7.98,13.73,26.27,Low,Extreme Heat,0.09
2025-08-21,South Fields,40.691,-74.01,22.68,59.42,4.38,9.77,2.25,54.11,6.55,4.59,9.23,19.34,31.22,5.64,18.5,75.62,0.23,corn,flowering,2.88,44.12,4.09,22.28,2.62,40.21,Moderate,Extreme Heat,0.18
2025-08-22,East Orchard,40.724,-73.965,13.94,100.0,65.9,26.23,3.02,77.04,5.46,4.51,19.25,34.98,33.35,12.02,13.67,39.05,0.15,corn,flowering,80.21,10.97,4.88,84.82,7.76,77.94,Severe,Acid Rain,0.51
2025-08-22,Hill Market,40.747,-73.985,23.96,54.78,4.21,7.52,1.48,26.92,6.44,5.17,20.28,34.98,39.29,6.38,12.78,76.35,0.17,corn,flowering,1.04,40.67,0.0,5.31,7.85,36.61,Moderate,Extreme Heat,0.12
2025-08-22,North Valley,40.733,-73.995,16.01,61.48,4.95,6.28,2.07,46.97,6.32,5.56,23.12,42.02,41.48,7.99,12.26,78.93,0.18,wheat,flowering,0.83,14.52,1.92,0.0,19.56,19.17,Low,Air Quality,0.04
2025-08-22,River Bend,40.712,-74.02,19.66,47.8,6.48,7.42,2.66,34.89,6.07,5.38,32.87,30.33,26.21,5.58,15.16,74.4,0.2,wheat,flowering,6.74,21.43,0.0,1.0,17.28,18.99,Low,Extreme Heat,0.07
2025-08-22,South Fields,40.691,-74.01,7.35,100.0,54.2,11.47,3.33,61.82,6.09,4.13,18.34,28.59,29.86,12.5,11.39,60.92,0.23,corn,flowering,70.4,3.15,2.77,100.0,6.13,90.41,Severe,Acid Rain,0.48
2025-08-23,East Orchard,40.724,-73.965,17.25,59.81,3.15,8.93,1.61,43.82,6.22,5.82,19.23,18.14,28.69,5.23,14.27,38.93,0.15,corn,flowering,0.0,12.41,0.0,2.62,2.84,15.03,Low,Extreme Heat,0.04
2025-08-23,Hill Market,40.747,-73.985,20.71,70.37,13.97,5.77,2.39,38.78,6.88,5.13,32.51,36.82,39.59,14.28,14.97,80.4,0.17,corn,flowering,3.56,36.18,2.26,6.88,30.71,29.14,Low,Extreme Heat,0.13
2025-08-23,North Valley,40.733,-73.995,26.09,61.17,4.68,25.36,2.1,44.95,6.4,5.62,15.12,40.49,17.12,4.32,15.65,23.97,0.18,wheat,flowering,0.0,65.19,6.86,4.62,6.35,55.06,High,Extreme Heat,0.17
2025-08-23,River Bend,40.712,-74.02,19.99,53.09,1.58,5.94,1.97,44.02,6.18,4.97,21.54,19.79,32.89,7.24,15.26,57.9,0.2,wheat,flowering,0.0,17.77,0.0,7.08,8.89,14.07,Low,Extreme Heat,0.05
2025-08-23,South Fields,40.691,-74.01,19.16,55.21,8.89,2.79,2.32,43.41,6.78,5.19,17.04,32.02,21.44,9.01,12.22,63.09,0.23,wheat,flowering,0.0,18.51,0.0,0.0,8.84,19.59,Low,Extreme Heat,0.04
2025-08-24,East Orchard,40.724,-73.965,14.66,46.05,0.9,5.91,2.19,19.28,6.48,4.99,14.21,26.38,20.67,5.32,14.61,36.38,0.15,corn,flowering,0.0,3.03,2.99,5.96,0.0,9.32,Low,Acid Rain,0.02
2025-08-24,Hill Market,40.747,-73.985,15.01,30.78,10.79,15.01,2.2,38.18,6.29,5.11,26.67,48.97,31.06,14.57,12.35,87.4,0.17,rice,flowering,2.89,9.37,0.0,0.95,20.63,14.63,Low,Air Quality,0.03
2025-08-24,North Valley,40.733,-73.995,27.05,57.21,8.41,12.63,2.14,47.2,6.45,5.68,21.28,47.55,30.34,8.29,12.66,54.55,0.18,soybean,flowering,6.04,65.04,0.0,0.62,17.29,57.82,High,Extreme Heat,0.18
2025-08-24,River Bend,40.712,-74.02,17.19,63.59,4.95,25.55,2.57,55.25,6.42,5.0,24.78,27.64,22.54,10.46,14.19,54.56,0.2,corn,flowering,1.14,13.84,3.56,7.04,6.66,12.86,Low,Extreme Heat,0.06
2025-08-24,South Fields,40.691,-74.01,17.4,62.09,4.58,8.92,2.26,33.57,6.74,5.03,16.61,26.83,22.54,3.84,14.76,31.33,0.23,vegetable,flowering,3.18,17.51,1.91,0.0,6.62,15.37,Low,Extreme Heat,0.07
2025-08-25,East Orchard,40.724,-73.965,12.23,48.54,9.8,24.86,2.42,33.16,6.12,5.44,17.63,25.21,31.65,0.79,14.02,31.67,0.15,corn,flowering,0.0,1.11,3.85,1.68,8.68,5.24,Low,Air Quality,0.01
2025-08-25,Hill Market,40.747,-73.985,20.37,49.94,2.14,27.34,1.93,17.06,6.87,4.79,22.93,40.12,30.02,4.97,15.32,63.15,0.17,corn,flowering,0.23,20.82,0.86,9.49,15.12,15.79,Low,Extreme Heat,0.08
2025-08-25,North Valley,40.733,-73.995,19.18,46.68,12.34,8.89,2.26,31.45,6.28,4.98,23.87,29.24,33.05,8.39,17.54,75.49,0.18,soybean,flowering,0.0,17.31,0.67,4.77,14.2,17.95,Low,Extreme Heat,0.05
2025-08-25,River Bend,40.712,-74.02,23.29,47.64,1.17,3.69,2.39,43.29,6.13,4.77,11.18,41.13,25.45,6.42,17.2,65.06,0.2,wheat,flowering,4.46,41.29,0.0,13.16,2.84,35.17,Moderate,Extreme Heat,0.14
2025-08-25,South Fields,40.691,-74.01,11.15,57.97,7.91,4.91,2.18,29.99,6.83,4.54,21.46,41.97,36.07,8.6,14.83,79.85,0.23,corn,flowering,1.91,4.46,4.56,31.48,19.54,26.09,Low,Acid Rain,0.09
2025-08-26,East Orchard,40.724,-73.965,15.0,46.23,0.38,22.68,1.95,34.37,6.18,5.7,19.76,20.26,17.36,3.04,15.53,44.84,0.15,corn,flowering,0.0,6.09,0.92,0.33,5.94,7.22,Low,Extreme Heat,0.02
2025-08-26,Hill Market,40.747,-73.985,19.56,58.17,7.69,3.96,2.28,41.43,6.48,5.13,31.84,42.31,32.75,9.76,13.11,64.6,0.17,wheat,flowering,3.07,22.22,1.29,0.0,18.97,21.57,Low,Extreme Heat,0.06
2025-08-26,North Valley,40.733,-73.995,20.99,48.01,4.63,2.64,2.03,29.6,6.4,5.31,44.86,30.01,29.35,9.78,16.77,68.49,0.18,wheat,flowering,1.83,22.48,2.5,1.74,27.44,23.8,Low,Air Quality,0.06
2025-08-26,River Bend,40.712,-74.02,19.63,64.5,2.58,19.65,2.42,20.36,6.41,5.04,15.03,33.75,40.87,8.97,14.05,69.91,0.2,wheat,flowering,0.0,27.85,3.12,5.49,3.75,26.34,Low,Extreme Heat,0.08
2025-08-26,South Fields,40.691,-74.01,12.89,64.27,3.2,10.88,1.97,32.79,6.51,5.39,30.42,25.37,31.1,10.45,15.78,69.9,0.23,corn,flowering,0.0,6.96,0.0,7.07,14.91,8.07,Low,Air Quality,0.03
2025-08-27,East Orchard,40.724,-73.965,18.38,73.03,1.17,17.01,1.7,41.15,6.21,5.63,14.61,27.85,24.06,6.66,15.85,36.03,0.15,corn,flowering,0.59,13.3,1.01,0.0,5.48,13.65,Low,Extreme Heat,0.04
2025-08-27,Hill Market,40.747,-73.985,20.77,53.73,5.4,19.45,1.58,29.7,6.91,5.15,25.7,29.02,35.37,10.98,13.72,100.0,0.17,corn,flowering,0.0,22.41,1.63,3.63,18.65,19.21,Low,Extreme Heat,0.07
2025-08-27,North Valley,40.733,-73.995,15.82,63.84,6.53,29.81,2.24,41.19,6.65,5.57,30.68,48.67,34.04,14.24,15.17,80.92,0.18,wheat,flowering,1.31,10.43,0.34,4.16,21.62,22.47,Low,Air Quality,0.04
2025-08-27,River Bend,40.712,-74.02,17.79,57.07,2.17,11.67,2.33,48.92,6.03,5.08,24.09,31.09,30.7,12.6,13.39,72.09,0.2,wheat,flowering,4.42,15.76,0.06,3.35,15.13,16.76,Low,Extreme Heat,0.06
2025-08-27,South Fields,40.691,-74.01,8.75,63.91,14.44,10.46,2.5,47.45,6.84,4.84,22.23,26.99,33.57,8.53,12.27,61.71,0.23,corn,flowering,9.02,1.38,2.73,12.5,10.13,12.6,Low,Acid Rain,0.07
2025-08-28,East Orchard,40.724,-73.965,12.01,77.57,8.6,3.31,2.09,47.41,6.47,5.7,21.5,37.13,31.08,8.07,16.94,59.75,0.15,soybean,flowering,0.0,8.23,3.38,1.87,10.67,14.55,Low,Air Quality,0.03
2025-08-28,Hill Market,40.747,-73.985,24.23,60.82,6.59,7.93,1.87,42.25,6.59,4.73,20.8,43.32,37.83,9.98,11.69,83.96,0.17,vegetable,flowering,0.0,55.75,0.0,17.66,17.9,46.91,Moderate,Extreme Heat,0.21
2025-08-28,North Valley,40.733,-73.995,20.5,38.48,5.77,14.0,2.21,24.46,6.68,5.19,26.81,18.53,28.12,7.89,13.99,63.6,0.18,wheat,flowering,3.4,10.99,0.0,5.51,8.24,6.56,Low,Extreme Heat,0.05
2025-08-28,River Bend,40.712,-74.02,19.54,47.75,6.62,11.76,2.63,13.88,6.05,5.35,28.33,26.0,34.6,6.74,11.64,76.83,0.2,wheat,flowering,0.0,18.42,0.6,4.71,12.63,23.77,Low,Extreme Heat,0.05
2025-08-28,South Fields,40.691,-74.01,17.52,65.93,34.28,7.97,2.59,44.28,5.98,4.83,20.1,22.36,26.47,9.43,17.01,50.48,0.23,corn,flowering,15.84,14.23,0.0,30.06,4.52,25.02,Low,Acid Rain,0.16
2025-08-29,East Orchard,40.724,-73.965,22.15,42.66,5.81,11.86,2.18,27.1,6.17,5.4,1.52,28.24,27.94,7.06,13.3,60.64,0.15,soybean,flowering,1.76,28.1,0.0,4.37,5.63,21.58,Low,Extreme Heat,0.08
2025-08-29,Hill Market,40.747,-73.985,16.15,63.01,15.09,5.88,2.01,50.8,6.49,4.73,19.73,40.81,21.49,5.25,15.73,67.67,0.17,vegetable,flowering,5.56,11.06,0.43,22.11,10.85,19.08,Low,Acid Rain,0.11
2025-08-29,North Valley,40.733,-73.995,22.49,56.0,3.75,8.54,2.05,39.09,6.37,5.13,27.7,36.27,26.6,6.67,14.3,44.74,0.18,wheat,flowering,3.56,35.43,0.0,0.0,10.78,33.4,Low,Extreme Heat,0.1
2025-08-29,River Bend,40.712,-74.02,20.97,52.96,13.74,28.95,2.49,36.91,6.24,4.63,26.11,33.71,31.12,9.22,12.96,61.3,0.2,wheat,flowering,3.62,24.94,0.0,24.26,12.58,21.48,Low,Extreme Heat,0.11
2025-08-29,South Fields,40.691,-74.01,16.03,59.6,6.21,9.17,2.25,35.92,6.33,5.42,24.59,32.52,27.59,10.71,14.62,65.75,0.23,rice,flowering,0.91,12.91,0.0,0.13,11.05,11.69,Low,Extreme Heat,0.03
2025-08-30,East Orchard,40.724,-73.965,23.0,51.87,5.32,10.78,1.88,22.07,5.94,5.28,15.95,42.87,31.16,2.88,17.25,57.94,0.15,soybean,flowering,4.9,37.45,1.9,0.0,9.03,32.62,Low,Extreme Heat,0.11
2025-08-30,Hill Market,40.747,-73.985,20.73,63.27,23.02,8.21,2.22,56.19,6.38,4.02,20.09,34.96,40.85,15.32,14.54,69.6,0.17,vegetable,flowering,6.41,26.87,1.32,92.32,13.36,79.9,Severe,Acid Rain,0.31
2025-08-30,North Valley,40.733,-73.995,19.55,67.66,3.47,15.56,2.13,29.15,6.33,5.16,13.73,38.59,15.91,0.0,15.83,13.18,0.18,wheat,flowering,0.43,25.77,0.22,0.0,1.12,20.28,Low,Extreme Heat,0.06
2025-08-30,River Bend,40.712,-74.02,21.26,63.32,5.91,19.23,2.65,24.69,6.42,5.1,15.13,30.72,30.65,7.49,14.92,70.02,0.2,rice,flowering,0.06,27.96,0.0,5.98,6.72,25.54,Low,Extreme Heat,0.07
2025-08-30,South Fields,40.691,-74.01,17.25,54.84,6.47,47.58,2.7,28.44,6.8,5.06,22.83,30.21,25.57,14.21,14.93,47.81,0.23,soybean,flowering,0.67,12.79,0.0,4.94,5.97,10.2,Low,Extreme Heat,0.04
2025-08-31,East Orchard,40.724,-73.965,15.62,69.25,6.4,12.53,2.04,45.05,6.32,5.5,25.11,27.09,28.22,7.54,14.22,64.35,0.15,wheat,flowering,1.7,12.41,0.0,0.0,6.73,12.32,Low,Extreme Heat,0.03
2025-08-31,Hill Market,40.747,-73.985,7.39,53.75,11.39,14.05,2.45,36.31,6.48,5.11,24.57,38.26,30.42,11.06,10.98,71.81,0.17,corn,flowering,0.95,0.0,0.0,0.67,12.87,13.57,Low,Air Quality,0.0
2025-08-31,North Valley,40.733,-73.995,21.11,63.4,2.48,5.28,1.78,30.87,6.49,5.05,13.62,29.72,20.52,6.76,17.0,53.81,0.18,rice,flowering,0.0,29.7,2.25,6.35,8.54,23.59,Low,Extreme Heat,0.07
2025-08-31,River Bend,40.712,-74.02,18.51,63.89,8.56,4.39,2.75,29.61,6.06,4.98,21.3,37.26,28.04,13.8,16.18,60.43,0.2,wheat,flowering,0.0,14.89,2.75,6.85,9.68,13.37,Low,Extreme Heat,0.05
2025-08-31,South Fields,40.691,-74.01,18.03,53.84,6.44,3.25,2.32,43.08,6.75,4.8,24.85,30.65,35.16,3.57,15.99,55.06,0.23,corn,flowering,1.99,18.95,0.0,10.54,7.59,18.18,Low,Extreme Heat,0.08
2025-09-01,East Orchard,40.724,-73.965,14.68,60.55,4.05,2.76,2.26,41.74,6.17,5.39,7.29,43.88,27.45,5.0,15.04,50.29,0.15,corn,harvest,0.0,0.35,6.63,0.0,4.45,2.43,Low,Extreme Cold,0.01
2025-09-01,Hill Market,40.747,-73.985,16.02,45.45,1.89,12.89,2.18,39.59,6.65,5.21,29.91,30.71,44.13,9.39,14.4,88.86,0.17,corn,harvest,0.0,4.35,0.0,0.0,16.56,12.08,Low,Air Quality,0.01
2025-09-01,North Valley,40.733,-73.995,21.54,49.69,5.86,32.19,2.26,39.46,6.58,5.06,15.59,40.97,36.34,6.56,16.6,71.62,0.18,wheat,harvest,2.18,29.55,3.44,4.82,11.46,27.14,Low,Extreme Heat,0.06
2025-09-01,River Bend,40.712,-74.02,16.39,53.89,10.83,21.67,2.78,48.25,6.28,4.82,29.63,42.11,30.86,7.26,13.89,78.36,0.2,soybean,harvest,5.82,10.89,0.0,11.82,19.59,18.01,Low,Air Quality,0.05
2025-09-01,South Fields,40.691,-74.01,19.59,47.3,3.61,9.27,2.45,40.23,6.08,5.11,12.2,28.26,27.25,6.74,14.95,66.11,0.23,corn,harvest,4.12,22.49,3.71,5.53,2.66,18.21,Low,Extreme Heat,0.06
2025-09-02,East Orchard,40.724,-73.965,18.15,42.1,2.98,7.07,2.06,30.73,6.21,5.28,5.52,37.34,20.46,5.27,15.68,32.73,0.15,corn,harvest,1.85,14.48,4.36,1.83,2.64,12.1,Low,Extreme Heat,0.04
2025-09-02,Hill Market,40.747,-73.985,29.4,57.48,2.77,17.84,2.19,29.89,6.53,4.67,24.2,37.46,31.57,14.24,16.53,79.77,0.17,corn,harvest,0.44,74.04,0.0,23.48,14.18,62.96,High,Extreme Heat,0.17
2025-09-02,North Valley,40.733,-73.995,24.61,56.33,3.24,12.0,2.01,41.38,6.48,5.32,10.42,33.04,18.25,1.89,13.57,52.48,0.18,vegetable,harvest,0.0,44.22,0.0,4.65,8.84,39.58,Moderate,Extreme Heat,0.1
2025-09-02,River Bend,40.712,-74.02,20.81,65.88,4.45,8.84,2.43,38.34,6.1,5.26,33.55,34.22,44.19,9.6,16.52,79.6,0.2,wheat,harvest,3.83,29.58,0.0,5.79,30.46,27.89,Low,Air Quality,0.06
2025-09-02,South Fields,40.691,-74.01,15.05,69.45,9.28,5.4,2.48,23.69,6.72,5.08,11.53,19.71,25.29,8.85,14.22,45.27,0.23,rice,harvest,0.0,10.53,0.0,3.82,5.68,13.6,Low,Extreme Heat,0.02
2025-09-03,East Orchard,40.724,-73.965,18.63,61.24,5.99,4.62,2.4,43.52,6.38,5.99,26.67,20.3,34.2,6.95,14.99,75.12,0.15,wheat,harvest,2.59,13.03,0.0,1.07,11.05,8.14,Low,Extreme Heat,0.03
2025-09-03,Hill Market,40.747,-73.985,16.85,64.61,6.18,13.76,2.23,48.39,6.46,4.39,26.35,34.68,38.05,10.05,14.43,77.7,0.17,corn,harvest,3.87,18.96,0.65,57.38,18.33,49.95,Moderate,Acid Rain,0.12
2025-09-03,North Valley,40.733,-73.995,16.57,38.37,2.22,26.99,2.09,19.08,6.35,5.44,18.05,20.51,34.05,4.86,13.04,60.37,0.18,vegetable,harvest,0.0,7.31,0.0,1.57,9.54,5.13,Low,Air Quality,0.02
2025-09-03,River Bend,40.712,-74.02,25.9,60.51,18.87,22.44,2.89,43.72,6.16,4.8,19.66,37.71,37.98,13.92,12.61,96.09,0.2,corn,harvest,10.65,63.44,0.0,26.21,14.04,58.83,High,Extreme Heat,0.18
2025-09-03,South Fields,40.691,-74.01,17.55,67.79,14.84,17.0,2.46,35.12,6.53,5.06,13.67,35.07,32.29,6.9,12.54,65.46,0.23,corn,harvest,0.94,20.47,0.0,4.33,6.36,21.59,Low,Extreme Heat,0.05
2025-09-04,East Orchard,40.724,-73.965,14.59,57.44,9.11,8.7,2.36,20.47,6.11,5.48,17.44,25.46,22.54,7.65,13.74,61.22,0.15,corn,harvest,3.87,10.94,0.29,0.63,3.19,16.66,Low,Extreme Heat,0.03
2025-09-04,Hill Market,40.747,-73.985,14.66,45.55,6.69,8.84,2.19,43.12,6.56,4.19,31.74,48.03,40.29,9.32,10.37,100.0,0.17,wheat,harvest,0.45,10.07,0.0,76.41,28.2,63.46,High,Acid Rain,0.11
2025-09-04,North Valley,40.733,-73.995,15.82,52.85,2.39,19.08,2.32,29.4,6.56,4.56,28.87,19.74,23.27,9.61,10.6,62.95,0.18,wheat,harvest,0.0,6.21,0.0,21.33,11.43,21.12,Low,Acid Rain,0.04
2025-09-04,River Bend,40.712,-74.02,15.28,67.48,3.77,17.51,2.87,21.03,6.35,5.22,31.25,29.95,22.0,9.47,16.83,59.63,0.2,wheat,harvest,0.0,13.61,1.37,3.74,8.35,10.93,Low,Extreme Heat,0.03
2025-09-04,South Fields,40.691,-74.01,18.01,58.54,0.87,9.38,2.46,39.15,6.71,5.01,14.81,53.9,24.51,9.81,13.02,51.29,0.23,wheat,harvest,0.0,18.97,0.0,5.07,2.53,16.92,Low,Extreme Heat,0.04
2025-09-05,East Orchard,40.724,-73.965,18.26,38.93,2.54,13.14,2.17,30.58,6.3,4.96,15.73,20.16,20.83,3.75,15.85,43.42,0.15,corn,harvest,1.46,9.64,1.37,1.47,3.63,6.06,Low,Extreme Heat,0.02
2025-09-05,Hill Market,40.747,-73.985,13.89,39.63,17.8,22.92,2.51,31.14,6.42,4.94,21.17,35.74,26.92,14.79,15.56,60.87,0.17,vegetable,harvest,0.0,3.12,0.0,15.23,9.58,14.93,Low,Acid Rain,0.03
2025-09-05,North Valley,40.733,-73.995,14.43,46.44,3.72,7.79,1.96,30.35,6.63,5.21,13.6,27.69,15.24,5.57,12.66,29.23,0.18,wheat,harvest,0.0,5.76,0.79,0.0,3.53,2.33,Low,Extreme Heat,0.01
2025-09-05,River Bend,40.712,-74.02,16.77,58.47,5.99,1.82,2.05,20.16,6.18,5.23,21.85,41.98,36.88,10.04,13.05,74.7,0.2,wheat,harvest,3.19,17.41,0.0,4.52,14.95,16.44,Low,Extreme Heat,0.04
2025-09-05,South Fields,40.691,-74.01,17.04,49.84,5.25,7.33,2.42,25.57,6.5,5.17,22.65,29.34,28.89,4.72,12.52,53.15,0.23,vegetable,harvest,1.69,9.85,0.69,0.0,8.03,8.74,Low,Extreme Heat,0.03
2025-09-06,East Orchard,40.724,-73.965,14.87,26.86,19.1,28.7,2.33,52.43,5.89,5.78,15.68,27.98,22.89,8.45,14.52,38.47,0.15,corn,harvest,0.0,1.89,2.76,0.0,2.04,0.56,Low,Extreme Cold,0.01
2025-09-06,Hill Market,40.747,-73.985,16.65,62.82,2.65,30.62,2.3,39.97,6.47,4.51,20.07,31.73,33.32,12.15,13.7,73.55,0.17,corn,harvest,0.0,14.85,0.0,37.62,10.34,34.06,Low,Acid Rain,0.08
2025-09-06,North Valley,40.733,-73.995,18.9,33.5,3.31,20.25,2.19,25.17,6.38,5.73,20.56,45.72,25.65,9.31,15.76,62.3,0.18,vegetable,harvest,0.0,15.58,0.0,0.0,7.45,16.13,Low,Extreme Heat,0.03
2025-09-06,River Bend,40.712,-74.02,15.43,51.99,6.26,16.39,2.69,25.44,6.5,5.25,31.71,31.43,42.26,10.81,14.26,77.6,0.2,wheat,harvest,5.56,4.44,0.0,3.18,25.58,23.6,Low,Air Quality,0.02
2025-09-06,South Fields,40.691,-74.01,12.59,57.35,5.16,15.83,2.47,42.87,6.52,4.79,15.6,27.38,17.31,11.43,13.5,45.04,0.23,corn,harvest,1.57,6.03,0.14,7.45,7.11,4.81,Low,Acid Rain,0.03
2025-09-07,East Orchard,40.724,-73.965,19.31,64.98,6.11,7.01,2.41,33.29,6.31,5.23,16.08,34.5,21.03,5.71,13.97,44.74,0.15,soybean,harvest,0.0,22.15,0.0,4.9,7.02,20.08,Low,Extreme Heat,0.04
2025-09-07,Hill Market,40.747,-73.985,12.03,55.49,5.55,9.0,2.16,41.02,6.15,4.95,14.43,35.87,35.36,9.94,13.61,71.54,0.17,corn,harvest,0.0,0.0,0.0,8.17,9.29,13.14,Low,Air Quality,0.01
2025-09-07,North Valley,40.733,-73.995,15.93,54.39,2.35,8.65,2.3,36.35,6.62,5.34,8.51,13.23,14.41,6.29,15.91,29.79,0.18,wheat,harvest,3.61,6.83,0.99,0.97,0.0,3.85,Low,Extreme Heat,0.02
2025-09-07,River Bend,40.712,-74.02,17.88,42.56,5.35,9.46,2.51,22.51,5.93,4.93,26.19,30.66,25.2,10.63,11.87,38.13,0.2,wheat,harvest,1.01,14.61,0.0,10.86,14.51,13.9,Low,Extreme Heat,0.04
2025-09-07,South Fields,40.691,-74.01,15.41,60.13,5.79,7.65,2.54,22.3,6.59,5.16,21.16,28.09,23.7,10.37,14.39,58.34,0.23,soybean,harvest,3.63,12.42,1.41,0.0,4.1,16.2,Low,Extreme Heat,0.03
2025-09-08,East Orchard,40.724,-73.965,17.43,67.84,10.02,11.82,1.95,40.42,6.42,5.12,12.96,26.36,23.08,12.49,11.84,49.13,0.15,corn,harvest,0.0,17.74,0.27,4.49,2.75,16.71,Low,Extreme Heat,0.04
2025-09-08,Hill Market,40.747,-73.985,19.1,67.42,9.54,10.09,1.7,33.94,6.68,4.48,21.27,48.73,43.39,16.73,15.07,81.53,0.17,corn,harvest,0.0,26.42,0.0,53.81,16.65,45.86,Moderate,Acid Rain,0.12
2025-09-08,North Valley,40.733,-73.995,18.12,69.21,2.4,3.04,1.63,25.64,6.32,5.86,12.71,36.07,24.91,5.83,15.63,47.24,0.18,rice,harvest,1.16,14.17,0.25,1.11,2.86,15.34,Low,Extreme Heat,0.02
2025-09-08,River Bend,40.712,-74.02,14.81,65.08,4.23,12.94,2.01,26.65,6.3,5.4,19.99,46.63,36.32,7.12,13.31,63.88,0.2,vegetable,harvest,4.62,9.44,0.0,4.94,8.03,8.09,Low,Extreme Heat,0.04
2025-09-08,South Fields,40.691,-74.01,14.25,55.95,8.19,4.65,1.94,46.48,6.61,5.32,22.31,22.46,19.65,9.95,13.96,37.07,0.23,soybean,harvest,1.21,5.22,0.41,5.73,7.41,6.84,Low,Air Quality,0.02
2025-09-09,East Orchard,40.724,-73.965,16.97,57.34,3.55,19.69,1.74,37.0,6.05,5.21,15.62,26.5,17.6,8.69,14.12,45.48,0.15,vegetable,harvest,0.0,13.68,0.0,2.19,3.63,8.48,Low,Extreme Heat,0.03
2025-09-09,Hill Market,40.747,-73.985,21.35,44.83,2.47,6.78,1.82,30.82,6.49,4.59,29.37,39.6,39.86,9.8,18.37,93.56,0.17,soybean,harvest,4.34,27.29,0.0,29.15,23.74,24.42,Low,Acid Rain,0.09
2025-09-09,North Valley,40.733,-73.995,21.77,84.89,9.82,7.22,2.02,43.97,6.25,5.62,12.84,31.14,27.49,10.46,14.77,52.61,0.18,wheat,harvest,0.83,41.44,0.0,3.78,5.78,40.04,Moderate,Extreme Heat,0.07
2025-09-09,River Bend,40.712,-74.02,13.73,75.3,2.23,23.45,2.03,30.84,6.32,4.79,15.26,27.35,28.44,8.98,15.01,65.71,0.2,wheat,harvest,6.41,9.73,10.66,8.4,3.25,10.66,Low,Extreme Cold,0.05
2025-09-09,South Fields,40.691,-74.01,21.71,60.96,12.27,6.35,2.09,44.81,6.44,5.03,24.16,35.94,32.48,6.16,17.93,74.76,0.23,corn,harvest,2.97,37.32,3.05,8.33,11.91,34.16,Low,Extreme Heat,0.09
2025-09-10,East Orchard,40.724,-73.965,14.5,54.58,17.34,9.42,2.2,31.22,5.96,4.86,14.14,20.04,17.88,5.28,16.64,45.16,0.15,rice,harvest,4.71,1.56,0.0,11.88,4.25,11.06,Low,Acid Rain,0.02
2025-09-10,Hill Market,40.747,-73.985,16.82,67.48,4.64,14.67,1.67,28.75,6.77,4.85,27.61,44.77,32.12,10.41,14.42,100.0,0.17,vegetable,harvest,0.0,17.36,0.0,11.3,23.28,16.94,Low,Air Quality,0.05
2025-09-10,North Valley,40.733,-73.995,18.53,66.07,23.5,5.51,2.31,56.03,6.05,4.82,25.24,34.61,35.85,16.57,13.57,67.25,0.18,vegetable,harvest,6.03,17.92,4.12,25.96,12.13,27.68,Low,Acid Rain,0.1
2025-09-10,River Bend,40.712,-74.02,9.6,62.84,9.42,10.12,2.13,34.72,6.38,4.78,16.8,24.64,34.33,11.74,15.32,64.19,0.2,wheat,harvest,3.19,2.23,0.0,20.05,5.73,13.62,Low,Acid Rain,0.03
2025-09-10,South Fields,40.691,-74.01,20.78,40.31,7.82,3.03,2.12,53.43,6.21,5.41,13.46,41.35,28.28,7.32,14.16,57.8,0.23,corn,harvest,1.06,26.52,0.43,0.0,9.18,21.32,Low,Extreme Heat,0.05
2025-09-11,East Orchard,40.724,-73.965,12.75,64.52,8.69,11.96,1.91,42.55,6.13,4.97,25.88,38.8,34.51,6.23,14.04,66.72,0.15,wheat,harvest,0.83,3.1,3.06,12.66,10.47,12.61,Low,Acid Rain,0.02
2025-09-11,Hill Market,40.747,-73.985,17.92,51.63,8.17,8.44,1.64,24.68,6.69,4.58,20.37,31.46,46.0,12.9,16.29,84.0,0.17,vegetable,harvest,1.66,15.06,0.0,41.29,13.09,38.79,Moderate,Acid Rain,0.1
2025-09-11,North Valley,40.733,-73.995,12.51,77.59,6.09,22.45,1.69,39.86,6.48,5.81,15.32,33.84,19.96,7.98,17.26,49.18,0.18,vegetable,harvest,0.99,8.99,3.66,1.01,5.16,8.39,Low,Extreme Heat,0.03
2025-09-11,River Bend,40.712,-74.02,16.19,49.33,3.01,6.2,2.26,35.3,6.24,5.1,21.17,51.76,37.67,6.44,16.07,74.35,0.2,wheat,harvest,4.06,12.29,1.74,7.54,18.03,18.73,Low,Air Quality,0.04
2025-09-11,South Fields,40.691,-74.01,15.05,40.37,4.8,18.37,2.13,29.5,6.82,5.22,30.6,23.64,26.51,8.31,10.71,57.92,0.23,corn,harvest,0.0,3.44,0.0,1.43,10.04,6.24,Low,Air Quality,0.01
2025-09-12,East Orchard,40.724,-73.965,7.35,52.21,9.97,4.87,2.16,49.07,6.24,5.07,10.02,15.96,26.18,0.55,11.98,29.04,0.15,vegetable,harvest,4.95,5.39,4.58,7.44,0.79,6.37,Low,Acid Rain,0.04
2025-09-12,Hill Market,40.747,-73.985,20.79,64.43,5.79,11.63,2.01,40.79,6.75,4.67,36.0,35.19,40.77,12.32,17.02,81.12,0.17,corn,harvest,0.0,35.61,1.01,23.1,27.86,28.55,Low,Extreme Heat,0.1
2025-09-12,North Valley,40.733,-73.995,18.77,50.59,6.32,2.03,1.84,34.57,6.37,5.72,18.59,40.37,20.77,5.22,11.41,40.99,0.18,vegetable,harvest,1.26,17.11,0.88,1.64,10.66,16.95,Low,Extreme Heat,0.04
2025-09-12,River Bend,40.712,-74.02,15.07,46.24,4.26,11.43,2.08,41.92,6.02,5.33,18.64,33.91,26.39,8.16,14.4,63.6,0.2,wheat,harvest,0.0,5.88,0.0,0.0,10.8,6.96,Low,Air Quality,0.01
2025-09-12,South Fields,40.691,-74.01,13.42,58.43,11.77,18.58,1.98,38.03,6.57,5.35,19.88,33.7,29.98,7.83,13.01,48.01,0.23,soybean,harvest,4.18,10.17,4.55,0.0,13.26,10.29,Low,Air Quality,0.03
2025-09-13,East Orchard,40.724,-73.965,8.53,27.24,3.89,3.59,1.91,34.7,6.32,5.76,14.93,41.15,15.44,0.64,18.17,33.39,0.15,vegetable,harvest,6.88,0.0,0.61,5.06,6.68,3.77,Low,Flood,0.03
2025-09-13,Hill Market,40.747,-73.985,18.01,52.46,13.87,17.21,2.06,51.9,6.44,4.62,29.64,37.62,37.65,13.32,15.1,86.96,0.17,corn,harvest,1.77,11.66,1.13,37.53,25.43,35.8,Moderate,Acid Rain,0.08
2025-09-13,North Valley,40.733,-73.995,17.23,75.1,33.69,5.73,2.2,48.76,6.03,5.13,10.61,18.27,18.97,7.3,12.66,33.99,0.18,wheat,harvest,6.79,19.31,0.0,5.42,2.47,17.3,Low,Extreme Heat,0.05
2025-09-13,River Bend,40.712,-74.02,19.34,42.71,0.72,11.65,2.05,26.93,6.04,4.61,23.06,39.28,28.19,6.34,16.33,45.09,0.2,wheat,harvest,0.0,15.49,0.0,22.81,7.25,20.29,Low,Acid Rain,0.05
2025-09-13,South Fields,40.691,-74.01,13.98,77.86,8.13,7.69,1.9,35.32,6.29,5.11,19.41,40.29,29.86,12.46,17.23,68.83,0.23,corn,harvest,8.55,10.34,3.14,3.83,16.9,13.98,Low,Air Quality,0.05
2025-09-14,East Orchard,40.724,-73.965,10.73,46.9,8.86,28.71,1.78,46.11,6.03,5.55,14.0,43.61,19.9,1.76,16.52,36.65,0.15,corn,harvest,0.0,6.05,1.36,0.0,7.8,4.57,Low,Air Quality,0.01
2025-09-14,Hill Market,40.747,-73.985,14.54,53.8,6.4,10.32,1.74,30.52,6.68,4.62,36.09,47.27,39.19,11.86,14.13,95.08,0.17,corn,harvest,0.99,9.71,0.0,31.75,37.36,34.22,Low,Air Quality,0.06
2025-09-14,North Valley,40.733,-73.995,9.3,75.56,3.61,10.87,1.72,21.16,6.32,5.5,11.45,21.54,23.57,10.45,14.1,47.59,0.18,wheat,harvest,0.0,2.82,6.62,0.73,0.52,3.48,Low,Extreme Cold,0.01
2025-09-14,River Bend,40.712,-74.02,11.83,66.95,5.66,7.24,2.09,21.64,6.33,5.41,22.36,41.73,29.47,7.63,13.38,72.3,0.2,wheat,harvest,2.33,5.65,0.62,0.0,13.01,12.25,Low,Air Quality,0.01
2025-09-14,South Fields,40.691,-74.01,15.22,76.59,20.35,11.31,2.28,52.76,6.59,5.25,12.68,22.16,24.97,4.09,15.32,32.24,0.23,corn,harvest,7.69,4.55,2.84,4.66,5.29,5.69,Low,Flood,0.04
2025-09-15,East Orchard,40.724,-73.965,10.08,72.33,16.22,5.58,1.93,46.68,6.17,5.39,35.45,25.44,28.0,0.0,11.56,47.98,0.15,corn,harvest,3.53,4.97,0.0,2.58,18.75,17.21,Low,Air Quality,0.02
2025-09-15,Hill Market,40.747,-73.985,15.36,61.39,9.86,5.36,1.63,33.08,6.8,4.59,15.83,51.2,30.27,8.99,13.57,73.07,0.17,corn,harvest,1.59,13.53,0.0,23.89,6.8,19.51,Low,Acid Rain,0.06
2025-09-15,North Valley,40.733,-73.995,15.43,76.61,10.06,8.89,2.12,33.2,6.55,5.64,13.49,33.19,26.8,5.03,15.79,50.8,0.18,wheat,harvest,0.77,13.88,0.0,2.43,11.5,8.83,Low,Extreme Heat,0.03
2025-09-15,River Bend,40.712,-74.02,13.7,59.91,17.65,13.59,2.52,37.89,6.42,4.82,32.61,31.88,52.7,17.28,14.43,100.0,0.2,wheat,harvest,5.79,1.85,0.0,29.99,32.97,27.7,Low,Air Quality,0.05
2025-09-15,South Fields,40.691,-74.01,16.94,49.04,5.19,8.14,2.06,52.07,6.4,5.22,25.79,23.84,23.83,7.2,16.38,64.34,0.23,soybean,harvest,0.0,9.82,1.1,0.0,10.76,8.09,Low,Air Quality,0.02
2025-09-16,East Orchard,40.724,-73.965,19.83,65.54,16.65,35.17,2.08,36.09,6.03,5.41,17.69,32.98,19.19,6.7,17.17,46.57,0.15,soybean,harvest,1.79,25.87,1.95,5.14,8.62,24.56,Low,Extreme Heat,0.06
2025-09-16,Hill Market,40.747,-73.985,9.92,73.4,10.77,17.89,1.84,30.48,6.5,5.0,32.59,30.01,42.88,9.12,17.3,100.0,0.17,wheat,harvest,0.0,0.0,2.34,10.43,30.04,24.54,Low,Air Quality,0.01
2025-09-16,North Valley,40.733,-73.995,17.27,64.29,9.78,31.93,1.98,29.01,6.39,5.28,19.14,36.88,21.62,6.21,16.1,64.62,0.18,vegetable,harvest,0.35,18.49,0.0,0.08,11.95,19.45,Low,Extreme Heat,0.04
2025-09-16,River Bend,40.712,-74.02,11.19,49.68,8.6,18.48,2.34,21.45,6.13,4.87,22.71,41.43,37.78,12.26,15.33,91.74,0.2,wheat,harvest,2.2,1.87,0.0,18.89,20.7,19.06,Low,Air Quality,0.03
2025-09-16,South Fields,40.691,-74.01,11.27,69.77,4.79,14.04,2.11,26.35,6.71,5.25,17.03,28.56,37.42,9.72,17.35,70.02,0.23,corn,harvest,1.16,0.0,0.0,0.0,9.36,6.98,Low,Air Quality,0.0
2025-09-17,East Orchard,40.724,-73.965,10.42,68.35,12.59,20.14,1.74,52.4,6.02,5.53,19.42,19.91,29.11,8.57,11.47,55.12,0.15,corn,harvest,0.0,0.0,0.0,3.35,9.66,11.75,Low,Air Quality,0.0
2025-09-17,Hill Market,40.747,-73.985,10.38,69.98,5.55,2.74,1.87,42.63,6.51,4.61,30.58,31.4,39.08,9.42,13.55,70.22,0.17,corn,harvest,0.0,0.0,0.0,34.49,19.54,33.92,Low,Acid Rain,0.05
2025-09-17,North Valley,40.733,-73.995,16.65,33.48,0.96,19.21,1.4,37.72,6.45,5.37,8.01,24.53,26.67,9.19,13.14,63.91,0.18,wheat,harvest,0.0,6.16,4.77,0.0,2.9,6.53,Low,Extreme Heat,0.01
2025-09-17,River Bend,40.712,-74.02,20.49,73.28,15.85,6.54,2.54,52.45,5.95,4.93,38.98,31.44,37.62,8.98,15.99,100.0,0.2,wheat,harvest,9.75,32.25,0.0,14.11,37.35,35.52,Moderate,Air Quality,0.09
2025-09-17,South Fields,40.691,-74.01,8.19,40.8,4.43,14.24,2.05,33.98,6.68,5.27,20.35,32.37,25.15,10.03,13.92,59.62,0.23,corn,harvest,2.64,10.99,0.0,0.0,7.7,10.59,Low,Extreme Heat,0.03
2025-09-18,East Orchard,40.724,-73.965,14.35,54.6,18.32,23.48,2.11,50.17,5.94,5.25,7.68,37.75,23.52,9.86,16.48,51.58,0.15,vegetable,harvest,3.48,7.73,0.0,0.0,0.0,0.44,Low,Extreme Heat,0.03
2025-09-18,Hill Market,40.747,-73.985,17.45,57.25,8.54,9.96,1.97,20.11,6.48,4.85,12.03,33.87,40.02,10.89,13.83,85.5,0.17,corn,harvest,0.0,16.69,1.9,17.2,9.61,13.37,Low,Acid Rain,0.06
2025-09-18,North Valley,40.733,-73.995,16.96,60.3,5.33,4.61,1.81,38.95,6.06,5.24,1.0,26.62,19.54,11.89,13.88,44.89,0.18,wheat,harvest,0.44,14.18,0.0,5.25,3.86,12.49,Low,Extreme Heat,0.03
2025-09-18,River Bend,40.712,-74.02,11.42,65.57,4.75,13.02,2.31,40.18,6.13,5.02,32.25,29.43,25.18,9.01,13.61,68.59,0.2,vegetable,harvest,0.26,0.66,0.0,10.07,6.52,8.9,Low,Acid Rain,0.02
2025-09-18,South Fields,40.691,-74.01,11.1,74.5,3.06,5.71,2.15,35.96,6.57,5.33,27.34,38.23,27.98,0.19,13.15,53.07,0.23,wheat,harvest,1.19,4.29,0.16,0.5,10.95,14.26,Low,Air Quality,0.01
2025-09-19,East Orchard,40.724,-73.965,11.54,100.0,63.84,31.44,2.89,60.89,5.56,4.79,21.08,31.88,24.74,16.59,13.81,51.43,0.15,vegetable,harvest,81.61,7.65,0.0,53.16,9.18,70.73,High,Flood,0.33
2025-09-19,Hill Market,40.747,-73.985,10.09,54.53,11.55,5.6,2.05,40.14,6.49,5.17,18.74,32.21,23.77,8.48,11.06,62.13,0.17,vegetable,harvest,0.0,3.84,2.79,0.05,6.05,5.5,Low,Air Quality,0.01
2025-09-19,North Valley,40.733,-73.995,24.65,57.13,11.29,10.68,2.39,39.01,6.24,4.97,29.73,33.79,19.02,5.6,14.73,46.85,0.18,wheat,harvest,2.15,51.47,1.96,3.08,13.49,42.8,Moderate,Extreme Heat,0.09
2025-09-19,River Bend,40.712,-74.02,12.6,61.25,7.51,19.74,2.24,41.0,6.14,4.77,19.53,25.55,39.85,6.26,16.32,75.55,0.2,wheat,harvest,9.05,0.0,1.46,19.29,6.45,16.35,Low,Acid Rain,0.04
2025-09-19,South Fields,40.691,-74.01,10.23,56.7,12.17,8.22,2.31,38.49,6.27,5.51,34.06,24.66,33.44,6.88,14.12,75.89,0.23,corn,harvest,0.0,4.0,0.0,4.83,17.46,16.25,Low,Air Quality,0.01
2025-09-20,East Orchard,40.724,-73.965,16.31,55.61,10.09,7.56,1.92,33.81,6.34,5.31,2.9,25.85,16.89,3.92,16.84,31.8,0.15,rice,harvest,0.0,10.83,7.87,0.56,1.64,6.93,Low,Extreme Heat,0.02
2025-09-20,Hill Market,40.747,-73.985,11.75,64.89,7.81,2.16,1.9,29.18,6.73,5.0,27.1,22.43,30.2,10.62,17.17,67.73,0.17,vegetable,harvest,1.23,2.91,3.37,5.32,12.48,8.87,Low,Air Quality,0.02
2025-09-20,North Valley,40.733,-73.995,9.58,65.44,8.89,14.41,2.08,42.82,6.43,5.44,16.39,29.3,27.48,11.54,13.77,36.73,0.18,corn,harvest,1.17,2.33,0.41,0.0,0.76,0.0,Low,Extreme Heat,0.01
2025-09-20,River Bend,40.712,-74.02,10.4,51.08,2.8,8.69,2.15,32.71,6.18,5.13,31.78,22.74,25.48,11.26,12.42,35.54,0.2,wheat,harvest,0.0,3.9,0.0,3.27,9.56,10.86,Low,Air Quality,0.01
2025-09-20,South Fields,40.691,-74.01,17.53,60.8,8.02,1.95,2.12,31.73,6.57,4.93,7.54,34.62,26.69,7.4,14.77,54.6,0.23,corn,harvest,2.27,23.64,0.0,3.36,1.25,19.06,Low,Extreme Heat,0.05
2025-09-21,East Orchard,40.724,-73.965,16.25,53.69,23.97,15.78,2.39,60.87,5.96,5.19,5.07,30.65,29.68,8.42,15.67,51.4,0.15,vegetable,harvest,8.59,11.81,0.0,0.0,8.41,14.98,Low,Extreme Heat,0.05
2025-09-21,Hill Market,40.747,-73.985,10.91,35.52,15.57,2.69,2.05,47.91,6.63,4.81,18.86,19.49,34.81,11.3,17.83,88.61,0.17,corn,harvest,3.8,4.94,0.0,14.75,12.95,13.98,Low,Acid Rain,0.04
2025-09-21,North Valley,40.733,-73.995,21.58,53.94,6.26,3.85,1.98,37.26,6.21,4.95,4.64,37.99,14.62,4.25,14.85,23.41,0.18,corn,harvest,0.0,27.15,0.0,0.0,1.15,20.24,Low,Extreme Heat,0.05
2025-09-21,River Bend,40.712,-74.02,16.04,49.24,18.94,9.1,2.64,28.02,6.08,5.22,20.27,44.34,29.45,11.65,15.02,61.84,0.2,wheat,harvest,8.45,10.15,3.47,0.22,9.29,8.91,Low,Extreme Heat,0.04
2025-09-21,South Fields,40.691,-74.01,10.1,48.38,9.24,4.2,2.12,28.77,6.42,5.15,26.07,30.05,28.74,13.32,13.87,50.44,0.23,wheat,harvest,2.86,2.1,6.73,4.97,11.19,10.44,Low,Air Quality,0.02
2025-09-22,East Orchard,40.724,-73.965,15.71,58.17,6.03,9.72,2.14,36.71,6.06,5.46,14.18,29.5,30.98,10.89,13.26,61.12,0.15,corn,harvest,0.02,10.59,2.3,2.99,6.52,7.48,Low,Extreme Heat,0.03
2025-09-22,Hill Market,40.747,-73.985,15.09,54.24,5.21,10.77,1.81,37.64,6.57,4.69,29.93,38.74,33.07,11.89,16.49,83.0,0.17,rice,harvest,2.44,3.68,3.61,23.79,20.55,20.56,Low,Acid Rain,0.04
2025-09-22,North Valley,40.733,-73.995,17.12,55.47,1.44,12.42,1.84,41.82,6.56,5.56,22.67,34.86,24.23,9.34,14.77,50.63,0.18,wheat,harvest,0.97,7.96,2.13,0.0,9.27,8.72,Low,Air Quality,0.02
2025-09-22,River Bend,40.712,-74.02,7.82,36.65,6.2,7.19,2.43,26.09,6.26,4.77,19.2,30.63,20.85,8.43,16.22,48.08,0.2,wheat,harvest,3.79,3.87,4.85,11.09,5.58,8.49,Low,Acid Rain,0.03
2025-09-22,South Fields,40.691,-74.01,4.4,65.96,3.92,20.58,2.14,53.68,6.96,5.0,15.11,20.14,7.95,11.32,15.78,42.35,0.23,corn,harvest,3.39,4.2,5.49,3.88,7.57,8.85,Low,Air Quality,0.03
2025-09-23,East Orchard,40.724,-73.965,12.72,73.07,22.04,13.9,2.38,50.55,6.17,4.95,18.97,31.21,33.75,11.58,16.26,73.33,0.15,wheat,harvest,6.9,9.62,3.97,12.43,9.0,11.46,Low,Acid Rain,0.05
2025-09-23,Hill Market,40.747,-73.985,11.6,79.64,36.54,30.88,2.4,39.95,6.01,4.64,36.54,27.56,30.03,16.73,13.22,79.32,0.17,corn,harvest,18.45,5.8,3.8,53.1,16.62,46.63,Moderate,Acid Rain,0.13
2025-09-23,North Valley,40.733,-73.995,10.74,70.8,16.02,4.84,2.24,26.58,6.43,4.95,22.56,43.73,24.05,7.92,14.33,56.72,0.18,vegetable,harvest,0.0,3.68,0.0,8.76,13.91,10.39,Low,Air Quality,0.02
2025-09-23,River Bend,40.712,-74.02,13.47,59.99,8.6,16.17,2.22,41.71,6.29,4.76,20.53,24.02,36.2,7.14,13.83,80.68,0.2,corn,harvest,3.33,7.81,0.76,18.08,6.7,14.84,Low,Acid Rain,0.05
2025-09-23,South Fields,40.691,-74.01,11.56,66.96,10.67,29.59,2.01,46.33,6.43,5.15,20.41,36.07,21.82,9.96,17.68,45.66,0.23,corn,harvest,3.76,2.11,3.28,5.04,6.91,3.02,Low,Air Quality,0.02
2025-09-24,East Orchard,40.724,-73.965,9.94,63.07,16.06,6.82,2.4,38.39,6.07,5.23,24.52,21.92,33.91,10.21,15.29,71.64,0.15,corn,harvest,0.33,0.0,0.0,4.19,5.68,8.94,Low,Air Quality,0.01
2025-09-24,Hill Market,40.747,-73.985,11.96,60.68,1.11,24.12,1.78,42.61,6.68,4.89,21.32,39.78,35.06,8.78,15.69,88.5,0.17,corn,harvest,0.0,3.11,6.22,12.49,21.01,15.26,Low,Air Quality,0.03
2025-09-24,North Valley,40.733,-73.995,20.23,40.43,5.34,21.14,2.04,33.67,6.28,5.74,19.12,36.14,30.75,8.45,14.7,73.39,0.18,corn,harvest,0.0,18.11,0.0,0.0,5.28,15.27,Low,Extreme Heat,0.03
2025-09-24,River Bend,40.712,-74.02,16.52,70.42,40.27,7.62,3.13,70.26,5.8,4.62,16.34,33.31,22.49,16.19,13.64,83.56,0.2,wheat,harvest,54.86,14.23,0.0,55.05,11.0,49.45,Moderate,Acid Rain,0.21
2025-09-24,South Fields,40.691,-74.01,15.88,53.75,7.2,42.08,2.37,34.44,6.14,5.5,27.45,36.47,22.3,9.67,14.72,60.86,0.23,corn,harvest,2.66,8.64,0.0,0.0,18.98,18.02,Low,Air Quality,0.02
2025-09-25,East Orchard,40.724,-73.965,12.2,73.6,17.55,1.08,1.97,61.66,5.95,5.1,11.34,30.38,28.12,6.78,14.94,44.08,0.15,corn,harvest,0.0,12.34,0.0,4.33,5.65,14.77,Low,Extreme Heat,0.03
2025-09-25,Hill Market,40.747,-73.985,15.96,58.82,6.33,26.74,1.9,26.25,6.44,5.02,30.68,21.62,33.9,7.34,12.73,87.5,0.17,corn,harvest,1.38,7.75,0.0,8.91,15.41,11.55,Low,Air Quality,0.03
2025-09-25,North Valley,40.733,-73.995,11.63,66.42,6.73,18.55,2.06,41.88,6.53,5.2,7.24,29.51,16.96,4.18,13.77,46.61,0.18,wheat,harvest,0.0,5.03,0.34,3.28,4.07,8.27,Low,Extreme Heat,0.01
2025-09-25,River Bend,40.712,-74.02,15.92,73.64,11.1,12.96,2.56,37.0,6.17,4.83,20.73,35.42,33.93,8.63,16.07,63.62,0.2,wheat,harvest,6.71,17.49,1.09,11.05,10.32,17.83,Low,Extreme Heat,0.06
2025-09-25,South Fields,40.691,-74.01,16.39,80.54,8.06,27.18,2.23,37.68,6.66,5.2,27.17,27.27,34.33,7.98,17.78,79.16,0.23,corn,harvest,3.26,18.55,0.0,5.62,17.67,16.67,Low,Extreme Heat,0.05
2025-09-26,East Orchard,40.724,-73.965,15.26,43.62,4.21,28.52,2.21,44.9,6.02,5.29,22.27,28.52,15.97,6.58,18.93,39.68,0.15,wheat,harvest,0.0,7.85,0.0,3.35,12.43,9.1,Low,Air Quality,0.02
2025-09-26,Hill Market,40.747,-73.985,11.49,60.16,13.72,10.94,1.85,31.49,6.24,4.63,25.19,28.6,38.94,5.41,10.4,78.49,0.17,vegetable,harvest,0.0,0.36,0.0,38.15,16.99,33.82,Low,Acid Rain,0.06
2025-09-26,North Valley,40.733,-73.995,19.16,76.79,13.89,10.07,2.22,35.13,6.42,5.4,21.46,37.49,26.64,7.96,14.49,53.17,0.18,wheat,harvest,0.0,27.28,4.15,3.82,4.69,22.96,Low,Extreme Heat,0.05
2025-09-26,River Bend,40.712,-74.02,13.38,54.98,11.38,7.06,2.25,51.72,6.06,4.88,28.39,28.01,24.74,7.76,13.81,53.37,0.2,corn,harvest,9.15,7.75,0.53,6.88,10.85,7.2,Low,Air Quality,0.05
2025-09-26,South Fields,40.691,-74.01,16.63,50.28,5.98,9.05,2.17,42.17,6.5,5.24,14.92,24.88,25.92,3.53,16.13,37.4,0.23,soybean,harvest,0.0,13.2,2.79,2.79,4.02,15.61,Low,Extreme Heat,0.03
2025-09-27,East Orchard,40.724,-73.965,15.63,74.3,4.99,10.84,2.04,45.37,6.59,5.29,1.54,21.0,23.85,0.67,16.05,32.72,0.15,vegetable,harvest,0.0,11.49,0.0,0.0,0.0,8.65,Low,Extreme Heat,0.02
2025-09-27,Hill Market,40.747,-73.985,11.97,72.25,14.17,10.27,2.05,49.89,6.41,4.69,22.93,24.74,34.45,7.67,15.71,84.92,0.17,soybean,harvest,0.0,2.28,0.0,23.82,11.16,17.08,Low,Acid Rain,0.03
2025-09-27,North Valley,40.733,-73.995,10.68,52.18,3.41,11.39,2.09,36.18,6.31,5.41,17.09,26.45,28.12,7.07,13.22,37.74,0.18,wheat,harvest,0.0,2.02,0.0,0.6,7.11,7.63,Low,Air Quality,0.0
2025-09-27,River Bend,40.712,-74.02,9.13,70.55,38.42,25.99,2.78,52.17,5.65,4.84,27.89,35.26,31.14,11.55,10.56,65.13,0.2,wheat,harvest,36.96,3.56,0.11,27.18,17.15,33.05,Low,Flood,0.12
2025-09-27,South Fields,40.691,-74.01,2.22,100.0,86.56,10.85,3.7,74.38,5.47,4.55,18.0,32.92,23.23,18.32,9.69,61.48,0.23,corn,harvest,100.0,0.0,5.69,84.13,4.7,92.33,Severe,Flood,0.38
2025-09-28,East Orchard,40.724,-73.965,7.24,48.51,18.33,5.03,2.6,54.85,5.95,5.42,16.98,28.74,29.44,8.84,13.86,50.39,0.15,corn,harvest,12.62,0.0,0.0,2.33,9.8,12.82,Low,Flood,0.04
2025-09-28,Hill Market,40.747,-73.985,-1.13,47.91,5.2,29.93,1.83,40.87,6.76,4.77,13.82,39.07,38.18,8.18,15.18,69.73,0.17,vegetable,harvest,0.0,1.04,32.55,20.42,10.3,29.72,Low,Extreme Cold,0.07
2025-09-28,North Valley,40.733,-73.995,9.25,81.38,14.04,11.86,2.23,51.7,5.89,5.02,11.25,26.61,19.54,7.41,13.23,49.0,0.18,wheat,harvest,0.42,0.0,1.82,7.9,3.94,5.59,Low,Acid Rain,0.01
2025-09-28,River Bend,40.712,-74.02,9.09,38.07,13.21,12.1,2.52,44.65,5.98,4.83,20.07,28.49,23.64,7.62,12.73,60.99,0.2,wheat,harvest,7.56,0.0,0.0,13.21,7.96,8.87,Low,Acid Rain,0.03
2025-09-28,South Fields,40.691,-74.01,13.34,69.63,8.55,11.74,2.13,31.07,6.74,5.29,20.15,36.27,19.65,5.19,14.86,40.62,0.23,corn,harvest,0.0,6.27,0.0,2.36,15.17,12.65,Low,Air Quality,0.01
2025-09-29,East Orchard,40.724,-73.965,10.69,62.47,4.9,24.41,1.92,38.44,5.95,5.48,12.09,27.01,14.98,10.06,15.26,13.99,0.15,corn,harvest,5.94,6.32,0.0,2.51,1.15,7.16,Low,Extreme Heat,0.03
2025-09-29,Hill Market,40.747,-73.985,10.5,69.95,24.95,5.27,1.98,35.73,6.51,4.32,25.26,30.84,34.53,10.25,16.02,83.53,0.17,wheat,harvest,8.1,5.43,0.0,75.56,10.54,61.62,High,Acid Rain,0.12
2025-09-29,North Valley,40.733,-73.995,12.63,40.18,8.02,14.63,2.2,51.46,5.96,5.71,16.24,52.78,23.91,3.55,15.03,47.25,0.18,wheat,harvest,7.37,5.43,6.04,0.0,5.89,5.04,Low,Flood,0.03
2025-09-29,River Bend,40.712,-74.02,16.0,40.71,2.7,20.34,2.22,7.58,6.44,4.89,19.31,36.64,22.85,4.8,14.06,48.27,0.2,soybean,harvest,6.7,12.19,0.0,0.0,4.88,11.72,Low,Extreme Heat,0.04
2025-09-29,South Fields,40.691,-74.01,7.83,74.87,8.65,9.01,2.7,43.31,6.33,5.41,19.14,26.31,36.74,9.28,17.34,56.48,0.23,rice,harvest,2.73,0.0,5.03,2.12,5.77,5.85,Low,Air Quality,0.01
2025-09-30,East Orchard,40.724,-73.965,11.43,44.33,7.89,22.75,2.17,42.2,6.32,5.42,13.87,24.59,26.08,9.4,17.34,52.53,0.15,vegetable,harvest,1.22,3.46,0.0,5.07,6.82,4.86,Low,Air Quality,0.02
2025-09-30,Hill Market,40.747,-73.985,8.27,63.15,20.18,3.43,2.42,41.68,6.54,4.52,18.59,23.02,35.35,15.12,15.62,76.07,0.17,soybean,harvest,0.71,1.07,0.49,55.46,4.58,49.72,Moderate,Acid Rain,0.07
2025-09-30,North Valley,40.733,-73.995,12.32,70.92,16.03,23.67,2.01,37.28,6.18,4.8,18.54,33.46,23.29,10.23,14.03,65.22,0.18,wheat,harvest,2.13,6.22,0.0,15.51,2.62,15.64,Low,Acid Rain,0.03
2025-09-30,River Bend,40.712,-74.02,3.01,63.49,6.89,14.0,2.29,27.58,6.25,5.18,34.48,38.39,26.1,7.33,15.58,69.46,0.2,rice,harvest,0.0,2.26,2.08,6.94,18.54,12.59,Low,Air Quality,0.01
2025-09-30,South Fields,40.691,-74.01,9.43,78.94,13.14,6.34,2.11,34.82,6.65,5.14,2.59,19.68,19.56,5.6,14.34,37.19,0.23,corn,harvest,4.07,0.0,2.74,5.34,4.06,4.33,Low,Acid Rain,0.02
2025-10-01,East Orchard,40.724,-73.965,8.95,50.37,1.42,9.34,1.95,42.31,6.07,5.32,26.03,37.33,39.49,12.39,15.98,79.91,0.15,soybean,harvest,1.19,2.54,2.19,5.74,18.88,14.5,Low,Air Quality,0.02
2025-10-01,Hill Market,40.747,-73.985,11.08,72.9,10.44,10.55,1.89,32.78,6.55,4.96,33.48,36.08,39.8,9.11,15.99,78.57,0.17,wheat,harvest,3.71,3.04,0.0,8.27,22.55,20.92,Low,Air Quality,0.02
2025-10-01,North Valley,40.733,-73.995,11.56,53.76,10.23,11.58,2.25,39.09,6.24,5.51,34.25,5.22,22.62,6.37,12.3,60.08,0.18,soybean,harvest,2.19,7.25,4.23,0.0,13.15,16.08,Low,Air Quality,0.02
2025-10-01,River Bend,40.712,-74.02,6.41,46.95,8.14,23.27,2.38,42.26,6.18,4.87,29.38,33.6,43.28,6.46,13.61,75.83,0.2,wheat,harvest,3.13,5.34,0.0,13.94,20.59,18.41,Low,Air Quality,0.03
2025-10-01,South Fields,40.691,-74.01,9.16,99.71,78.18,8.36,3.9,67.96,5.83,4.6,22.8,32.55,34.67,15.42,10.33,67.84,0.23,corn,harvest,95.23,5.5,0.31,86.9,15.62,83.32,Severe,Flood,0.38
2025-10-02,East Orchard,40.724,-73.965,11.96,68.18,7.39,24.72,2.13,42.13,6.33,6.05,6.77,31.32,23.49,7.41,18.0,43.87,0.15,corn,harvest,8.6,5.31,0.79,2.97,5.06,8.79,Low,Flood,0.04
2025-10-02,Hill Market,40.747,-73.985,6.24,38.05,17.07,12.14,2.25,40.87,6.32,4.74,24.7,36.97,36.2,14.95,16.36,85.96,0.17,soybean,harvest,0.0,0.57,3.36,23.66,14.9,19.97,Low,Acid Rain,0.03
2025-10-02,North Valley,40.733,-73.995,16.52,68.35,6.39,5.5,2.02,32.88,6.23,5.02,22.57,36.01,31.73,7.03,18.39,62.53,0.18,corn,harvest,0.99,13.95,1.08,4.91,14.86,8.9,Low,Air Quality,0.04
2025-10-02,River Bend,40.712,-74.02,9.03,54.57,7.12,12.45,2.34,43.43,6.13,4.64,23.12,46.87,36.96,8.0,15.83,77.97,0.2,wheat,harvest,0.0,4.55,1.88,35.78,10.52,26.77,Low,Acid Rain,0.05
2025-10-02,South Fields,40.691,-74.01,7.4,50.26,7.31,22.71,2.58,46.53,6.46,5.28,25.77,35.55,30.03,6.97,14.49,66.27,0.23,corn,harvest,0.0,4.09,0.0,0.98,18.06,17.62,Low,Air Quality,0.01
2025-10-03,East Orchard,40.724,-73.965,10.94,54.25,6.31,13.44,1.9,34.09,6.26,5.03,18.64,36.09,18.26,5.85,14.93,46.48,0.15,corn,harvest,2.66,1.08,3.1,0.0,5.41,7.2,Low,Air Quality,0.01
2025-10-03,Hill Market,40.747,-73.985,8.77,46.52,2.82,8.72,1.87,32.1,6.63,4.48,26.65,41.2,32.06,8.42,10.88,68.48,0.17,corn,harvest,0.0,8.26,0.5,36.01,16.92,31.97,Low,Acid Rain,0.06
2025-10-03,North Valley,40.733,-73.995,5.84,68.84,15.29,23.87,2.29,54.26,5.99,5.74,14.76,31.29,22.33,4.78,14.37,29.86,0.18,wheat,harvest,4.36,0.0,0.0,1.34,6.46,2.63,Low,Air Quality,0.01
2025-10-03,River Bend,40.712,-74.02,11.45,49.74,4.98,6.31,2.41,23.64,6.34,5.23,25.33,32.72,35.7,12.11,15.24,69.48,0.2,wheat,harvest,1.34,0.76,0.31,0.0,16.98,12.94,Low,Air Quality,0.0
2025-10-03,South Fields,40.691,-74.01,5.43,69.53,21.76,6.37,2.51,35.15,6.59,5.01,21.55,28.59,28.04,5.49,13.91,67.2,0.23,vegetable,harvest,5.19,0.0,0.0,4.42,12.02,10.19,Low,Air Quality,0.02
2025-10-04,East Orchard,40.724,-73.965,2.78,25.84,2.82,13.09,2.13,21.11,6.56,5.23,12.23,26.12,8.52,3.89,18.65,6.17,0.15,wheat,harvest,1.53,2.47,0.0,0.18,1.54,3.07,Low,Extreme Heat,0.01
2025-10-04,Hill Market,40.747,-73.985,17.41,48.61,3.47,8.09,1.76,30.54,6.6,4.8,27.96,25.3,37.08,14.58,12.29,72.26,0.17,soybean,harvest,0.89,8.37,0.0,15.41,13.54,11.25,Low,Acid Rain,0.04
2025-10-04,North Valley,40.733,-73.995,16.35,74.1,9.9,11.9,2.02,30.9,6.73,5.04,10.94,26.75,25.04,9.57,13.94,43.06,0.18,wheat,harvest,3.54,13.83,6.29,0.0,1.19,13.12,Low,Extreme Heat,0.04
2025-10-04,River Bend,40.712,-74.02,13.02,51.16,6.86,13.14,1.97,41.98,6.22,4.71,27.85,29.74,29.08,5.77,15.23,59.44,0.2,rice,harvest,2.13,5.96,0.03,21.06,14.49,17.15,Low,Acid Rain,0.03
2025-10-04,South Fields,40.691,-74.01,11.42,54.73,11.05,10.13,2.55,40.01,6.52,5.03,28.28,55.76,33.86,8.75,11.92,78.41,0.23,corn,harvest,4.77,8.22,0.0,2.53,26.3,22.94,Low,Air Quality,0.03
2025-10-05,East Orchard,40.724,-73.965,3.96,52.48,9.35,5.93,2.14,39.18,6.11,5.8,7.01,36.44,4.99,3.7,15.97,11.47,0.15,corn,harvest,8.01,0.0,2.49,0.0,3.81,7.33,Low,Flood,0.02
2025-10-05,Hill Market,40.747,-73.985,5.71,69.32,34.73,3.28,2.31,61.64,6.23,4.63,27.82,50.28,34.2,15.08,15.43,82.45,0.17,corn,harvest,20.09,0.0,1.32,53.55,21.5,48.33,Moderate,Acid Rain,0.13
2025-10-05,North Valley,40.733,-73.995,8.03,58.08,2.36,17.03,2.04,31.21,6.33,5.05,3.69,29.82,25.83,2.85,14.51,33.75,0.18,wheat,harvest,0.0,2.9,0.0,7.75,0.0,8.83,Low,Acid Rain,0.01
2025-10-05,River Bend,40.712,-74.02,13.87,60.54,2.65,8.95,2.54,45.56,6.37,4.73,8.17,21.15,17.73,8.02,17.61,33.59,0.2,wheat,harvest,1.49,11.91,0.0,6.57,0.0,12.09,Low,Extreme Heat,0.03
2025-10-05,South Fields,40.691,-74.01,3.68,55.65,8.95,13.61,2.47,48.48,6.61,5.15,21.66,29.52,19.77,7.81,16.54,38.03,0.23,soybean,harvest,0.0,0.0,3.98,2.36,9.07,5.11,Low,Air Quality,0.01
2025-10-06,East Orchard,40.724,-73.965,4.79,43.71,2.41,15.5,2.0,30.28,6.22,5.23,4.45,17.55,27.01,7.86,16.69,33.8,0.15,corn,harvest,0.0,2.09,2.89,1.43,1.72,1.74,Low,Extreme Cold,0.01
2025-10-06,Hill Market,40.747,-73.985,4.1,73.04,13.04,9.15,2.18,23.69,6.28,5.04,35.28,45.25,35.25,7.73,15.91,95.16,0.17,soybean,harvest,2.88,0.0,3.53,0.0,27.64,20.83,Low,Air Quality,0.01
2025-10-06,North Valley,40.733,-73.995,12.84,63.1,16.48,3.79,2.71,49.73,6.08,5.49,13.79,26.04,27.39,6.91,15.21,44.8,0.18,soybean,harvest,5.19,3.78,0.0,0.0,6.78,4.47,Low,Air Quality,0.02
2025-10-06,River Bend,40.712,-74.02,3.59,51.01,10.97,7.01,2.53,24.83,5.81,4.84,19.52,28.5,36.39,11.55,16.75,83.28,0.2,soybean,harvest,6.95,0.0,6.35,18.85,12.11,16.93,Low,Acid Rain,0.05
2025-10-06,South Fields,40.691,-74.01,8.09,69.11,12.53,4.04,1.94,22.59,6.39,5.38,31.3,26.62,37.56,12.66,17.23,81.1,0.23,corn,harvest,0.0,0.0,1.66,0.0,20.0,19.48,Low,Air Quality,0.0
2025-10-07,East Orchard,40.724,-73.965,0.7,73.3,12.27,6.17,2.35,28.63,5.92,5.35,24.84,32.29,13.76,2.59,14.34,36.79,0.15,corn,harvest,0.0,0.84,8.95,0.16,8.96,6.77,Low,Air Quality,0.01
2025-10-07,Hill Market,40.747,-73.985,18.34,46.99,16.21,16.65,2.27,34.15,6.5,4.8,21.27,40.57,33.85,13.5,13.8,91.27,0.17,soybean,harvest,1.94,8.18,0.0,21.43,17.17,17.54,Low,Acid Rain,0.05
2025-10-07,North Valley,40.733,-73.995,12.82,67.36,20.01,6.57,2.53,32.06,5.99,5.46,26.2,29.8,22.05,10.28,14.31,59.8,0.18,wheat,harvest,7.87,0.0,0.0,7.14,10.54,10.32,Low,Air Quality,0.03
2025-10-07,River Bend,40.712,-74.02,9.71,33.17,6.81,12.39,2.57,34.68,6.47,5.14,31.03,31.05,34.23,11.48,13.01,81.26,0.2,rice,harvest,0.0,3.07,1.52,4.37,21.26,19.99,Low,Air Quality,0.01
2025-10-07,South Fields,40.691,-74.01,14.24,78.39,5.98,26.1,2.37,36.22,6.58,5.18,16.17,6.13,20.09,5.52,13.59,40.8,0.23,soybean,harvest,0.63,13.35,4.23,4.02,0.0,8.56,Low,Extreme Heat,0.03
2025-10-08,East Orchard,40.724,-73.965,8.14,48.6,14.32,43.6,2.25,32.89,6.0,5.18,17.34,28.93,26.26,6.07,14.85,56.22,0.15,corn,harvest,0.0,0.42,0.0,5.36,10.7,8.05,Low,Air Quality,0.01
2025-10-08,Hill Market,40.747,-73.985,9.96,67.07,9.39,5.57,1.76,54.44,6.65,4.5,30.13,42.71,41.24,9.47,8.43,90.21,0.17,corn,harvest,0.13,5.93,4.13,44.02,22.61,32.5,Low,Acid Rain,0.08
2025-10-08,North Valley,40.733,-73.995,6.84,49.42,6.3,5.77,2.34,43.47,6.55,5.79,13.95,34.24,28.75,8.74,13.88,64.31,0.18,wheat,harvest,1.7,0.0,0.0,3.54,5.16,2.36,Low,Air Quality,0.01
2025-10-08,River Bend,40.712,-74.02,4.33,50.55,6.37,16.4,2.62,44.63,6.49,4.77,26.99,47.9,40.12,11.49,14.51,91.81,0.2,wheat,harvest,3.7,0.0,1.46,17.75,26.14,20.94,Low,Air Quality,0.03
2025-10-08,South Fields,40.691,-74.01,7.47,85.59,44.96,10.92,3.08,75.36,6.3,4.6,37.34,30.27,30.86,13.69,10.31,68.6,0.23,corn,harvest,57.57,3.79,0.0,62.6,23.31,59.02,High,Acid Rain,0.24
2025-10-09,East Orchard,40.724,-73.965,10.41,53.89,16.59,8.92,1.91,34.9,6.01,5.18,31.49,28.59,27.15,10.35,14.56,65.16,0.15,corn,harvest,0.0,2.43,0.0,4.33,13.58,9.28,Low,Air Quality,0.01
2025-10-09,Hill Market,40.747,-73.985,11.01,31.25,1.24,8.05,1.96,39.9,6.45,4.68,24.89,12.58,36.83,3.96,11.82,78.98,0.17,soybean,harvest,4.38,0.58,0.03,16.59,13.08,10.69,Low,Acid Rain,0.03
2025-10-09,North Valley,40.733,-73.995,9.4,66.54,1.09,5.7,2.29,34.0,6.31,5.07,18.0,26.48,30.26,6.64,14.52,56.33,0.18,wheat,harvest,0.0,2.59,0.31,1.13,9.18,7.78,Low,Air Quality,0.01
2025-10-09,River Bend,40.712,-74.02,13.75,57.49,8.76,9.36,2.61,28.29,5.99,4.9,34.88,38.39,31.85,9.7,12.97,78.05,0.2,wheat,harvest,1.81,4.68,1.72,7.34,20.2,17.98,Low,Air Quality,0.02
2025-10-09,South Fields,40.691,-74.01,6.68,62.27,3.62,14.91,2.34,16.98,6.83,5.1,23.9,29.94,28.96,8.47,15.38,73.06,0.23,corn,harvest,0.0,0.0,5.49,0.0,5.95,4.91,Low,Air Quality,0.01
2025-10-10,East Orchard,40.724,-73.965,5.59,51.37,8.82,11.33,2.14,37.75,6.43,5.99,19.96,47.09,27.44,9.61,14.21,50.7,0.15,corn,harvest,2.22,3.93,4.91,0.92,13.79,17.29,Low,Air Quality,0.02
2025-10-10,Hill Market,40.747,-73.985,8.12,57.82,2.62,11.88,1.74,28.12,6.71,4.81,35.69,38.49,40.38,7.72,16.82,80.83,0.17,corn,harvest,2.37,1.26,0.0,11.04,32.08,30.94,Low,Air Quality,0.02
2025-10-10,North Valley,40.733,-73.995,2.74,46.38,7.98,18.2,2.33,58.79,6.47,4.96,18.53,44.02,29.02,10.29,13.83,49.86,0.18,wheat,harvest,4.55,0.0,2.49,7.28,4.45,4.23,Low,Acid Rain,0.02
2025-10-10,River Bend,40.712,-74.02,5.27,82.64,76.68,14.1,4.18,85.45,5.09,4.4,24.56,40.02,34.68,20.2,12.01,80.2,0.2,wheat,harvest,100.0,2.42,2.29,93.82,14.36,91.15,Severe,Flood,0.34
2025-10-10,South Fields,40.691,-74.01,9.22,53.87,7.38,25.4,2.61,29.41,6.45,5.44,18.55,30.82,27.93,8.72,15.98,56.86,0.23,corn,harvest,5.1,12.37,1.31,0.0,8.46,9.32,Low,Extreme Heat,0.04
2025-10-11,East Orchard,40.724,-73.965,9.16,50.95,5.31,7.77,2.1,26.51,6.11,5.63,8.35,30.27,18.8,14.14,12.08,34.41,0.15,rice,harvest,3.16,6.03,3.53,4.58,4.71,5.95,Low,Extreme Heat,0.02
2025-10-11,Hill Market,40.747,-73.985,10.91,62.13,17.45,11.38,2.16,38.44,6.5,4.51,16.84,22.59,21.08,8.36,14.26,47.48,0.17,rice,harvest,2.41,2.91,0.12,34.54,3.98,27.59,Low,Acid Rain,0.04
2025-10-11,North Valley,40.733,-73.995,18.42,56.46,12.02,11.16,2.13,36.6,6.53,5.49,11.71,21.75,19.13,7.79,12.91,34.17,0.18,wheat,harvest,2.25,16.66,4.93,2.19,4.68,13.88,Low,Extreme Heat,0.04
2025-10-11,River Bend,40.712,-74.02,3.27,75.03,11.1,27.39,2.56,42.72,5.85,4.9,27.23,32.56,44.12,13.28,11.85,80.0,0.2,rice,harvest,0.0,0.38,0.0,15.23,15.06,12.86,Low,Acid Rain,0.02
2025-10-11,South Fields,40.691,-74.01,14.06,72.07,19.04,7.75,2.68,49.69,6.46,5.25,16.22,22.39,19.83,13.93,12.78,35.25,0.23,soybean,harvest,4.93,10.03,0.0,0.5,1.59,10.72,Low,Extreme Heat,0.03
2025-10-12,East Orchard,40.724,-73.965,6.72,63.74,16.59,26.76,2.27,34.85,6.13,5.55,2.11,28.27,29.67,4.46,13.42,36.25,0.15,corn,harvest,4.71,1.44,1.72,0.0,3.66,4.11,Low,Flood,0.02
2025-10-12,Hill Market,40.747,-73.985,11.85,57.57,7.98,23.97,2.21,48.49,6.49,4.85,25.02,22.52,37.63,9.83,15.34,57.27,0.17,rice,harvest,1.96,3.37,1.08,14.03,15.19,12.7,Low,Air Quality,0.02
2025-10-12,North Valley,40.733,-73.995,15.31,55.16,17.5,7.68,2.79,63.48,6.42,5.48,27.5,39.86,29.73,13.52,14.91,60.85,0.18,wheat,harvest,10.47,8.82,2.23,0.29,9.15,10.48,Low,Flood,0.04
2025-10-12,River Bend,40.712,-74.02,3.44,48.24,2.75,11.43,2.47,16.99,6.15,5.17,23.29,18.31,34.65,10.27,16.05,83.68,0.2,rice,harvest,3.85,0.0,6.55,5.35,4.13,8.8,Low,Extreme Cold,0.02
2025-10-12,South Fields,40.691,-74.01,3.88,54.54,6.26,11.32,2.26,27.14,7.08,5.35,23.07,47.91,34.4,12.39,14.95,77.29,0.23,rice,harvest,0.0,0.0,4.6,0.99,13.9,11.11,Low,Air Quality,0.0
2025-10-13,East Orchard,40.724,-73.965,8.67,50.47,6.45,5.82,2.1,57.94,6.3,5.5,34.36,20.34,32.95,7.85,16.01,64.02,0.15,corn,harvest,3.33,4.41,0.0,0.0,11.21,9.53,Low,Air Quality,0.02
2025-10-13,Hill Market,40.747,-73.985,12.47,53.97,5.42,11.24,2.23,38.44,6.38,4.52,21.49,39.7,37.16,2.34,13.95,77.98,0.17,wheat,harvest,6.53,5.65,0.0,33.13,8.58,28.6,Low,Acid Rain,0.06
2025-10-13,North Valley,40.733,-73.995,3.81,59.93,20.13,17.84,2.41,51.91,6.45,5.33,21.13,45.5,26.04,4.84,12.12,48.8,0.18,vegetable,harvest,4.57,2.93,0.0,4.1,7.02,6.54,Low,Air Quality,0.03
2025-10-13,River Bend,40.712,-74.02,-2.73,51.89,11.93,8.9,2.68,41.51,6.07,5.14,21.19,15.71,33.19,5.42,15.71,72.47,0.2,wheat,harvest,7.92,0.0,31.31,5.31,13.24,29.61,Low,Extreme Cold,0.05
2025-10-13,South Fields,40.691,-74.01,6.6,61.06,6.62,30.38,2.54,35.56,6.4,4.94,22.62,13.58,23.4,4.82,14.82,44.61,0.23,vegetable,harvest,0.0,0.88,2.23,8.58,4.35,0.62,Low,Acid Rain,0.02
2025-10-14,East Orchard,40.724,-73.965,4.98,65.74,11.49,6.88,2.52,50.48,6.0,5.28,8.52,33.86,23.6,9.57,12.23,43.03,0.15,vegetable,harvest,3.48,1.02,1.67,1.13,5.32,6.32,Low,Air Quality,0.02
2025-10-14,Hill Market,40.747,-73.985,8.52,61.66,17.85,5.6,2.32,38.39,6.74,4.58,20.02,37.08,32.86,15.34,16.77,66.06,0.17,corn,harvest,2.65,1.03,1.06,36.17,13.54,31.08,Low,Acid Rain,0.06
2025-10-14,North Valley,40.733,-73.995,19.84,72.82,16.55,15.33,2.43,34.32,6.16,4.73,19.56,26.89,27.76,10.4,10.98,60.04,0.18,wheat,harvest,0.66,24.31,0.0,19.49,5.67,22.59,Low,Extreme Heat,0.06
2025-10-14,River Bend,40.712,-74.02,11.0,73.97,6.41,15.86,2.33,38.18,6.43,5.19,16.71,22.96,25.6,1.98,14.94,64.89,0.2,wheat,harvest,2.41,9.15,1.48,4.65,8.42,11.66,Low,Extreme Heat,0.03
2025-10-14,South Fields,40.691,-74.01,7.53,77.64,13.55,6.76,2.75,59.42,6.53,4.95,14.01,38.25,25.3,7.8,15.19,54.33,0.23,corn,harvest,10.28,2.64,5.7,6.47,10.13,8.08,Low,Flood,0.05
2025-10-15,East Orchard,40.724,-73.965,-1.44,58.71,2.54,6.79,2.01,30.36,6.51,5.8,12.52,23.95,33.52,6.58,16.64,63.32,0.15,corn,harvest,0.0,4.91,24.06,3.84,4.74,21.43,Low,Extreme Cold,0.04
2025-10-15,Hill Market,40.747,-73.985,10.42,83.48,15.15,5.22,2.64,43.45,6.04,4.58,33.21,31.37,41.49,8.79,13.15,95.24,0.17,corn,harvest,5.01,7.58,2.59,40.8,26.3,35.62,Moderate,Acid Rain,0.08
2025-10-15,North Valley,40.733,-73.995,16.21,52.34,1.59,3.28,1.97,41.1,6.65,6.02,30.04,22.41,33.14,10.02,16.37,62.23,0.18,wheat,harvest,0.9,5.14,0.0,0.0,18.96,17.71,Low,Air Quality,0.01
2025-10-15,River Bend,40.712,-74.02,1.7,59.19,14.6,5.05,2.7,32.09,6.01,5.02,30.55,19.72,33.84,13.73,13.66,78.24,0.2,wheat,harvest,5.79,1.77,5.4,9.15,14.76,15.47,Low,Air Quality,0.03
2025-10-15,South Fields,40.691,-74.01,10.02,42.85,2.73,8.15,2.37,24.3,6.37,5.82,22.02,32.84,28.79,9.57,18.03,52.25,0.23,soybean,harvest,0.0,5.48,0.0,0.25,9.43,9.83,Low,Air Quality,0.01
2025-10-16,East Orchard,40.724,-73.965,3.0,59.8,7.11,7.85,2.3,43.58,6.1,5.77,15.77,22.05,29.63,6.93,13.46,61.49,0.15,corn,harvest,0.0,1.68,7.67,0.0,0.0,7.53,Low,Extreme Cold,0.01
2025-10-16,Hill Market,40.747,-73.985,11.26,42.09,2.04,12.08,2.18,35.98,6.63,4.91,28.16,52.77,41.02,8.4,16.23,100.0,0.17,corn,harvest,4.66,3.52,0.0,7.24,31.66,25.3,Low,Air Quality,0.03
2025-10-16,North Valley,40.733,-73.995,10.06,65.63,35.79,6.77,3.0,61.53,6.16,5.52,27.94,36.78,33.02,16.38,12.71,86.92,0.18,wheat,harvest,29.25,3.97,0.0,0.72,17.84,22.97,Low,Flood,0.07
2025-10-16,River Bend,40.712,-74.02,7.12,57.79,4.77,13.49,2.51,25.49,6.0,4.78,29.94,34.99,41.12,7.03,12.11,82.81,0.2,vegetable,harvest,6.22,3.5,0.0,20.81,19.28,19.04,Low,Acid Rain,0.06
2025-10-16,South Fields,40.691,-74.01,8.81,74.67,18.6,21.25,2.4,43.65,6.44,4.92,33.5,44.67,31.79,13.3,12.48,67.05,0.23,corn,harvest,4.24,0.5,3.53,14.08,24.69,21.26,Low,Air Quality,0.03
2025-10-17,East Orchard,40.724,-73.965,1.08,56.1,6.5,2.4,2.32,20.72,6.01,5.58,27.54,28.27,25.6,7.07,15.3,43.42,0.15,corn,harvest,0.0,0.81,9.64,0.0,7.81,3.42,Low,Extreme Cold,0.01
2025-10-17,Hill Market,40.747,-73.985,7.76,86.2,17.98,4.81,2.24,35.85,6.65,4.3,28.08,42.97,27.71,15.59,16.19,70.21,0.17,rice,harvest,0.02,5.14,0.0,67.74,16.94,53.8,Moderate,Acid Rain,0.08
2025-10-17,North Valley,40.733,-73.995,7.46,96.81,39.8,6.08,3.19,42.68,6.23,4.65,23.4,33.59,28.77,8.41,15.84,59.32,0.18,vegetable,harvest,30.05,0.0,2.39,44.87,12.33,35.61,Moderate,Acid Rain,0.16
2025-10-17,River Bend,40.712,-74.02,5.84,74.56,12.72,10.42,2.57,37.29,6.2,5.38,24.2,40.41,27.48,8.02,13.85,65.93,0.2,vegetable,harvest,5.73,0.0,0.0,4.64,14.11,7.01,Low,Air Quality,0.02
2025-10-17,South Fields,40.691,-74.01,7.0,82.21,15.82,9.67,2.62,35.77,6.4,5.16,13.96,34.24,33.28,5.41,12.97,60.19,0.23,soybean,harvest,5.44,4.5,0.0,2.08,14.6,12.13,Low,Air Quality,0.02
2025-10-18,East Orchard,40.724,-73.965,5.94,51.33,3.01,17.07,2.27,35.86,6.18,5.18,9.83,28.27,20.53,10.16,15.87,40.67,0.15,soybean,harvest,0.3,1.34,2.66,0.0,5.25,7.01,Low,Air Quality,0.01
2025-10-18,Hill Market,40.747,-73.985,7.24,43.11,7.65,5.97,2.04,48.95,6.66,4.9,14.91,31.79,27.94,5.7,15.89,64.01,0.17,wheat,harvest,1.26,5.67,0.0,2.72,7.37,4.44,Low,Air Quality,0.02
2025-10-18,North Valley,40.733,-73.995,10.39,62.05,11.36,11.12,2.42,44.75,6.44,5.41,19.27,21.84,23.26,8.45,13.35,43.81,0.18,vegetable,harvest,4.26,2.11,0.0,7.37,3.57,4.46,Low,Acid Rain,0.03
2025-10-18,River Bend,40.712,-74.02,6.13,62.57,16.93,21.24,3.04,43.94,6.21,5.15,17.49,42.12,24.49,5.45,12.4,48.66,0.2,vegetable,harvest,7.66,0.0,1.28,2.32,8.8,10.09,Low,Air Quality,0.03
2025-10-18,South Fields,40.691,-74.01,8.08,51.96,1.84,11.65,2.12,27.24,6.52,5.19,21.72,38.31,37.72,6.37,18.0,59.48,0.23,corn,harvest,0.0,4.09,5.36,3.45,12.02,8.04,Low,Air Quality,0.02
2025-10-19,East Orchard,40.724,-73.965,0.25,34.35,3.52,33.02,2.29,41.28,6.3,5.4,17.51,38.36,30.35,2.96,12.74,52.02,0.15,soybean,harvest,0.0,3.96,14.88,0.0,11.59,14.07,Low,Extreme Cold,0.02
2025-10-19,Hill Market,40.747,-73.985,10.57,70.51,3.7,11.48,1.79,31.95,6.43,4.77,20.79,30.95,30.17,11.97,15.09,65.39,0.17,soybean,harvest,0.0,4.4,0.87,18.28,6.96,13.07,Low,Acid Rain,0.03
2025-10-19,North Valley,40.733,-73.995,8.28,65.28,14.07,8.67,2.52,44.13,6.04,5.57,18.58,23.03,14.84,6.62,13.07,29.66,0.18,wheat,harvest,5.39,0.03,0.54,4.95,2.13,3.63,Low,Flood,0.02
2025-10-19,River Bend,40.712,-74.02,11.37,52.53,13.48,10.7,2.93,41.69,6.32,4.78,21.64,27.17,34.27,10.69,13.22,69.09,0.2,wheat,harvest,5.89,8.26,0.0,21.72,6.84,18.19,Low,Acid Rain,0.05
2025-10-19,South Fields,40.691,-74.01,1.58,48.67,2.1,35.05,2.31,27.18,6.61,5.26,15.36,37.87,28.19,6.33,14.68,57.2,0.23,corn,harvest,2.34,0.0,12.37,0.0,12.53,10.45,Low,Air Quality,0.02
2025-10-20,East Orchard,40.724,-73.965,4.75,41.94,5.03,3.31,1.81,28.32,6.04,4.6,13.06,28.1,23.52,2.52,12.88,36.43,0.15,rice,harvest,3.11,0.0,3.94,22.12,2.27,16.45,Low,Acid Rain,0.03
2025-10-20,Hill Market,40.747,-73.985,2.82,90.4,46.39,10.14,2.69,47.25,6.2,4.64,22.41,25.32,28.37,15.77,12.31,80.3,0.17,corn,harvest,35.53,0.0,5.81,55.42,7.87,47.07,Moderate,Acid Rain,0.17
2025-10-20,North Valley,40.733,-73.995,11.64,31.76,12.86,13.62,1.74,42.77,6.43,5.57,17.4,29.85,16.15,1.76,14.36,38.55,0.18,wheat,harvest,4.67,3.88,0.93,0.0,6.62,7.44,Low,Air Quality,0.02
2025-10-20,River Bend,40.712,-74.02,8.32,28.22,5.3,13.32,2.2,38.19,6.02,5.35,10.3,23.29,19.91,7.71,17.17,48.12,0.2,wheat,harvest,3.81,0.0,0.0,0.0,3.33,4.57,Low,Flood,0.01
2025-10-20,South Fields,40.691,-74.01,13.48,37.44,11.83,31.3,1.79,41.68,6.5,4.82,22.04,19.39,31.36,11.73,15.78,54.73,0.23,corn,harvest,0.0,7.93,0.72,13.82,11.24,10.03,Low,Acid Rain,0.03
2025-10-21,East Orchard,40.724,-73.965,4.27,56.65,6.75,21.59,2.08,39.37,6.31,5.28,16.34,18.54,32.38,17.05,16.63,70.8,0.15,corn,harvest,1.0,0.0,0.0,1.63,10.57,9.3,Low,Air Quality,0.0
2025-10-21,Hill Market,40.747,-73.985,5.65,58.55,11.45,12.63,1.65,44.66,6.59,4.74,16.7,36.14,49.02,13.56,16.28,100.0,0.17,corn,harvest,0.0,0.67,0.0,30.53,15.07,25.28,Low,Acid Rain,0.04
2025-10-21,North Valley,40.733,-73.995,2.81,67.67,19.38,24.56,1.99,35.4,5.95,4.75,14.09,30.43,38.15,11.99,15.07,74.01,0.18,corn,harvest,5.78,3.85,6.02,26.09,5.85,24.69,Low,Acid Rain,0.06
2025-10-21,River Bend,40.712,-74.02,2.21,92.17,82.45,19.59,3.68,77.1,5.07,4.16,26.16,36.86,22.97,20.91,11.78,62.64,0.2,corn,harvest,96.89,0.0,6.45,96.85,9.02,88.06,Severe,Flood,0.39
2025-10-21,South Fields,40.691,-74.01,6.93,60.91,15.95,7.5,2.5,45.35,6.61,4.8,28.83,27.45,43.24,6.27,14.02,73.4,0.23,corn,harvest,9.94,2.18,3.96,11.34,25.16,26.35,Low,Air Quality,0.05
2025-10-22,East Orchard,40.724,-73.965,6.99,84.3,23.91,24.23,2.2,43.25,5.67,4.84,8.81,27.34,20.28,11.1,13.08,48.58,0.15,corn,harvest,8.85,1.2,1.55,16.31,8.44,17.45,Low,Acid Rain,0.05
2025-10-22,Hill Market,40.747,-73.985,10.6,54.51,3.34,4.18,1.49,25.19,6.89,4.95,5.86,29.41,25.99,9.56,12.96,58.04,0.17,corn,harvest,0.0,0.0,0.0,1.89,5.74,7.71,Low,Air Quality,0.0
2025-10-22,North Valley,40.733,-73.995,6.33,56.15,6.82,9.44,1.9,55.96,6.58,5.06,18.44,34.5,34.32,7.5,14.12,63.79,0.18,wheat,harvest,0.0,1.21,0.97,2.09,15.24,13.46,Low,Air Quality,0.01
2025-10-22,River Bend,40.712,-74.02,10.28,63.82,4.94,3.57,2.11,23.38,6.25,4.81,23.76,40.47,29.3,8.34,14.17,69.09,0.2,wheat,harvest,8.08,1.23,0.24,12.64,13.13,11.43,Low,Air Quality,0.04
2025-10-22,South Fields,40.691,-74.01,7.21,69.14,27.69,27.45,2.31,52.88,6.29,4.58,21.28,39.09,50.26,12.01,15.13,92.05,0.23,wheat,harvest,13.84,9.09,10.63,62.12,19.57,52.55,Moderate,Acid Rain,0.13
2025-10-23,East Orchard,40.724,-73.965,5.38,51.61,3.96,18.61,1.71,29.83,6.31,5.3,25.42,48.33,29.18,4.6,15.71,59.61,0.15,vegetable,harvest,0.0,0.0,7.04,6.02,15.93,9.74,Low,Air Quality,0.02
2025-10-23,Hill Market,40.747,-73.985,9.58,52.3,12.5,33.99,1.69,47.48,6.6,4.52,26.85,48.86,45.29,13.36,15.16,73.4,0.17,corn,harvest,0.0,4.04,0.46,46.06,22.87,40.45,Moderate,Acid Rain,0.07
2025-10-23,North Valley,40.733,-73.995,6.21,65.57,3.67,17.69,2.07,53.24,6.14,5.4,11.05,36.05,25.81,5.7,17.16,27.41,0.18,corn,harvest,0.0,1.07,4.24,0.04,3.93,7.09,Low,Extreme Cold,0.01
2025-10-23,River Bend,40.712,-74.02,11.66,67.64,11.01,13.84,2.21,35.81,6.44,4.55,26.06,35.44,34.51,8.91,14.95,68.05,0.2,rice,harvest,0.26,8.24,0.0,40.09,15.95,35.31,Moderate,Acid Rain,0.05
2025-10-23,South Fields,40.691,-74.01,0.82,39.28,6.77,24.34,1.61,44.43,6.59,4.47,22.44,34.17,25.47,6.16,11.45,55.8,0.23,corn,harvest,4.82,0.0,13.18,29.87,11.56,24.59,Low,Acid Rain,0.07
2025-10-24,East Orchard,40.724,-73.965,9.73,59.06,3.71,26.99,1.92,39.28,6.31,5.17,10.06,30.99,16.5,6.4,9.51,34.23,0.15,corn,harvest,0.0,0.79,2.3,0.66,0.0,0.0,Low,Extreme Cold,0.0
2025-10-24,Hill Market,40.747,-73.985,3.34,55.9,16.26,21.2,1.99,41.9,6.74,4.67,24.32,25.04,41.95,10.6,13.98,65.21,0.17,corn,harvest,0.0,1.37,7.52,29.53,15.52,24.79,Low,Acid Rain,0.05
2025-10-24,North Valley,40.733,-73.995,6.09,88.69,47.25,8.26,2.75,59.56,5.95,4.8,24.44,20.99,36.02,13.38,12.38,51.5,0.18,wheat,harvest,45.9,1.11,0.0,45.45,8.79,38.63,Moderate,Flood,0.16
2025-10-24,River Bend,40.712,-74.02,6.83,48.09,11.13,19.39,2.09,27.76,6.1,5.34,36.67,41.23,34.71,9.13,16.32,80.47,0.2,wheat,harvest,6.95,3.07,2.93,0.39,28.1,23.83,Low,Air Quality,0.02
2025-10-24,South Fields,40.691,-74.01,10.7,28.4,10.76,7.6,2.24,37.39,6.29,5.07,26.35,33.17,36.91,7.58,14.76,67.35,0.23,corn,harvest,3.74,0.0,3.7,1.51,11.96,7.96,Low,Air Quality,0.02
2025-10-25,East Orchard,40.724,-73.965,5.56,68.98,15.37,9.26,1.73,50.29,6.37,5.17,5.97,20.45,21.88,12.06,13.45,39.51,0.15,corn,harvest,0.0,4.15,0.0,0.0,3.24,1.56,Low,Extreme Heat,0.01
2025-10-25,Hill Market,40.747,-73.985,8.8,48.1,14.71,5.38,1.65,36.59,6.51,4.7,14.3,32.66,24.24,4.97,16.61,53.51,0.17,corn,harvest,0.0,2.15,2.62,17.62,8.82,12.27,Low,Acid Rain,0.03
2025-10-25,North Valley,40.733,-73.995,9.79,36.56,7.23,12.5,1.91,23.8,6.27,5.62,11.5,21.6,27.81,4.72,17.07,50.52,0.18,rice,harvest,0.0,0.27,0.0,4.51,10.79,8.85,Low,Air Quality,0.01
2025-10-25,River Bend,40.712,-74.02,9.55,52.32,8.49,10.98,2.14,42.45,6.38,4.95,17.51,39.19,31.01,11.09,11.91,51.05,0.2,corn,harvest,3.4,4.76,1.76,5.33,8.12,11.43,Low,Air Quality,0.03
2025-10-25,South Fields,40.691,-74.01,4.49,66.63,10.49,8.55,2.37,28.92,6.5,5.05,25.1,33.07,26.19,4.66,11.1,53.54,0.23,soybean,harvest,7.67,7.3,5.92,7.92,9.32,9.32,Low,Air Quality,0.05
2025-10-26,East Orchard,40.724,-73.965,0.64,72.96,7.55,14.14,1.69,53.79,6.21,5.46,12.44,28.48,24.38,4.33,14.31,40.29,0.15,corn,harvest,0.28,6.74,14.42,6.38,8.22,8.71,Low,Extreme Cold,0.03
2025-10-26,Hill Market,40.747,-73.985,-0.24,60.33,7.2,22.08,1.68,39.29,6.45,5.07,23.9,27.16,34.48,9.26,14.21,73.57,0.17,corn,harvest,1.01,3.32,19.43,2.05,10.43,16.41,Low,Extreme Cold,0.03
2025-10-26,North Valley,40.733,-73.995,4.12,70.0,19.62,15.28,2.18,48.84,6.45,5.35,21.31,45.51,23.73,7.26,14.51,63.69,0.18,corn,harvest,2.01,0.0,1.69,6.1,17.09,11.82,Low,Air Quality,0.02
2025-10-26,River Bend,40.712,-74.02,10.14,41.93,7.8,14.8,2.5,27.36,6.17,5.06,21.45,17.28,17.89,8.53,13.85,45.63,0.2,corn,harvest,3.34,3.57,0.0,3.34,1.31,3.49,Low,Extreme Heat,0.02
2025-10-26,South Fields,40.691,-74.01,11.69,64.34,9.18,15.84,2.21,42.42,6.92,5.01,26.97,47.29,35.38,5.13,14.42,75.35,0.23,corn,harvest,0.0,8.99,2.53,0.0,20.14,19.37,Low,Air Quality,0.02
2025-10-27,East Orchard,40.724,-73.965,3.59,31.21,0.73,4.6,1.68,32.01,6.18,5.49,13.23,12.9,12.78,8.52,14.81,26.75,0.15,soybean,harvest,2.74,0.0,5.96,1.95,2.68,8.17,Low,Extreme Cold,0.01
2025-10-27,Hill Market,40.747,-73.985,6.51,59.86,4.29,1.0,1.58,34.21,6.75,4.8,27.19,35.13,38.95,10.67,12.29,79.29,0.17,rice,harvest,0.0,0.0,1.0,9.84,13.87,9.5,Low,Air Quality,0.01
2025-10-27,North Valley,40.733,-73.995,6.15,66.13,6.39,19.97,1.73,35.71,6.07,4.95,14.15,38.59,24.36,3.82,14.83,48.44,0.18,wheat,harvest,1.32,5.85,2.68,10.43,1.23,14.25,Low,Acid Rain,0.03
2025-10-27,River Bend,40.712,-74.02,6.99,79.78,18.57,10.54,2.52,43.43,5.72,4.42,27.62,52.84,31.84,8.57,15.13,59.47,0.2,wheat,harvest,9.76,5.7,0.0,67.89,15.93,65.56,High,Acid Rain,0.11
2025-10-27,South Fields,40.691,-74.01,5.54,56.85,10.0,6.55,2.05,34.7,6.49,5.17,24.44,25.84,28.61,6.04,13.82,59.0,0.23,wheat,harvest,1.55,0.0,0.0,3.93,9.15,8.04,Low,Air Quality,0.01
2025-10-28,East Orchard,40.724,-73.965,3.36,83.34,53.14,5.36,3.01,78.64,5.51,5.12,19.13,28.48,27.55,13.81,10.65,50.18,0.15,corn,harvest,74.69,0.0,11.18,15.2,0.0,65.03,High,Flood,0.22
2025-10-28,Hill Market,40.747,-73.985,8.32,63.22,16.38,6.45,2.05,49.68,6.69,4.78,29.07,39.65,30.9,15.48,15.1,94.64,0.17,corn,harvest,1.23,0.11,0.0,15.45,17.39,14.38,Low,Air Quality,0.02
2025-10-28,North Valley,40.733,-73.995,9.7,55.84,2.54,6.25,1.53,24.8,6.06,5.57,14.14,26.67,28.74,6.67,13.11,73.32,0.18,soybean,harvest,0.0,0.0,2.22,0.0,5.72,3.84,Low,Air Quality,0.0
2025-10-28,River Bend,40.712,-74.02,6.22,63.36,3.53,24.55,2.25,34.07,6.25,4.65,16.15,23.7,36.51,9.54,14.42,66.61,0.2,wheat,harvest,0.0,3.78,4.0,22.25,7.27,19.44,Low,Acid Rain,0.04
2025-10-28,South Fields,40.691,-74.01,4.69,55.97,1.91,9.19,1.82,16.08,6.8,4.83,14.64,39.46,32.19,6.64,15.54,71.22,0.23,vegetable,harvest,0.0,0.0,0.75,7.64,10.06,2.41,Low,Air Quality,0.01
2025-10-29,East Orchard,40.724,-73.965,12.37,48.22,3.28,7.69,1.81,32.58,6.24,5.25,16.21,21.65,9.23,6.52,16.49,37.16,0.15,vegetable,harvest,5.97,0.51,0.0,0.0,0.45,5.57,Low,Flood,0.02
2025-10-29,Hill Market,40.747,-73.985,7.39,64.89,22.97,19.21,2.41,43.42,6.51,4.43,19.21,47.35,44.69,15.0,15.17,74.88,0.17,soybean,harvest,4.93,2.41,2.1,73.2,11.22,61.16,High,Acid Rain,0.11
2025-10-29,North Valley,40.733,-73.995,5.42,55.41,9.01,7.51,2.06,38.54,6.18,5.32,22.63,22.59,29.21,10.82,14.64,69.6,0.18,wheat,harvest,2.26,2.83,5.34,2.36,9.75,8.83,Low,Air Quality,0.02
2025-10-29,River Bend,40.712,-74.02,-3.03,50.14,7.15,22.25,2.48,44.84,6.14,5.22,31.9,17.67,30.37,8.91,15.61,57.66,0.2,vegetable,harvest,6.33,2.48,45.65,0.71,12.93,39.32,Moderate,Extreme Cold,0.07
2025-10-29,South Fields,40.691,-74.01,4.73,66.77,15.79,19.9,2.0,52.84,6.54,4.72,12.64,31.84,31.88,14.68,16.29,57.65,0.23,vegetable,harvest,3.59,0.0,7.88,27.13,4.87,19.85,Low,Acid Rain,0.06
2025-10-30,East Orchard,40.724,-73.965,3.06,55.2,5.06,7.5,1.91,38.7,6.15,5.43,5.47,34.57,42.6,6.32,13.91,56.93,0.15,corn,harvest,0.0,0.0,1.21,0.23,8.78,3.76,Low,Air Quality,0.0
2025-10-30,Hill Market,40.747,-73.985,0.98,60.96,10.56,11.15,1.83,29.5,6.6,5.15,32.44,41.53,45.69,14.07,17.34,79.72,0.17,corn,harvest,0.0,0.0,9.7,4.64,33.42,30.35,Low,Air Quality,0.02
2025-10-30,North Valley,40.733,-73.995,3.74,42.39,10.98,5.62,2.01,34.76,6.16,5.26,17.82,28.0,24.97,3.11,17.27,45.17,0.18,rice,harvest,1.15,3.08,1.01,0.0,4.43,1.82,Low,Air Quality,0.01
2025-10-30,River Bend,40.712,-74.02,8.01,60.0,17.42,18.3,2.83,41.54,5.87,4.69,13.01,33.01,30.02,12.23,15.91,66.48,0.2,wheat,harvest,9.93,5.4,0.0,28.36,2.93,24.26,Low,Acid Rain,0.06
2025-10-30,South Fields,40.691,-74.01,2.56,81.24,59.6,20.15,2.5,73.43,6.0,4.32,26.06,30.52,32.91,18.68,10.86,75.6,0.23,corn,harvest,80.03,0.0,4.21,90.12,9.25,84.27,Severe,Acid Rain,0.33
2025-10-31,East Orchard,40.724,-73.965,5.86,60.44,12.5,19.55,2.08,40.94,6.06,5.19,17.59,34.82,21.55,8.08,12.49,31.29,0.15,corn,harvest,2.67,2.8,0.0,1.32,6.32,4.74,Low,Air Quality,0.01
2025-10-31,Hill Market,40.747,-73.985,2.88,48.16,8.07,10.49,1.64,35.29,6.74,4.77,30.79,35.83,43.04,11.46,14.72,87.32,0.17,corn,harvest,4.59,4.98,3.58,21.06,27.32,25.67,Low,Air Quality,0.05
2025-10-31,North Valley,40.733,-73.995,6.87,51.19,5.12,5.16,2.22,38.76,6.71,5.4,7.52,29.81,23.54,0.98,16.96,36.75,0.18,wheat,harvest,0.0,0.0,5.53,0.0,3.35,0.56,Low,Extreme Cold,0.0
2025-10-31,River Bend,40.712,-74.02,5.64,35.82,1.15,14.27,2.17,16.49,5.8,5.79,33.49,27.5,24.89,4.05,18.72,59.92,0.2,rice,harvest,0.0,1.08,1.59,0.0,16.11,12.88,Low,Air Quality,0.0
2025-10-31,South Fields,40.691,-74.01,6.46,58.88,6.82,25.45,2.14,29.37,6.56,5.41,26.95,31.01,31.58,8.93,14.81,61.28,0.23,rice,harvest,1.07,4.22,5.93,0.0,13.61,11.01,Low,Air Quality,0.01
2025-11-01,East Orchard,40.724,-73.965,0.56,44.79,20.67,8.73,2.22,58.52,5.97,5.24,1.0,20.77,23.21,7.84,13.98,27.71,0.15,corn,dormant,2.38,0.0,17.11,5.32,4.34,15.16,Low,Extreme Cold,0.02
2025-11-01,Hill Market,40.747,-73.985,-0.31,58.07,11.39,25.55,2.15,23.7,6.39,4.46,23.88,31.83,24.81,7.15,12.9,67.7,0.17,corn,dormant,9.77,0.0,19.45,39.85,2.38,33.98,Low,Acid Rain,0.05
2025-11-01,North Valley,40.733,-73.995,5.0,69.02,10.76,23.41,2.05,26.54,6.49,5.12,17.89,33.0,18.89,12.33,14.52,34.73,0.18,soybean,dormant,0.0,0.0,5.11,0.19,4.8,5.26,Low,Extreme Cold,0.0
2025-11-01,River Bend,40.712,-74.02,-0.15,65.19,4.87,13.28,2.33,28.88,6.43,5.07,23.61,22.62,29.35,8.12,14.28,66.19,0.2,corn,dormant,3.31,4.11,15.79,3.2,9.9,12.58,Low,Extreme Cold,0.02
2025-11-01,South Fields,40.691,-74.01,4.11,64.64,8.61,25.24,2.2,43.79,6.64,5.02,18.08,45.04,23.34,3.41,12.46,27.56,0.23,corn,dormant,0.0,3.62,8.57,0.64,10.81,7.61,Low,Air Quality,0.01
2025-11-02,East Orchard,40.724,-73.965,2.96,49.84,21.43,11.18,2.22,46.19,5.96,5.89,6.84,36.97,15.49,0.0,13.78,27.69,0.15,soybean,dormant,1.63,7.73,4.54,3.24,0.95,10.25,Low,Extreme Heat,0.01
2025-11-02,Hill Market,40.747,-73.985,4.17,55.44,13.9,4.93,1.97,46.3,6.34,4.73,22.66,37.18,30.68,6.24,16.79,83.57,0.17,vegetable,dormant,4.34,0.0,3.44,16.24,11.47,16.32,Low,Acid Rain,0.02
2025-11-02,North Valley,40.733,-73.995,13.25,61.94,23.43,6.05,2.29,52.33,5.99,5.13,16.65,20.24,26.77,13.45,11.74,54.64,0.18,soybean,dormant,11.77,7.8,1.86,2.59,4.22,11.35,Low,Flood,0.03
2025-11-02,River Bend,40.712,-74.02,7.06,75.69,20.49,17.16,2.45,40.06,6.02,4.84,16.15,40.71,27.35,7.75,15.35,52.86,0.2,wheat,dormant,7.39,3.56,0.0,9.63,9.69,10.34,Low,Air Quality,0.02
2025-11-02,South Fields,40.691,-74.01,-0.45,61.07,10.29,7.62,1.9,51.35,6.52,4.74,20.94,40.52,17.39,11.32,14.4,57.95,0.23,corn,dormant,0.0,0.0,11.33,9.82,13.87,16.63,Low,Air Quality,0.01
2025-11-03,East Orchard,40.724,-73.965,3.52,61.05,6.0,6.04,2.04,37.06,6.33,5.69,8.27,33.89,20.68,12.11,20.24,40.43,0.15,corn,dormant,1.5,7.57,2.55,0.0,7.01,3.61,Low,Extreme Heat,0.01
2025-11-03,Hill Market,40.747,-73.985,6.81,60.77,6.9,8.17,1.72,29.73,6.32,4.94,31.33,35.87,36.86,13.17,13.58,77.16,0.17,wheat,dormant,0.0,0.0,3.02,14.77,18.0,19.02,Low,Air Quality,0.01
2025-11-03,North Valley,40.733,-73.995,6.05,45.26,10.67,11.98,2.18,22.55,6.27,4.82,17.87,35.86,30.7,9.37,16.96,55.51,0.18,rice,dormant,1.1,6.02,0.0,13.38,5.93,14.14,Low,Acid Rain,0.01
2025-11-03,River Bend,40.712,-74.02,8.39,95.19,79.54,9.49,3.8,66.93,5.65,4.17,21.17,40.86,35.6,19.16,10.93,71.58,0.2,soybean,dormant,98.86,0.0,1.26,100.0,11.61,85.68,Severe,Acid Rain,0.2
2025-11-03,South Fields,40.691,-74.01,1.09,47.11,7.81,10.37,1.89,29.46,6.83,5.71,20.09,41.26,28.22,5.81,14.17,39.95,0.23,corn,dormant,0.77,0.0,14.38,0.0,11.65,13.63,Low,Extreme Cold,0.01
2025-11-04,East Orchard,40.724,-73.965,-1.47,65.72,32.23,20.91,2.5,37.4,5.54,5.58,24.47,35.28,26.65,10.63,13.5,63.98,0.15,corn,dormant,3.59,0.0,26.22,1.47,8.79,19.7,Low,Extreme Cold,0.02
2025-11-04,Hill Market,40.747,-73.985,9.53,72.56,7.81,13.54,1.73,40.85,6.72,4.93,31.19,18.98,40.03,10.97,13.04,85.52,0.17,corn,dormant,2.07,2.86,0.14,11.8,19.24,20.24,Low,Air Quality,0.02
2025-11-04,North Valley,40.733,-73.995,4.94,48.2,7.29,15.52,1.99,40.46,6.09,5.58,12.39,41.1,33.26,12.85,16.8,60.38,0.18,corn,dormant,6.09,0.42,5.88,4.88,12.48,9.74,Low,Air Quality,0.02
2025-11-04,River Bend,40.712,-74.02,1.0,57.86,5.66,16.4,2.46,46.91,6.33,4.77,37.32,32.7,46.81,10.31,14.07,95.23,0.2,corn,dormant,0.0,0.72,14.97,23.15,35.39,30.84,Low,Air Quality,0.03
2025-11-04,South Fields,40.691,-74.01,3.6,59.95,8.33,10.67,2.3,34.42,6.65,5.0,22.79,44.15,18.01,5.76,12.57,50.79,0.23,soybean,dormant,2.97,0.16,10.34,3.45,4.69,9.91,Low,Extreme Cold,0.01
2025-11-05,East Orchard,40.724,-73.965,8.65,57.86,4.02,10.59,1.91,38.45,6.01,5.69,11.8,20.48,19.39,3.15,17.91,34.31,0.15,soybean,dormant,0.79,0.0,0.0,0.0,1.32,0.24,Low,Air Quality,0.0
2025-11-05,Hill Market,40.747,-73.985,1.27,66.15,5.31,3.73,2.29,38.93,6.35,5.03,17.26,33.88,27.55,2.71,13.75,54.07,0.17,corn,dormant,1.02,3.0,9.01,2.28,3.07,7.45,Low,Extreme Cold,0.01
2025-11-05,North Valley,40.733,-73.995,9.73,54.34,7.13,11.42,2.05,29.33,6.2,5.49,24.06,35.67,31.18,10.5,16.12,58.54,0.18,wheat,dormant,0.0,3.65,0.0,0.0,9.85,11.36,Low,Air Quality,0.0
2025-11-05,River Bend,40.712,-74.02,3.27,51.98,12.83,10.85,2.56,43.92,6.03,4.91,29.3,29.01,36.58,8.88,14.72,86.4,0.2,vegetable,dormant,7.68,0.0,0.41,17.0,19.86,21.65,Low,Air Quality,0.03
2025-11-05,South Fields,40.691,-74.01,16.96,80.35,16.38,16.97,2.65,35.3,6.48,5.07,43.04,35.51,31.89,8.82,12.35,72.82,0.23,corn,dormant,2.76,26.36,0.0,0.0,22.57,26.28,Low,Extreme Heat,0.03
2025-11-06,East Orchard,40.724,-73.965,0.81,52.69,4.8,7.7,1.66,35.83,6.25,5.12,19.17,29.34,30.98,4.58,14.35,37.47,0.15,soybean,dormant,4.44,2.74,5.68,4.31,8.87,5.7,Low,Air Quality,0.01
2025-11-06,Hill Market,40.747,-73.985,9.36,49.43,8.14,19.06,2.12,39.27,6.35,4.81,27.98,27.89,37.85,9.42,12.89,73.48,0.17,wheat,dormant,6.15,0.0,1.11,6.47,19.98,15.42,Low,Air Quality,0.01
2025-11-06,North Valley,40.733,-73.995,7.08,60.15,3.63,22.48,1.79,44.24,6.39,5.48,22.79,32.95,29.24,5.44,13.52,65.9,0.18,wheat,dormant,4.39,1.38,2.95,0.0,5.18,5.44,Low,Air Quality,0.01
2025-11-06,River Bend,40.712,-74.02,-1.55,71.44,15.27,15.85,2.44,24.5,6.21,4.86,14.76,31.83,31.38,5.63,15.36,68.33,0.2,wheat,dormant,2.28,0.0,23.32,14.54,8.31,23.06,Low,Extreme Cold,0.02
2025-11-06,South Fields,40.691,-74.01,4.22,69.57,40.61,7.37,2.5,54.33,6.23,4.77,23.61,35.26,30.45,16.65,12.59,64.69,0.23,soybean,dormant,32.39,1.91,2.46,36.96,18.01,34.73,Low,Acid Rain,0.07
2025-11-07,East Orchard,40.724,-73.965,3.34,45.43,6.72,8.61,1.98,31.65,6.35,5.07,1.0,20.04,30.08,6.5,13.96,37.91,0.15,corn,dormant,0.0,0.0,3.3,5.13,0.52,4.93,Low,Acid Rain,0.01
2025-11-07,Hill Market,40.747,-73.985,4.42,47.5,1.41,11.01,1.89,27.32,6.7,4.78,34.26,25.32,33.8,5.57,15.78,85.4,0.17,soybean,dormant,0.0,0.0,3.54,9.66,24.5,22.93,Low,Air Quality,0.01
2025-11-07,North Valley,40.733,-73.995,4.36,51.77,10.05,5.0,2.16,33.88,6.49,5.46,16.6,35.65,22.53,8.91,15.22,56.1,0.18,rice,dormant,1.74,2.14,1.09,0.0,7.44,8.88,Low,Air Quality,0.0
2025-11-07,River Bend,40.712,-74.02,0.4,64.94,11.24,8.47,2.37,33.52,6.12,4.95,21.51,25.06,32.51,11.13,12.74,50.47,0.2,wheat,dormant,2.98,0.86,4.53,11.81,3.21,9.24,Low,Acid Rain,0.01
2025-11-07,South Fields,40.691,-74.01,3.34,60.49,4.69,12.56,2.19,39.69,6.59,5.56,18.99,34.8,28.29,6.5,16.36,59.51,0.23,corn,dormant,1.06,0.3,2.89,1.05,7.92,5.37,Low,Air Quality,0.0
2025-11-08,East Orchard,40.724,-73.965,-6.32,65.26,22.6,17.54,2.38,42.08,6.06,4.98,19.7,28.6,16.37,7.78,13.04,32.65,0.15,corn,dormant,6.75,2.09,71.85,7.37,4.0,62.27,High,Extreme Cold,0.05
2025-11-08,Hill Market,40.747,-73.985,1.74,44.19,14.96,10.83,2.18,48.37,6.34,4.58,13.44,35.18,32.97,11.12,14.7,78.6,0.17,vegetable,dormant,2.61,0.0,12.9,42.87,12.18,38.91,Moderate,Acid Rain,0.05
2025-11-08,North Valley,40.733,-73.995,7.18,53.6,3.29,6.68,2.17,31.88,6.41,5.38,12.83,30.26,7.18,10.03,17.55,33.3,0.18,wheat,dormant,0.0,0.0,4.21,3.87,5.24,3.74,Low,Air Quality,0.0
2025-11-08,River Bend,40.712,-74.02,2.91,49.54,6.19,7.74,2.3,41.1,6.13,4.94,22.76,19.74,41.43,5.98,15.1,67.61,0.2,corn,dormant,2.25,0.0,5.9,13.79,13.28,8.14,Low,Acid Rain,0.02
2025-11-08,South Fields,40.691,-74.01,8.21,75.91,27.15,16.69,2.8,58.08,6.17,4.83,14.64,35.52,12.79,8.45,13.24,36.58,0.23,corn,dormant,19.9,0.54,0.0,12.68,2.0,21.07,Low,Flood,0.04
2025-11-09,East Orchard,40.724,-73.965,9.16,64.96,3.4,9.5,1.83,34.47,6.68,5.25,11.7,29.66,24.37,10.01,14.81,57.68,0.15,corn,dormant,2.5,5.63,1.33,0.0,8.15,2.4,Low,Air Quality,0.01
2025-11-09,Hill Market,40.747,-73.985,-2.01,46.35,11.27,10.28,2.0,32.81,6.58,4.19,21.05,17.32,37.89,10.89,15.97,76.01,0.17,rice,dormant,2.18,0.0,29.94,79.3,5.64,67.95,High,Acid Rain,0.06
2025-11-09,North Valley,40.733,-73.995,2.11,53.61,25.61,3.92,2.53,67.16,6.11,5.18,18.58,24.73,19.79,11.51,10.14,31.49,0.18,wheat,dormant,9.64,3.45,2.72,5.39,3.55,11.13,Low,Flood,0.02
2025-11-09,River Bend,40.712,-74.02,1.34,62.65,8.15,15.2,2.23,39.76,6.39,5.18,14.25,35.93,24.63,8.88,18.84,49.23,0.2,wheat,dormant,5.15,1.98,13.72,2.67,3.48,18.23,Low,Extreme Cold,0.02
2025-11-09,South Fields,40.691,-74.01,0.14,56.16,14.56,5.24,2.68,31.13,6.51,4.91,34.05,21.36,31.3,13.8,15.22,68.37,0.23,rice,dormant,4.38,0.0,11.23,7.81,11.38,9.99,Low,Air Quality,0.01
2025-11-10,East Orchard,40.724,-73.965,2.2,54.25,7.43,10.15,1.86,40.38,6.0,5.63,10.48,50.07,32.58,14.32,11.94,62.62,0.15,corn,dormant,0.0,1.57,6.41,0.42,6.57,3.76,Low,Air Quality,0.01
2025-11-10,Hill Market,40.747,-73.985,4.75,60.76,4.55,1.99,1.94,28.83,6.46,4.89,17.32,22.02,35.79,5.67,18.63,62.82,0.17,corn,dormant,0.0,0.17,5.3,9.76,7.99,9.45,Low,Acid Rain,0.01
2025-11-10,North Valley,40.733,-73.995,2.4,58.95,2.45,6.37,2.01,38.24,6.31,5.09,26.65,42.21,29.71,11.26,15.82,64.37,0.18,soybean,dormant,0.0,0.92,0.67,1.37,13.18,12.99,Low,Air Quality,0.0
2025-11-10,River Bend,40.712,-74.02,4.77,61.14,14.53,29.5,2.55,54.1,5.92,4.77,16.49,26.66,31.79,11.28,10.16,69.44,0.2,wheat,dormant,4.88,1.34,2.58,19.26,8.77,19.15,Low,Acid Rain,0.02
2025-11-10,South Fields,40.691,-74.01,2.3,51.06,8.1,10.23,1.92,42.3,6.65,4.79,18.86,32.05,17.77,8.09,17.71,49.61,0.23,soybean,dormant,0.0,0.0,4.37,12.97,7.2,10.04,Low,Acid Rain,0.01
2025-11-11,East Orchard,40.724,-73.965,4.72,63.37,6.79,6.0,2.33,29.43,6.12,5.39,14.33,16.95,25.53,7.67,13.3,53.45,0.15,corn,dormant,5.3,0.29,0.0,0.67,3.2,4.14,Low,Flood,0.01
2025-11-11,Hill Market,40.747,-73.985,-3.57,70.5,11.06,10.73,1.78,34.06,6.68,4.24,25.56,28.94,29.39,9.77,18.2,72.84,0.17,corn,dormant,6.37,0.38,39.95,65.66,13.96,59.59,High,Acid Rain,0.08
2025-11-11,North Valley,40.733,-73.995,-1.2,70.7,52.47,15.48,2.98,63.11,5.85,4.42,14.44,37.97,32.35,12.77,16.02,70.81,0.18,wheat,dormant,65.19,2.62,24.25,83.89,8.91,76.24,Severe,Acid Rain,0.15
2025-11-11,River Bend,40.712,-74.02,1.42,39.37,6.21,9.13,2.47,41.34,6.1,5.16,27.05,34.18,31.38,7.38,13.17,68.84,0.2,corn,dormant,0.0,0.0,8.13,3.2,18.68,17.65,Low,Air Quality,0.01
2025-11-11,South Fields,40.691,-74.01,2.9,63.19,11.64,20.46,2.27,40.43,6.83,5.59,17.89,21.74,29.18,9.14,13.23,61.31,0.23,wheat,dormant,2.46,2.57,6.38,0.0,9.31,5.56,Low,Air Quality,0.01
2025-11-12,East Orchard,40.724,-73.965,-4.72,43.7,9.89,13.63,2.1,30.7,6.07,5.32,10.09,32.66,32.34,8.26,12.96,48.41,0.15,corn,dormant,10.19,2.69,60.48,0.16,8.22,52.47,Moderate,Extreme Cold,0.05
2025-11-12,Hill Market,40.747,-73.985,0.79,68.64,17.81,34.48,2.2,37.71,5.91,4.37,18.0,21.9,28.5,9.28,13.93,60.08,0.17,corn,dormant,3.74,0.66,11.26,64.88,2.16,60.91,High,Acid Rain,0.06
2025-11-12,North Valley,40.733,-73.995,8.96,62.47,38.14,7.4,2.84,58.15,5.86,5.09,22.52,33.65,41.56,15.56,14.98,77.03,0.18,corn,dormant,32.39,0.0,0.0,16.91,10.26,29.88,Low,Flood,0.06
2025-11-12,River Bend,40.712,-74.02,4.39,52.59,5.53,23.29,2.26,17.96,6.27,5.15,30.53,39.79,33.02,11.13,14.4,72.22,0.2,vegetable,dormant,2.88,2.85,8.05,0.0,22.9,20.16,Low,Air Quality,0.01
2025-11-12,South Fields,40.691,-74.01,7.2,60.73,11.82,13.61,2.27,22.18,6.5,5.25,8.22,30.98,24.37,11.81,13.5,52.6,0.23,vegetable,dormant,2.37,1.61,0.0,4.23,0.68,1.92,Low,Acid Rain,0.01
2025-11-13,East Orchard,40.724,-73.965,2.5,57.66,8.27,17.91,1.9,33.13,6.15,5.09,1.0,17.15,28.96,5.91,15.27,43.77,0.15,vegetable,dormant,0.0,2.1,3.18,3.39,7.86,11.19,Low,Air Quality,0.01
2025-11-13,Hill Market,40.747,-73.985,3.48,36.65,7.21,11.15,2.19,39.96,6.77,4.47,23.6,31.64,21.66,3.6,11.31,54.87,0.17,wheat,dormant,0.0,4.77,1.95,30.7,8.05,31.57,Low,Acid Rain,0.03
2025-11-13,North Valley,40.733,-73.995,4.4,25.07,6.43,13.99,1.79,38.51,6.55,5.61,22.93,23.22,30.76,6.8,15.47,47.9,0.18,wheat,dormant,0.0,0.0,3.93,0.0,8.86,10.65,Low,Air Quality,0.0
2025-11-13,River Bend,40.712,-74.02,7.32,60.72,9.51,4.0,2.79,47.37,6.26,5.31,32.61,37.01,37.27,9.23,17.76,72.45,0.2,wheat,dormant,2.37,0.0,2.94,6.29,24.23,20.79,Low,Air Quality,0.01
2025-11-13,South Fields,40.691,-74.01,7.27,51.79,2.33,19.15,2.01,32.02,6.72,5.63,17.76,42.31,34.0,9.79,14.6,74.61,0.23,corn,dormant,4.08,4.87,2.6,1.85,10.68,6.33,Low,Air Quality,0.01
2025-11-14,East Orchard,40.724,-73.965,1.09,49.5,3.55,12.93,1.91,33.67,6.24,4.99,23.92,28.9,26.01,6.53,16.15,55.88,0.15,soybean,dormant,3.06,0.63,11.26,3.54,9.99,13.18,Low,Extreme Cold,0.01
2025-11-14,Hill Market,40.747,-73.985,-1.65,54.27,5.67,3.62,1.95,45.38,6.66,4.94,30.91,37.9,37.75,6.86,12.62,86.67,0.17,corn,dormant,0.61,0.0,30.19,2.71,24.15,28.82,Low,Extreme Cold,0.02
2025-11-14,North Valley,40.733,-73.995,4.64,67.77,22.49,11.86,2.49,35.58,6.37,4.91,13.93,29.55,18.32,8.1,15.69,42.54,0.18,rice,dormant,4.62,0.63,2.3,8.2,5.78,8.12,Low,Acid Rain,0.01
2025-11-14,River Bend,40.712,-74.02,8.31,100.0,80.38,9.39,4.0,88.15,5.43,4.4,22.84,26.3,28.71,20.26,12.91,48.84,0.2,wheat,dormant,97.24,5.89,0.0,96.35,9.05,88.42,Severe,Flood,0.19
2025-11-14,South Fields,40.691,-74.01,4.76,56.47,8.06,8.01,2.13,34.39,6.59,5.45,25.09,26.09,29.23,10.46,13.61,77.74,0.23,vegetable,dormant,0.0,0.0,3.83,4.82,14.05,11.69,Low,Air Quality,0.01
2025-11-15,East Orchard,40.724,-73.965,-1.01,65.11,6.65,2.17,2.24,25.63,6.24,4.86,9.34,31.46,25.41,6.24,13.17,52.74,0.15,corn,dormant,6.77,0.56,15.63,8.92,5.16,17.38,Low,Extreme Cold,0.03
2025-11-15,Hill Market,40.747,-73.985,-0.4,100.0,86.68,12.3,3.8,88.69,5.9,3.88,23.42,27.36,39.87,23.11,13.4,69.62,0.17,vegetable,dormant,100.0,0.0,17.8,97.25,11.4,88.84,Severe,Flood,0.25
2025-11-15,North Valley,40.733,-73.995,1.91,60.13,6.23,27.58,2.2,34.62,5.89,5.18,11.68,35.15,21.66,5.11,14.13,42.75,0.18,vegetable,dormant,3.54,2.62,11.84,3.29,0.0,10.53,Low,Extreme Cold,0.02
2025-11-15,River Bend,40.712,-74.02,-2.69,43.92,10.49,6.54,2.07,23.47,6.26,4.96,28.08,30.48,40.55,6.65,14.84,56.07,0.2,wheat,dormant,4.32,0.0,35.47,6.14,16.12,32.15,Low,Extreme Cold,0.03
2025-11-15,South Fields,40.691,-74.01,0.48,64.65,10.13,13.86,2.66,33.94,6.41,4.7,22.28,22.59,12.62,8.01,13.67,45.04,0.23,corn,dormant,0.0,0.54,11.7,17.62,7.51,13.24,Low,Acid Rain,0.02
2025-11-16,East Orchard,40.724,-73.965,3.3,69.41,12.31,13.83,2.4,37.87,5.96,5.31,24.45,23.77,33.65,4.57,16.03,52.46,0.15,corn,dormant,5.02,0.0,4.48,0.96,8.5,5.95,Low,Air Quality,0.01
2025-11-16,Hill Market,40.747,-73.985,4.79,49.49,6.71,4.31,1.85,15.75,6.42,4.3,21.94,32.77,55.41,6.97,12.6,90.23,0.17,corn,dormant,0.0,0.0,1.35,74.47,21.31,70.18,High,Acid Rain,0.06
2025-11-16,North Valley,40.733,-73.995,2.86,55.87,6.43,8.28,2.26,36.42,6.16,5.36,12.17,29.18,16.43,0.0,15.62,29.02,0.18,wheat,dormant,0.0,0.0,4.28,1.71,6.8,9.52,Low,Air Quality,0.0
2025-11-16,River Bend,40.712,-74.02,3.99,58.34,12.63,9.86,2.8,19.82,5.89,4.68,31.33,33.94,18.33,5.42,12.64,52.33,0.2,vegetable,dormant,3.66,0.7,1.59,19.52,11.12,13.62,Low,Acid Rain,0.02
2025-11-16,South Fields,40.691,-74.01,11.82,67.43,4.79,11.81,2.16,23.92,6.58,5.07,20.64,41.97,16.65,10.55,13.47,37.84,0.23,soybean,dormant,0.0,7.51,1.74,2.71,6.15,4.42,Low,Extreme Heat,0.01
2025-11-17,East Orchard,40.724,-73.965,-1.21,80.23,15.65,2.74,2.29,31.73,5.91,5.09,20.89,20.32,24.69,3.98,14.09,38.2,0.15,corn,dormant,0.0,4.23,16.0,0.0,7.07,13.43,Low,Extreme Cold,0.01
2025-11-17,Hill Market,40.747,-73.985,-8.18,55.9,5.72,8.84,2.1,24.89,6.67,4.95,22.82,34.12,25.57,5.53,12.57,83.81,0.17,corn,dormant,3.36,6.12,85.05,4.39,9.56,78.42,Severe,Extreme Cold,0.06
2025-11-17,North Valley,40.733,-73.995,6.56,64.36,6.75,7.42,2.14,24.76,6.68,5.32,24.14,28.52,18.55,2.49,16.94,50.66,0.18,vegetable,dormant,3.62,1.55,2.4,0.43,10.24,12.74,Low,Air Quality,0.01
2025-11-17,River Bend,40.712,-74.02,1.32,56.15,5.28,21.77,2.85,35.82,6.4,5.32,16.86,28.33,37.16,4.41,13.52,67.37,0.2,wheat,dormant,1.52,1.29,11.91,0.0,7.95,9.83,Low,Extreme Cold,0.01
2025-11-17,South Fields,40.691,-74.01,3.22,49.7,1.91,7.31,2.02,22.34,6.58,5.21,8.69,29.88,14.76,8.67,15.25,35.49,0.23,corn,dormant,0.48,2.21,4.15,0.0,0.0,7.59,Low,Extreme Cold,0.01
2025-11-18,East Orchard,40.724,-73.965,6.77,63.73,26.26,4.77,2.61,39.14,6.05,5.28,23.38,32.08,32.81,8.32,14.18,55.21,0.15,wheat,dormant,12.65,0.18,0.0,3.41,7.93,9.74,Low,Flood,0.02
2025-11-18,Hill Market,40.747,-73.985,0.19,57.05,6.06,6.75,2.27,34.1,6.45,5.1,20.41,28.34,33.85,13.1,18.52,69.72,0.17,soybean,dormant,0.34,4.4,8.98,5.97,4.73,8.44,Low,Extreme Cold,0.01
2025-11-18,North Valley,40.733,-73.995,9.28,81.64,19.17,12.53,2.39,38.05,6.24,5.12,23.12,14.28,26.63,10.49,13.67,51.0,0.18,vegetable,dormant,8.95,5.27,0.0,6.94,9.85,11.61,Low,Air Quality,0.03
2025-11-18,River Bend,40.712,-74.02,8.17,49.04,16.33,7.98,2.94,37.55,5.86,4.81,20.3,47.71,38.26,14.17,14.76,77.62,0.2,wheat,dormant,2.35,1.09,2.34,23.63,13.36,20.2,Low,Acid Rain,0.02
2025-11-18,South Fields,40.691,-74.01,6.05,44.51,5.28,16.69,2.2,25.07,6.43,5.18,26.43,31.58,25.72,4.9,13.15,43.13,0.23,corn,dormant,1.9,4.22,0.0,0.43,11.03,9.69,Low,Air Quality,0.01
2025-11-19,East Orchard,40.724,-73.965,-8.32,44.36,23.37,10.18,2.34,58.4,5.84,5.1,14.03,36.93,23.35,5.24,12.75,43.17,0.15,soybean,dormant,4.99,0.0,82.52,7.12,8.08,72.63,High,Extreme Cold,0.05
2025-11-19,Hill Market,40.747,-73.985,8.99,66.72,9.59,5.57,2.24,42.17,6.64,4.98,32.38,33.34,35.42,8.85,17.47,85.45,0.17,corn,dormant,1.37,0.0,0.0,6.05,27.54,28.6,Low,Air Quality,0.01
2025-11-19,North Valley,40.733,-73.995,11.66,52.15,12.97,19.03,2.46,41.95,6.52,5.27,20.48,35.21,27.36,8.95,11.51,54.75,0.18,wheat,dormant,3.53,4.92,0.0,4.97,9.92,9.09,Low,Air Quality,0.01
2025-11-19,River Bend,40.712,-74.02,2.17,52.92,15.8,8.81,2.75,30.08,6.19,4.97,26.79,23.78,44.4,7.3,12.18,89.17,0.2,wheat,dormant,5.32,0.98,8.55,12.35,10.09,11.37,Low,Acid Rain,0.02
2025-11-19,South Fields,40.691,-74.01,3.28,53.74,1.65,4.08,2.15,24.81,6.55,5.16,8.77,33.45,23.45,5.12,16.73,57.41,0.23,corn,dormant,3.18,2.71,4.17,0.0,2.38,1.96,Low,Extreme Cold,0.01
2025-11-20,East Orchard,40.724,-73.965,5.32,74.73,7.73,20.12,2.24,38.79,5.84,4.86,13.76,27.08,28.45,8.65,14.19,46.39,0.15,corn,dormant,1.35,0.0,0.71,8.83,7.15,9.39,Low,Acid Rain,0.01
2025-11-20,Hill Market,40.747,-73.985,-3.36,41.18,4.22,16.1,1.83,24.29,6.79,4.87,29.88,38.52,38.56,10.33,15.09,65.59,0.17,corn,dormant,0.0,1.3,41.46,10.97,17.73,36.09,Moderate,Extreme Cold,0.03
2025-11-20,North Valley,40.733,-73.995,9.98,65.24,31.43,10.42,2.75,43.08,5.97,4.71,18.75,48.94,37.77,15.15,15.03,77.59,0.18,wheat,dormant,11.59,2.87,1.59,45.71,12.99,40.61,Moderate,Acid Rain,0.05
2025-11-20,River Bend,40.712,-74.02,-6.27,64.22,14.48,22.29,2.14,32.62,5.77,4.68,23.64,25.54,25.1,9.43,14.65,57.0,0.2,wheat,dormant,3.37,1.42,75.39,28.11,9.75,71.37,High,Extreme Cold,0.06
2025-11-20,South Fields,40.691,-74.01,-4.56,59.57,6.47,9.06,2.37,26.65,6.65,5.21,24.02,45.56,21.35,8.8,13.7,43.76,0.23,rice,dormant,0.0,0.0,49.14,1.17,7.74,42.0,Moderate,Extreme Cold,0.02
2025-11-21,East Orchard,40.724,-73.965,-0.75,65.96,18.91,10.96,2.49,34.93,6.13,5.15,1.0,29.01,24.32,7.5,13.93,39.66,0.15,corn,dormant,3.45,0.0,19.62,4.05,1.75,20.66,Low,Extreme Cold,0.02
2025-11-21,Hill Market,40.747,-73.985,0.26,50.01,5.94,15.37,1.99,34.56,6.53,4.78,26.75,43.41,39.52,15.48,12.59,88.47,0.17,corn,dormant,0.0,1.63,10.04,12.41,18.91,16.95,Low,Air Quality,0.02
2025-11-21,North Valley,40.733,-73.995,0.41,63.84,6.51,12.57,2.34,24.7,6.37,5.38,15.32,36.03,30.44,8.66,16.85,66.94,0.18,wheat,dormant,0.0,2.11,5.1,0.0,9.41,12.25,Low,Air Quality,0.0
2025-11-21,River Bend,40.712,-74.02,-1.88,68.55,12.67,25.0,2.6,33.94,5.96,4.94,23.75,27.16,32.91,14.79,14.16,52.31,0.2,wheat,dormant,4.86,0.0,32.14,11.36,17.48,30.1,Low,Extreme Cold,0.03
2025-11-21,South Fields,40.691,-74.01,1.4,75.86,10.42,4.44,2.4,46.36,6.38,5.14,15.48,34.1,30.67,5.7,16.58,51.39,0.23,corn,dormant,0.24,0.0,4.48,4.95,5.39,3.8,Low,Air Quality,0.01
2025-11-22,East Orchard,40.724,-73.965,-1.75,71.56,18.19,17.08,2.16,30.33,5.98,5.5,20.12,42.31,31.26,15.33,13.41,54.89,0.15,corn,dormant,4.12,0.0,26.08,2.62,6.98,22.66,Low,Extreme Cold,0.02
2025-11-22,Hill Market,40.747,-73.985,-1.14,95.72,37.32,8.37,3.0,42.73,6.2,4.44,12.52,25.67,27.79,14.22,13.18,48.74,0.17,wheat,dormant,19.32,0.0,19.4,69.7,1.69,59.13,High,Acid Rain,0.08
2025-11-22,North Valley,40.733,-73.995,6.48,57.69,11.89,9.94,2.25,44.03,6.12,5.31,11.01,34.16,36.38,6.92,15.09,39.46,0.18,wheat,dormant,0.0,0.41,0.0,0.0,7.5,9.11,Low,Air Quality,0.0
2025-11-22,River Bend,40.712,-74.02,-2.98,40.52,7.38,3.71,2.82,35.66,6.3,5.29,19.16,25.76,25.97,0.0,17.23,59.42,0.2,wheat,dormant,4.43,0.0,29.85,0.0,6.01,22.1,Low,Extreme Cold,0.02
2025-11-22,South Fields,40.691,-74.01,5.05,70.29,11.47,17.67,2.3,44.97,6.51,5.12,22.65,15.46,29.65,7.25,14.86,41.13,0.23,corn,dormant,2.25,0.0,4.11,0.0,9.1,4.38,Low,Air Quality,0.01
2025-11-23,East Orchard,40.724,-73.965,5.12,45.32,17.1,17.82,2.02,40.68,5.97,5.31,31.34,35.75,29.29,3.93,14.27,60.74,0.15,corn,dormant,2.91,2.97,1.25,3.22,15.44,13.75,Low,Air Quality,0.01
2025-11-23,Hill Market,40.747,-73.985,8.63,65.21,17.58,10.13,2.47,38.81,6.25,4.65,10.75,30.94,21.11,12.35,15.72,38.76,0.17,wheat,dormant,0.0,0.0,1.7,22.29,4.45,19.47,Low,Acid Rain,0.02
2025-11-23,North Valley,40.733,-73.995,4.98,79.11,30.79,3.79,2.75,31.64,6.15,5.02,20.34,40.55,27.88,5.56,13.3,51.47,0.18,wheat,dormant,8.43,4.07,0.25,8.09,9.04,11.21,Low,Air Quality,0.02
2025-11-23,River Bend,40.712,-74.02,-2.03,100.0,78.54,17.05,4.02,64.71,5.5,4.04,23.77,36.42,29.15,15.45,12.59,63.7,0.2,wheat,dormant,100.0,4.31,32.07,95.9,15.11,89.74,Severe,Flood,0.21
2025-11-23,South Fields,40.691,-74.01,5.06,40.19,2.83,10.8,2.34,32.44,6.59,5.49,20.05,27.54,28.31,11.65,16.37,65.45,0.23,vegetable,dormant,0.1,0.0,3.86,0.0,4.47,3.77,Low,Air Quality,0.0
2025-11-24,East Orchard,40.724,-73.965,3.71,64.88,14.97,7.58,2.32,46.3,5.8,5.6,21.08,18.68,21.57,10.47,14.78,52.65,0.15,vegetable,dormant,0.0,0.0,3.98,0.0,5.92,9.97,Low,Air Quality,0.0
2025-11-24,Hill Market,40.747,-73.985,-1.2,57.4,10.67,5.21,2.28,41.18,6.56,5.17,33.9,37.54,36.8,2.08,13.37,90.09,0.17,soybean,dormant,0.76,2.16,22.81,4.16,27.29,26.36,Low,Air Quality,0.02
2025-11-24,North Valley,40.733,-73.995,1.6,37.6,6.54,1.17,2.31,26.89,6.28,5.35,18.35,35.03,25.95,10.09,13.03,54.14,0.18,soybean,dormant,4.27,0.0,10.73,5.24,9.07,8.23,Low,Extreme Cold,0.01
2025-11-24,River Bend,40.712,-74.02,-2.38,52.74,18.77,21.61,3.1,42.32,5.99,5.05,16.63,37.45,34.5,5.39,11.14,65.74,0.2,vegetable,dormant,12.49,2.64,36.75,1.15,6.62,33.24,Low,Extreme Cold,0.04
2025-11-24,South Fields,40.691,-74.01,3.97,52.85,4.04,11.07,2.57,25.35,6.52,5.1,19.6,31.58,28.68,11.12,16.39,73.42,0.23,corn,dormant,0.0,2.62,7.59,2.63,8.29,12.95,Low,Air Quality,0.01
2025-11-25,East Orchard,40.724,-73.965,1.48,67.49,5.77,8.52,2.18,54.28,6.21,5.27,23.42,47.02,30.51,4.74,15.75,53.12,0.15,corn,dormant,0.0,8.48,7.66,1.36,12.76,11.64,Low,Air Quality,0.01
2025-11-25,Hill Market,40.747,-73.985,4.97,57.43,2.66,12.87,1.97,41.22,6.94,5.0,24.35,37.21,40.36,8.48,15.68,79.49,0.17,corn,dormant,0.0,4.03,0.69,9.98,18.56,16.18,Low,Air Quality,0.01
2025-11-25,North Valley,40.733,-73.995,1.2,60.04,1.7,15.11,1.93,38.1,6.64,5.25,25.44,45.69,46.04,11.04,12.99,80.65,0.18,wheat,dormant,5.57,0.0,11.57,0.0,19.04,15.72,Low,Air Quality,0.01
2025-11-25,River Bend,40.712,-74.02,1.95,35.04,6.13,5.17,2.21,43.44,6.49,4.84,22.34,32.15,32.55,14.87,13.98,74.09,0.2,wheat,dormant,2.97,0.0,2.0,8.87,10.45,8.1,Low,Air Quality,0.01
2025-11-25,South Fields,40.691,-74.01,1.46,70.76,13.33,11.89,2.45,51.55,6.25,5.68,24.02,26.91,32.87,9.33,15.25,59.58,0.23,soybean,dormant,2.79,0.0,6.19,2.04,14.48,11.16,Low,Air Quality,0.01
2025-11-26,East Orchard,40.724,-73.965,3.46,84.11,56.8,29.35,3.11,68.55,5.78,4.93,14.09,33.27,27.72,8.74,11.97,57.66,0.15,wheat,dormant,68.15,0.0,0.69,26.65,9.6,59.67,High,Flood,0.1
2025-11-26,Hill Market,40.747,-73.985,8.23,36.35,1.01,7.49,2.04,29.09,6.79,5.25,22.16,32.31,39.18,9.83,15.42,79.12,0.17,corn,dormant,0.0,0.0,0.0,4.51,14.32,10.29,Low,Air Quality,0.0
2025-11-26,North Valley,40.733,-73.995,9.24,57.78,12.79,20.06,2.67,24.2,6.13,5.34,9.5,44.81,25.27,8.81,14.94,51.36,0.18,corn,dormant,0.0,4.61,4.95,2.32,8.54,7.15,Low,Air Quality,0.01
2025-11-26,River Bend,40.712,-74.02,0.0,74.82,5.9,2.7,2.47,40.28,6.34,5.07,21.7,31.11,32.71,8.31,17.02,73.12,0.2,corn,dormant,0.0,0.0,8.29,4.86,6.63,10.16,Low,Extreme Cold,0.01
2025-11-26,South Fields,40.691,-74.01,-3.69,67.29,10.81,31.72,2.15,14.41,6.62,5.07,28.72,36.38,32.65,7.53,10.9,74.45,0.23,rice,dormant,0.0,4.66,55.3,2.35,17.17,47.46,Moderate,Extreme Cold,0.03
2025-11-27,East Orchard,40.724,-73.965,4.48,100.0,86.27,23.76,3.67,81.5,5.42,4.59,20.86,30.33,20.96,18.75,11.68,42.52,0.15,corn,dormant,93.47,2.27,2.12,87.86,8.45,86.85,Severe,Flood,0.21
2025-11-27,Hill Market,40.747,-73.985,2.34,48.72,13.19,10.1,2.32,36.95,6.59,4.51,20.78,20.55,38.94,12.55,15.43,84.61,0.17,rice,dormant,8.99,2.25,7.05,49.29,10.15,44.3,Moderate,Acid Rain,0.04
2025-11-27,North Valley,40.733,-73.995,2.58,57.3,7.62,28.99,2.08,19.54,6.57,5.26,19.38,32.48,23.21,4.08,16.19,45.66,0.18,wheat,dormant,0.0,0.0,7.6,0.0,3.05,6.81,Low,Extreme Cold,0.0
2025-11-27,River Bend,40.712,-74.02,3.08,64.35,10.41,5.02,2.42,27.06,6.01,4.66,10.27,28.4,15.67,6.98,19.02,59.42,0.2,corn,dormant,1.72,0.0,0.06,15.6,2.17,13.97,Low,Acid Rain,0.01
2025-11-27,South Fields,40.691,-74.01,3.32,37.28,5.08,9.52,2.24,31.21,6.86,5.18,14.85,45.86,31.23,4.6,11.62,48.56,0.23,rice,dormant,0.0,3.28,0.0,0.0,6.53,8.78,Low,Air Quality,0.0
2025-11-28,East Orchard,40.724,-73.965,-5.27,51.65,0.37,10.91,1.89,44.6,6.3,5.26,18.6,35.64,24.07,11.22,14.16,49.7,0.15,vegetable,dormant,0.0,0.0,56.93,0.0,8.21,52.15,Moderate,Extreme Cold,0.03
2025-11-28,Hill Market,40.747,-73.985,6.85,62.55,4.09,32.68,1.97,33.94,6.47,4.86,35.32,26.22,39.74,13.4,14.1,92.78,0.17,corn,dormant,5.04,2.44,2.06,13.7,24.07,23.6,Low,Air Quality,0.02
2025-11-28,North Valley,40.733,-73.995,2.0,77.23,3.49,2.31,2.32,43.04,6.71,5.62,9.71,29.93,20.66,6.78,14.88,40.38,0.18,rice,dormant,0.0,0.0,4.23,0.0,6.05,4.8,Low,Air Quality,0.0
2025-11-28,River Bend,40.712,-74.02,1.04,62.57,40.07,8.42,3.55,49.8,6.0,5.23,36.68,33.71,30.81,12.68,13.94,61.63,0.2,wheat,dormant,49.61,1.54,10.55,4.27,22.13,41.22,Moderate,Flood,0.07
2025-11-28,South Fields,40.691,-74.01,5.52,66.95,8.35,24.9,2.6,21.99,6.31,5.65,19.79,30.88,24.12,6.9,15.42,65.86,0.23,wheat,dormant,0.0,3.35,4.73,0.0,6.41,1.71,Low,Air Quality,0.01
2025-11-29,East Orchard,40.724,-73.965,-1.28,61.36,5.72,12.2,2.47,38.38,5.96,5.63,17.19,27.96,13.95,5.97,15.65,24.88,0.15,corn,dormant,0.0,0.0,23.51,0.0,7.23,19.39,Low,Extreme Cold,0.01
2025-11-29,Hill Market,40.747,-73.985,6.25,56.22,4.95,3.24,2.02,23.51,6.74,5.05,35.66,24.21,32.69,11.09,15.93,86.24,0.17,corn,dormant,0.0,0.0,0.0,1.83,21.7,20.62,Low,Air Quality,0.0
2025-11-29,North Valley,40.733,-73.995,-1.69,43.12,11.17,6.26,2.03,41.95,6.2,4.99,19.74,35.07,21.49,8.44,14.74,34.73,0.18,soybean,dormant,0.0,0.0,21.86,5.11,5.42,22.71,Low,Extreme Cold,0.01
2025-11-29,River Bend,40.712,-74.02,0.61,33.89,3.1,11.48,2.38,32.56,6.19,5.4,25.39,29.36,31.1,3.34,17.9,39.37,0.2,soybean,dormant,0.0,0.45,11.72,0.0,15.47,15.8,Low,Air Quality,0.01
2025-11-29,South Fields,40.691,-74.01,2.35,48.09,6.77,5.91,2.75,40.06,6.43,5.1,26.55,30.45,30.97,5.86,14.01,52.63,0.23,wheat,dormant,1.39,3.44,5.74,0.51,4.78,9.51,Low,Extreme Cold,0.01
2025-11-30,East Orchard,40.724,-73.965,-10.89,82.15,12.3,5.13,2.24,39.82,5.92,5.34,13.8,38.87,25.53,5.8,12.48,53.58,0.15,soybean,dormant,0.0,2.16,92.37,3.44,5.83,80.11,Severe,Extreme Cold,0.05
2025-11-30,Hill Market,40.747,-73.985,1.85,61.38,7.08,20.04,2.39,42.09,6.59,4.8,14.59,29.14,29.41,15.02,14.27,72.94,0.17,corn,dormant,2.95,0.0,0.0,11.47,6.65,11.41,Low,Acid Rain,0.01
2025-11-30,North Valley,40.733,-73.995,0.11,74.16,19.52,8.71,2.78,49.98,5.85,5.45,23.52,32.0,18.9,8.33,10.99,30.12,0.18,wheat,dormant,3.23,5.72,11.75,7.18,6.7,13.28,Low,Extreme Cold,0.02
2025-11-30,River Bend,40.712,-74.02,-7.13,58.21,4.88,10.82,2.24,36.37,6.17,4.89,11.72,41.37,30.11,6.67,15.11,40.61,0.2,wheat,dormant,0.0,0.0,75.27,5.0,1.5,60.72,High,Extreme Cold,0.04
2025-11-30,South Fields,40.691,-74.01,-2.72,64.77,6.73,24.99,2.36,37.05,6.85,5.02,25.19,42.69,25.25,8.27,11.59,65.08,0.23,wheat,dormant,0.0,1.81,43.18,1.49,17.06,41.43,Moderate,Extreme Cold,0.02
2025-12-01,East Orchard,40.724,-73.965,5.2,40.91,3.21,11.0,1.74,42.47,6.09,5.32,13.99,23.78,12.29,7.38,17.35,31.07,0.15,rice,dormant,0.5,0.0,0.7,1.84,1.87,2.87,Low,Air Quality,0.0
2025-12-01,Hill Market,40.747,-73.985,9.9,67.41,14.98,20.98,1.92,55.34,6.52,4.64,40.08,30.18,37.9,7.9,11.21,86.35,0.17,corn,dormant,1.02,3.14,2.3,26.45,31.48,29.2,Low,Air Quality,0.03
2025-12-01,North Valley,40.733,-73.995,8.42,45.09,7.56,11.23,2.09,31.32,6.41,5.27,26.6,29.25,31.48,6.1,13.8,48.46,0.18,soybean,dormant,0.45,7.72,0.0,5.82,11.0,9.55,Low,Air Quality,0.01
2025-12-01,River Bend,40.712,-74.02,-1.31,59.53,12.58,5.13,2.53,46.09,6.14,4.55,23.59,40.33,37.47,11.46,12.91,76.76,0.2,wheat,dormant,4.44,0.0,22.03,47.14,12.35,44.0,Moderate,Acid Rain,0.05
2025-12-01,South Fields,40.691,-74.01,-1.15,49.89,8.77,7.32,1.73,39.45,6.22,4.76,36.1,43.08,41.82,15.04,14.34,88.17,0.23,rice,dormant,2.08,5.03,20.87,25.97,31.8,29.94,Low,Air Quality,0.03
2025-12-02,East Orchard,40.724,-73.965,-4.66,44.71,0.78,16.4,1.73,11.35,6.31,5.27,32.14,34.95,33.96,7.24,9.25,58.41,0.15,corn,dormant,0.0,0.0,54.8,0.0,23.66,48.02,Moderate,Extreme Cold,0.03
2025-12-02,Hill Market,40.747,-73.985,2.72,57.31,11.0,26.12,1.93,42.83,6.54,4.15,27.85,41.88,38.37,9.29,11.94,75.85,0.17,corn,dormant,3.28,0.0,9.74,85.17,22.34,80.7,Severe,Acid Rain,0.08
2025-12-02,North Valley,40.733,-73.995,-0.49,54.71,17.95,11.34,1.99,47.51,6.06,5.27,7.27,27.58,33.35,7.6,17.15,62.06,0.18,wheat,dormant,4.02,1.14,14.86,2.28,1.23,11.25,Low,Extreme Cold,0.01
2025-12-02,River Bend,40.712,-74.02,-0.28,45.14,7.17,6.31,2.29,29.04,6.46,5.33,12.52,38.5,30.68,3.46,16.54,68.19,0.2,vegetable,dormant,0.0,0.0,19.56,0.0,4.33,17.36,Low,Extreme Cold,0.01
2025-12-02,South Fields,40.691,-74.01,4.6,57.99,14.73,11.71,2.28,39.02,6.45,4.8,23.62,14.31,31.05,8.76,14.9,70.37,0.23,vegetable,dormant,1.34,0.93,2.62,17.95,10.68,11.66,Low,Acid Rain,0.02
2025-12-03,East Orchard,40.724,-73.965,-5.88,41.0,12.3,4.71,2.11,34.73,6.12,5.05,13.29,36.76,39.88,10.11,17.53,62.82,0.15,corn,dormant,3.1,0.0,67.4,12.17,11.16,57.75,High,Extreme Cold,0.05
2025-12-03,Hill Market,40.747,-73.985,0.15,75.03,8.89,6.56,1.44,22.28,6.38,4.3,28.67,34.01,33.61,12.33,13.05,93.1,0.17,corn,dormant,1.47,0.0,9.85,62.86,20.67,58.41,High,Acid Rain,0.06
2025-12-03,North Valley,40.733,-73.995,3.51,57.24,19.76,11.12,2.24,42.8,6.35,4.99,23.1,29.44,30.84,5.99,14.68,49.64,0.18,wheat,dormant,8.07,0.0,0.76,6.69,8.54,8.91,Low,Air Quality,0.02
2025-12-03,River Bend,40.712,-74.02,3.51,37.36,3.84,20.85,1.94,39.2,6.31,5.37,19.61,29.38,30.53,8.94,16.58,77.43,0.2,wheat,dormant,2.2,0.0,4.48,1.03,5.76,4.9,Low,Air Quality,0.01
2025-12-03,South Fields,40.691,-74.01,5.76,58.45,10.61,10.15,2.25,48.18,6.7,4.89,25.73,43.82,36.0,11.43,15.15,78.04,0.23,vegetable,dormant,8.65,2.48,4.27,10.95,17.9,21.27,Low,Air Quality,0.03
2025-12-04,East Orchard,40.724,-73.965,-5.09,80.0,12.95,31.13,1.96,42.99,5.9,5.24,20.57,33.05,24.12,6.04,15.46,52.97,0.15,corn,dormant,0.27,1.9,62.83,4.9,4.18,53.95,Moderate,Extreme Cold,0.04
2025-12-04,Hill Market,40.747,-73.985,-1.04,61.61,8.13,4.34,1.58,29.07,6.66,4.93,27.93,37.87,42.56,5.98,15.2,87.79,0.17,corn,dormant,3.72,0.02,19.82,8.35,16.56,17.18,Low,Extreme Cold,0.02
2025-12-04,North Valley,40.733,-73.995,3.31,59.76,3.65,13.25,1.65,26.49,6.55,5.63,24.48,32.38,27.34,9.02,17.37,42.45,0.18,wheat,dormant,3.81,2.26,2.98,0.0,14.59,10.57,Low,Air Quality,0.01
2025-12-04,River Bend,40.712,-74.02,-2.85,50.14,8.08,18.71,2.15,22.35,6.28,5.09,32.83,28.72,23.2,3.24,12.57,70.95,0.2,wheat,dormant,2.48,0.0,39.32,1.87,14.06,37.33,Moderate,Extreme Cold,0.02
2025-12-04,South Fields,40.691,-74.01,-1.88,59.13,7.35,19.28,2.14,43.04,6.61,5.11,10.3,26.41,27.75,7.72,16.79,47.07,0.23,corn,dormant,0.0,3.67,30.09,5.72,4.85,28.17,Low,Extreme Cold,0.02
2025-12-05,East Orchard,40.724,-73.965,0.48,62.08,9.08,12.18,1.98,41.32,6.31,5.44,15.03,29.71,24.19,6.78,11.34,47.08,0.15,vegetable,dormant,2.87,3.02,13.67,0.0,11.18,8.78,Low,Extreme Cold,0.02
2025-12-05,Hill Market,40.747,-73.985,3.26,40.74,7.59,3.89,1.46,39.79,6.55,4.84,30.37,40.73,42.3,13.25,12.26,94.95,0.17,corn,dormant,0.0,6.62,4.02,17.04,25.99,21.48,Low,Air Quality,0.02
2025-12-05,North Valley,40.733,-73.995,9.07,60.05,11.85,6.64,1.94,39.6,6.31,5.28,17.64,36.46,22.13,5.04,16.68,37.89,0.18,wheat,dormant,2.7,1.48,0.0,0.85,1.85,6.48,Low,Flood,0.01
2025-12-05,River Bend,40.712,-74.02,-7.79,75.88,6.27,13.29,2.39,44.53,6.22,4.75,26.75,25.66,22.83,9.16,15.25,54.6,0.2,wheat,dormant,0.67,0.0,87.26,12.96,7.01,75.15,Severe,Extreme Cold,0.05
2025-12-05,South Fields,40.691,-74.01,5.03,55.69,11.66,14.48,2.27,32.04,6.74,5.07,11.27,26.63,26.76,10.19,12.71,60.15,0.23,rice,dormant,1.92,0.0,3.76,11.45,7.86,10.69,Low,Acid Rain,0.01
2025-12-06,East Orchard,40.724,-73.965,-3.25,56.64,2.23,22.74,1.93,36.4,6.16,5.0,19.1,30.89,13.95,0.0,13.71,21.83,0.15,rice,dormant,0.79,0.0,46.63,2.45,2.54,38.83,Moderate,Extreme Cold,0.02
2025-12-06,Hill Market,40.747,-73.985,-2.89,53.82,9.29,8.99,1.89,42.34,6.57,5.16,32.36,39.16,43.91,9.74,14.0,86.49,0.17,corn,dormant,0.33,0.0,29.7,3.9,27.27,26.64,Low,Extreme Cold,0.02
2025-12-06,North Valley,40.733,-73.995,3.27,47.53,4.37,3.85,1.7,43.07,6.39,5.21,20.99,23.95,18.76,10.25,10.87,44.89,0.18,wheat,dormant,3.61,2.38,4.0,1.18,5.9,7.41,Low,Air Quality,0.01
2025-12-06,River Bend,40.712,-74.02,4.46,75.16,10.38,7.09,2.24,23.41,6.51,5.18,29.25,33.39,35.71,3.99,15.8,53.94,0.2,rice,dormant,0.62,0.0,0.0,3.85,11.73,8.43,Low,Air Quality,0.0
2025-12-06,South Fields,40.691,-74.01,5.62,100.0,72.29,12.76,3.5,73.16,5.78,4.65,24.06,27.89,21.34,20.79,14.6,43.65,0.23,corn,dormant,96.38,4.2,0.35,71.37,0.0,87.42,Severe,Flood,0.2
2025-12-07,East Orchard,40.724,-73.965,2.68,41.11,4.53,12.65,1.72,14.11,6.28,5.84,10.06,33.48,15.34,1.66,15.5,22.91,0.15,corn,dormant,0.0,1.6,0.09,5.45,2.64,7.81,Low,Acid Rain,0.01
2025-12-07,Hill Market,40.747,-73.985,-4.85,63.06,21.05,14.23,1.67,42.83,6.55,4.52,24.03,42.52,38.53,10.93,12.6,74.61,0.17,corn,dormant,1.68,0.0,56.23,48.28,17.25,51.94,Moderate,Extreme Cold,0.07
2025-12-07,North Valley,40.733,-73.995,4.36,47.18,10.4,15.37,2.41,27.73,6.55,4.98,15.32,23.76,25.7,6.79,14.09,43.32,0.18,corn,dormant,0.0,0.0,7.26,7.87,7.8,3.35,Low,Acid Rain,0.01
2025-12-07,River Bend,40.712,-74.02,-5.69,35.27,6.43,7.49,2.21,37.05,6.3,4.98,21.54,29.16,25.33,5.57,17.5,58.33,0.2,wheat,dormant,5.12,0.0,59.03,4.68,5.19,50.1,Moderate,Extreme Cold,0.04
2025-12-07,South Fields,40.691,-74.01,0.89,69.93,14.97,14.22,2.11,42.95,6.6,5.08,16.9,37.27,25.14,9.21,16.28,50.09,0.23,soybean,dormant,4.95,0.0,13.65,7.41,13.59,15.93,Low,Extreme Cold,0.02
2025-12-08,East Orchard,40.724,-73.965,-5.22,39.06,2.72,8.36,1.95,44.03,6.36,5.43,13.9,42.28,35.31,5.15,14.83,55.17,0.15,corn,dormant,0.0,0.21,62.66,0.0,6.82,56.68,High,Extreme Cold,0.03
2025-12-08,Hill Market,40.747,-73.985,3.32,41.19,3.19,8.34,1.83,26.18,6.47,4.36,24.77,40.51,37.41,8.58,13.7,80.02,0.17,rice,dormant,0.0,0.92,1.01,59.55,14.13,47.69,Moderate,Acid Rain,0.04
2025-12-08,North Valley,40.733,-73.995,7.55,62.61,8.54,4.53,1.82,63.23,6.22,5.32,17.36,26.99,17.53,6.42,15.0,28.96,0.18,soybean,dormant,0.87,0.0,0.0,0.0,0.0,2.36,Low,Flood,0.0
2025-12-08,River Bend,40.712,-74.02,3.21,74.53,7.96,14.61,2.2,26.5,6.11,4.79,21.48,34.39,27.13,11.55,15.15,67.9,0.2,soybean,dormant,2.17,0.0,0.38,18.38,8.41,14.04,Low,Acid Rain,0.02
2025-12-08,South Fields,40.691,-74.01,7.01,53.85,10.54,18.93,2.07,16.71,6.36,5.25,21.02,33.65,25.98,5.95,13.79,58.8,0.23,rice,dormant,4.36,0.0,1.18,1.78,11.18,11.5,Low,Air Quality,0.01
2025-12-09,East Orchard,40.724,-73.965,0.23,66.74,28.67,22.33,2.82,19.87,5.7,5.28,19.7,31.06,33.76,5.34,13.63,67.9,0.15,corn,dormant,5.76,0.12,18.7,8.68,7.46,17.1,Low,Extreme Cold,0.02
2025-12-09,Hill Market,40.747,-73.985,4.67,59.18,7.34,17.68,2.06,31.14,6.57,4.95,20.39,38.08,38.29,8.42,14.38,96.04,0.17,corn,dormant,0.49,0.0,0.48,5.63,11.43,13.04,Low,Air Quality,0.01
2025-12-09,North Valley,40.733,-73.995,1.37,82.23,3.87,14.4,1.89,17.54,6.52,5.49,23.67,16.7,27.96,14.8,15.81,74.88,0.18,corn,dormant,0.0,6.37,7.88,0.0,4.17,4.43,Low,Extreme Cold,0.01
2025-12-09,River Bend,40.712,-74.02,0.91,49.65,3.65,3.12,2.0,30.66,6.25,5.25,22.08,32.05,32.02,6.22,17.63,58.75,0.2,soybean,dormant,4.2,0.0,13.31,0.0,11.44,16.19,Low,Extreme Cold,0.01
2025-12-09,South Fields,40.691,-74.01,0.88,64.55,12.63,9.05,2.12,20.17,6.43,5.5,33.03,30.88,29.28,10.83,15.27,73.14,0.23,rice,dormant,4.74,3.27,16.09,0.0,21.75,19.56,Low,Air Quality,0.01
2025-12-10,East Orchard,40.724,-73.965,-1.82,53.45,13.55,7.87,1.82,38.29,6.27,5.4,11.25,40.05,34.12,8.09,13.17,70.48,0.15,vegetable,dormant,0.0,0.0,27.05,4.5,4.58,25.8,Low,Extreme Cold,0.02
2025-12-10,Hill Market,40.747,-73.985,0.83,54.52,11.84,17.03,1.76,41.59,6.53,4.55,35.12,33.49,37.01,13.56,13.29,81.1,0.17,corn,dormant,0.1,0.0,20.63,39.66,24.43,39.08,Moderate,Acid Rain,0.04
2025-12-10,North Valley,40.733,-73.995,3.2,73.7,4.89,5.49,1.72,45.94,6.7,5.34,15.9,34.45,23.9,9.54,17.95,61.85,0.18,corn,dormant,3.16,3.27,1.96,0.0,11.24,7.51,Low,Air Quality,0.01
2025-12-10,River Bend,40.712,-74.02,1.3,55.85,7.31,10.34,2.3,25.82,5.95,4.7,23.15,28.21,23.95,16.0,13.58,60.69,0.2,wheat,dormant,1.22,0.0,10.86,21.01,9.37,16.29,Low,Acid Rain,0.02
2025-12-10,South Fields,40.691,-74.01,5.35,65.77,14.37,31.5,2.29,38.78,6.36,4.97,16.14,31.87,30.61,8.9,15.3,75.89,0.23,corn,dormant,0.0,0.0,1.0,14.27,8.84,10.26,Low,Acid Rain,0.01
2025-12-11,East Orchard,40.724,-73.965,2.8,49.81,3.87,20.65,1.65,29.4,6.0,5.64,8.87,41.0,31.32,7.68,17.67,50.07,0.15,corn,dormant,0.0,0.83,2.02,0.0,4.07,4.14,Low,Air Quality,0.0
2025-12-11,Hill Market,40.747,-73.985,-3.59,67.47,5.8,10.89,1.82,47.09,7.09,4.97,30.48,48.11,43.91,8.56,16.08,94.62,0.17,corn,dormant,0.08,3.49,42.08,7.38,29.96,35.63,Moderate,Extreme Cold,0.03
2025-12-11,North Valley,40.733,-73.995,0.66,100.0,57.91,10.46,2.77,72.27,6.1,4.69,22.25,32.62,31.09,15.42,15.39,57.43,0.18,wheat,dormant,72.85,1.08,8.77,60.1,3.69,72.01,High,Flood,0.14
2025-12-11,River Bend,40.712,-74.02,-1.07,62.22,15.96,8.63,2.78,38.65,6.21,4.42,30.18,31.71,33.43,8.19,13.14,69.76,0.2,wheat,dormant,5.47,0.0,17.46,53.68,13.75,48.36,Moderate,Acid Rain,0.05
2025-12-11,South Fields,40.691,-74.01,6.23,81.11,1.25,3.48,1.96,20.54,6.69,5.2,13.26,35.38,40.9,14.37,15.19,84.94,0.23,corn,dormant,1.26,4.77,1.57,0.9,11.26,7.82,Low,Air Quality,0.01
2025-12-12,East Orchard,40.724,-73.965,-3.99,73.62,2.77,6.51,1.7,36.32,6.29,5.1,22.28,33.98,28.39,0.0,13.77,42.23,0.15,soybean,dormant,0.0,0.0,50.6,6.25,10.46,41.35,Moderate,Extreme Cold,0.03
2025-12-12,Hill Market,40.747,-73.985,-2.5,64.07,15.89,3.44,1.96,46.63,6.47,4.15,31.72,51.66,38.34,14.99,16.26,72.71,0.17,corn,dormant,9.07,2.83,29.44,81.57,20.63,71.28,High,Acid Rain,0.09
2025-12-12,North Valley,40.733,-73.995,1.57,50.78,5.23,5.62,1.71,27.3,6.55,5.45,26.71,22.45,21.25,11.11,14.48,53.69,0.18,vegetable,dormant,3.17,0.64,6.51,0.0,9.45,5.89,Low,Air Quality,0.01
2025-12-12,River Bend,40.712,-74.02,5.73,63.89,8.4,4.23,2.3,39.45,6.37,4.96,38.0,23.29,34.53,10.23,14.88,67.13,0.2,wheat,dormant,2.89,0.0,0.79,6.48,18.62,14.97,Low,Air Quality,0.01
2025-12-12,South Fields,40.691,-74.01,-1.12,53.74,16.66,6.74,2.48,33.12,6.3,4.95,19.52,52.37,24.07,9.85,16.02,56.97,0.23,corn,dormant,1.26,0.0,21.4,12.46,14.36,17.06,Low,Extreme Cold,0.02
2025-12-13,East Orchard,40.724,-73.965,1.47,64.74,17.02,15.57,2.15,35.45,5.83,4.87,17.98,28.06,21.48,8.52,14.75,40.28,0.15,corn,dormant,1.14,0.0,7.6,7.85,4.25,5.17,Low,Acid Rain,0.01
2025-12-13,Hill Market,40.747,-73.985,1.62,49.61,2.98,30.28,1.69,29.67,6.29,4.99,29.92,19.39,25.97,12.71,14.78,54.98,0.17,corn,dormant,1.0,3.7,10.67,6.69,6.99,8.82,Low,Extreme Cold,0.02
2025-12-13,North Valley,40.733,-73.995,12.79,44.86,12.91,7.54,2.16,39.99,6.41,5.26,17.06,9.8,21.51,6.25,16.53,41.74,0.18,vegetable,dormant,1.07,6.27,2.13,0.0,5.54,7.26,Low,Extreme Heat,0.01
2025-12-13,River Bend,40.712,-74.02,-6.03,61.43,11.06,26.28,2.6,34.49,6.18,4.38,24.71,43.81,28.28,2.55,15.34,57.78,0.2,wheat,dormant,3.02,1.74,79.43,53.76,11.94,69.3,High,Extreme Cold,0.08
2025-12-13,South Fields,40.691,-74.01,-0.01,70.27,7.91,12.14,2.18,23.03,6.24,5.0,16.5,32.0,32.24,7.65,10.76,65.01,0.23,corn,dormant,0.6,0.26,15.17,7.71,9.0,12.91,Low,Extreme Cold,0.01
2025-12-14,East Orchard,40.724,-73.965,-0.06,71.78,11.01,10.33,2.26,32.41,6.3,5.3,9.37,41.62,31.84,7.28,13.58,40.71,0.15,corn,dormant,0.0,5.26,17.7,2.53,1.75,18.25,Low,Extreme Cold,0.02
2025-12-14,Hill Market,40.747,-73.985,-0.26,52.26,5.26,5.32,1.74,50.86,6.6,4.48,14.41,38.41,38.32,3.37,16.32,66.41,0.17,soybean,dormant,3.6,0.0,7.35,39.44,6.91,32.19,Low,Acid Rain,0.04
2025-12-14,North Valley,40.733,-73.995,6.68,67.07,10.27,9.83,1.95,39.2,6.24,5.2,9.71,38.2,23.12,7.12,15.15,46.47,0.18,wheat,dormant,3.88,0.0,4.61,5.58,0.25,10.19,Low,Acid Rain,0.01
2025-12-14,River Bend,40.712,-74.02,-0.04,64.12,10.69,4.9,2.36,48.41,6.02,4.96,20.58,23.05,33.57,9.54,13.93,59.16,0.2,rice,dormant,1.6,0.0,13.11,12.74,7.02,12.44,Low,Extreme Cold,0.01
2025-12-14,South Fields,40.691,-74.01,0.45,41.93,3.56,13.21,1.75,34.76,6.31,5.26,25.98,33.59,27.7,3.35,14.88,71.01,0.23,corn,dormant,0.83,2.83,13.13,1.0,15.33,10.79,Low,Air Quality,0.01
2025-12-15,East Orchard,40.724,-73.965,1.03,68.14,19.89,5.54,2.19,48.74,5.95,5.22,19.99,39.34,25.45,9.67,15.6,45.58,0.15,corn,dormant,2.26,0.84,12.86,1.65,9.93,11.21,Low,Extreme Cold,0.01
2025-12-15,Hill Market,40.747,-73.985,1.84,43.31,3.8,20.7,1.69,27.01,6.62,4.51,24.86,50.15,35.24,11.04,15.56,75.07,0.17,rice,dormant,1.0,0.0,7.48,34.02,21.62,30.04,Low,Acid Rain,0.02
2025-12-15,North Valley,40.733,-73.995,10.98,46.2,6.02,20.26,1.88,41.03,6.33,5.36,20.6,36.72,34.1,10.48,16.06,71.25,0.18,wheat,dormant,0.0,0.75,7.95,0.67,6.17,8.26,Low,Extreme Cold,0.0
2025-12-15,River Bend,40.712,-74.02,1.36,54.58,8.25,23.08,2.12,38.01,6.47,5.15,34.81,29.36,41.18,10.25,14.31,83.99,0.2,wheat,dormant,0.69,3.56,13.17,2.99,24.98,25.56,Low,Air Quality,0.01
2025-12-15,South Fields,40.691,-74.01,4.78,68.49,8.29,5.98,1.96,30.64,6.27,5.78,6.01,33.09,32.49,2.25,16.73,38.48,0.23,corn,dormant,0.0,2.27,0.0,2.81,3.08,0.44,Low,Air Quality,0.0
2025-12-16,East Orchard,40.724,-73.965,-3.67,59.89,5.62,6.85,1.74,15.11,6.33,5.72,6.78,31.3,25.49,9.89,14.76,48.65,0.15,corn,dormant,0.0,0.0,46.7,0.98,2.85,34.81,Low,Extreme Cold,0.02
2025-12-16,Hill Market,40.747,-73.985,0.37,43.71,4.33,9.08,2.03,23.07,6.49,4.69,30.13,21.57,49.65,6.67,16.2,88.03,0.17,corn,dormant,0.0,5.25,13.79,29.83,21.0,22.21,Low,Acid Rain,0.04
2025-12-16,North Valley,40.733,-73.995,1.52,60.44,3.12,25.49,1.71,11.11,6.53,4.93,23.26,31.01,30.13,8.74,12.76,74.19,0.18,corn,dormant,0.0,0.0,5.07,7.16,12.34,6.77,Low,Air Quality,0.01
2025-12-16,River Bend,40.712,-74.02,1.4,66.73,4.87,3.3,2.28,34.34,5.98,4.97,25.57,30.25,32.24,8.94,14.13,54.77,0.2,wheat,dormant,0.0,8.06,15.45,6.92,13.39,18.34,Low,Extreme Cold,0.02
2025-12-16,South Fields,40.691,-74.01,0.79,55.31,16.59,29.37,2.25,44.39,6.64,5.11,14.11,17.73,37.07,6.51,16.21,65.51,0.23,soybean,dormant,5.83,1.88,15.04,3.49,9.76,10.96,Low,Extreme Cold,0.02
2025-12-17,East Orchard,40.724,-73.965,-3.95,56.74,12.29,20.16,2.03,49.32,6.04,5.01,16.24,30.27,27.86,11.76,13.17,69.12,0.15,vegetable,dormant,1.65,0.0,51.29,6.99,7.84,41.32,Moderate,Extreme Cold,0.04
2025-12-17,Hill Market,40.747,-73.985,4.09,64.95,9.83,4.3,2.06,32.76,6.28,4.83,34.11,37.2,37.27,9.73,15.44,86.42,0.17,corn,dormant,1.29,1.58,1.04,19.11,26.87,26.14,Low,Air Quality,0.02
2025-12-17,North Valley,40.733,-73.995,11.34,50.03,8.52,1.82,2.05,34.0,6.38,5.33,20.57,32.48,30.01,7.18,14.48,59.08,0.18,vegetable,dormant,0.1,0.0,0.0,0.0,10.19,8.32,Low,Air Quality,0.0
2025-12-17,River Bend,40.712,-74.02,1.91,52.64,30.62,8.7,2.72,38.82,6.1,4.68,22.52,29.06,35.27,5.6,15.14,42.94,0.2,corn,dormant,14.58,2.16,8.78,42.07,10.43,38.61,Moderate,Acid Rain,0.06
2025-12-17,South Fields,40.691,-74.01,-3.53,67.4,4.87,11.84,2.06,38.41,6.48,4.76,14.22,20.75,35.69,11.32,14.33,68.51,0.23,corn,dormant,5.55,0.0,39.55,21.64,0.0,34.01,Low,Extreme Cold,0.05
2025-12-18,East Orchard,40.724,-73.965,-5.27,66.8,6.59,19.34,2.08,41.39,6.41,5.02,18.18,49.59,36.23,7.95,13.31,73.09,0.15,rice,dormant,5.19,0.96,63.27,6.71,11.7,56.64,High,Extreme Cold,0.03
2025-12-18,Hill Market,40.747,-73.985,-4.47,45.86,9.94,11.01,2.14,35.06,6.39,4.93,21.23,35.87,41.49,9.66,18.11,100.0,0.17,corn,dormant,0.0,2.76,51.93,8.26,13.95,44.65,Moderate,Extreme Cold,0.04
2025-12-18,North Valley,40.733,-73.995,7.65,51.5,4.55,13.98,2.19,34.17,6.71,5.35,22.0,32.72,33.22,8.57,12.0,65.65,0.18,wheat,dormant,0.66,0.09,0.0,0.34,12.7,12.36,Low,Air Quality,0.0
2025-12-18,River Bend,40.712,-74.02,-5.32,42.86,11.62,17.54,2.62,36.67,5.84,4.57,8.49,16.84,28.46,4.75,18.7,67.09,0.2,wheat,dormant,4.89,0.0,59.79,33.02,0.0,51.66,Moderate,Extreme Cold,0.06
2025-12-18,South Fields,40.691,-74.01,-2.29,63.6,17.57,7.05,2.53,33.29,6.86,5.46,16.92,31.48,37.11,9.62,11.78,84.45,0.23,corn,dormant,3.48,0.0,27.33,0.0,10.48,32.35,Low,Extreme Cold,0.02
2025-12-19,East Orchard,40.724,-73.965,-1.48,64.37,10.05,12.06,2.04,58.7,6.45,5.32,10.16,26.25,11.36,0.16,16.36,15.31,0.15,corn,dormant,1.2,2.81,26.97,0.0,6.24,23.02,Low,Extreme Cold,0.02
2025-12-19,Hill Market,40.747,-73.985,3.72,56.84,11.57,7.16,2.0,45.28,6.56,4.69,18.88,33.24,34.59,8.55,13.73,78.62,0.17,corn,dormant,0.78,1.54,0.0,23.76,11.13,23.86,Low,Acid Rain,0.02
2025-12-19,North Valley,40.733,-73.995,5.9,69.67,5.82,6.69,1.96,38.48,6.65,5.86,21.09,30.34,26.85,2.48,14.5,67.07,0.18,corn,dormant,0.0,1.47,2.49,0.0,14.09,13.16,Low,Air Quality,0.0
2025-12-19,River Bend,40.712,-74.02,6.19,67.32,13.19,12.11,2.66,28.67,6.78,4.93,29.59,35.57,38.82,13.2,14.26,74.78,0.2,wheat,dormant,0.0,1.79,6.78,13.8,17.03,12.83,Low,Air Quality,0.01
2025-12-19,South Fields,40.691,-74.01,5.41,48.17,15.57,3.86,2.2,38.14,6.45,5.08,19.3,48.59,32.08,5.47,14.94,62.15,0.23,wheat,dormant,1.94,0.0,0.48,6.14,15.09,16.26,Low,Air Quality,0.01
2025-12-20,East Orchard,40.724,-73.965,-0.66,73.31,11.53,7.12,2.21,21.14,6.19,5.4,33.58,36.52,29.53,12.56,16.63,61.08,0.15,wheat,dormant,7.45,4.43,19.39,3.41,19.04,16.5,Low,Extreme Cold,0.02
2025-12-20,Hill Market,40.747,-73.985,1.45,60.81,27.34,15.01,2.48,43.66,6.21,4.59,16.64,37.93,35.04,14.45,14.95,73.98,0.17,corn,dormant,4.87,3.39,14.72,49.4,11.89,48.53,Moderate,Acid Rain,0.06
2025-12-20,North Valley,40.733,-73.995,2.38,61.48,3.87,9.37,2.05,37.78,6.67,4.94,24.39,21.72,37.77,11.63,13.2,73.96,0.18,wheat,dormant,0.21,0.0,4.29,8.87,13.69,12.15,Low,Air Quality,0.01
2025-12-20,River Bend,40.712,-74.02,-1.88,36.91,7.61,1.19,2.22,19.3,6.05,4.58,23.52,30.11,30.63,10.09,14.63,55.73,0.2,rice,dormant,1.35,4.85,22.6,36.33,11.91,30.8,Low,Acid Rain,0.04
2025-12-20,South Fields,40.691,-74.01,-6.5,72.64,41.26,4.75,3.22,50.22,6.22,5.1,11.19,30.52,24.26,16.36,14.23,49.14,0.23,corn,dormant,42.44,0.0,71.2,12.21,5.47,64.79,High,Extreme Cold,0.11
2025-12-21,East Orchard,40.724,-73.965,-1.28,83.34,3.53,14.65,1.79,43.64,6.47,5.92,12.28,24.86,22.25,5.39,18.16,36.57,0.15,rice,dormant,0.0,1.38,27.1,3.77,0.0,25.93,Low,Extreme Cold,0.01
2025-12-21,Hill Market,40.747,-73.985,-1.53,62.14,8.51,7.43,2.02,32.37,6.36,4.51,30.07,40.85,33.38,11.74,14.85,66.72,0.17,corn,dormant,0.0,0.0,19.04,43.3,20.68,41.92,Moderate,Acid Rain,0.04
2025-12-21,North Valley,40.733,-73.995,-1.47,71.54,12.47,2.75,2.48,26.77,6.32,5.13,16.5,15.37,18.96,11.2,14.78,36.61,0.18,wheat,dormant,0.0,0.0,17.19,9.33,1.57,16.07,Low,Extreme Cold,0.01
2025-12-21,River Bend,40.712,-74.02,-1.65,54.06,8.83,11.76,2.56,33.92,6.09,5.48,29.94,41.32,24.55,5.97,16.8,54.84,0.2,wheat,dormant,5.43,0.0,24.95,1.62,12.51,22.76,Low,Extreme Cold,0.02
2025-12-21,South Fields,40.691,-74.01,-2.79,85.71,62.32,19.38,3.47,59.11,5.81,4.5,21.48,30.17,21.38,23.08,10.78,67.47,0.23,soybean,dormant,85.24,1.31,43.88,77.9,8.55,77.33,Severe,Flood,0.19
2025-12-22,East Orchard,40.724,-73.965,0.81,48.3,1.69,7.89,2.09,41.2,6.44,5.56,20.83,24.85,22.97,12.07,15.68,48.11,0.15,rice,dormant,2.25,5.41,11.4,0.0,7.26,10.01,Low,Extreme Cold,0.01
2025-12-22,Hill Market,40.747,-73.985,0.89,90.1,17.93,6.68,1.84,43.0,6.55,4.96,26.05,41.51,33.57,10.15,14.96,79.68,0.17,rice,dormant,4.05,0.0,11.03,10.37,14.57,14.52,Low,Air Quality,0.01
2025-12-22,North Valley,40.733,-73.995,5.06,66.79,9.15,21.52,2.04,21.39,6.23,5.32,25.18,32.4,24.37,10.98,16.32,60.66,0.18,wheat,dormant,5.17,0.15,2.89,1.81,17.68,9.86,Low,Air Quality,0.01
2025-12-22,River Bend,40.712,-74.02,-1.49,46.88,1.42,9.89,2.66,25.16,6.41,5.19,16.35,30.76,36.16,9.47,16.81,71.64,0.2,rice,dormant,3.17,0.0,25.52,3.54,14.25,24.34,Low,Extreme Cold,0.02
2025-12-22,South Fields,40.691,-74.01,6.5,55.55,5.68,8.91,2.27,28.03,6.7,5.34,19.79,24.44,36.98,5.73,16.68,62.17,0.23,corn,dormant,0.0,0.0,3.9,0.0,10.75,6.23,Low,Air Quality,0.0
2025-12-23,East Orchard,40.724,-73.965,-1.51,70.36,6.47,10.77,2.09,29.99,6.11,5.27,13.97,32.52,25.37,9.96,16.12,59.62,0.15,vegetable,dormant,0.21,0.0,24.29,0.0,8.83,15.15,Low,Extreme Cold,0.01
2025-12-23,Hill Market,40.747,-73.985,-6.19,50.28,13.61,6.57,1.9,37.34,6.31,4.76,22.98,34.89,35.94,8.63,13.06,86.38,0.17,corn,dormant,0.0,0.0,66.77,19.14,16.89,63.66,High,Extreme Cold,0.05
2025-12-23,North Valley,40.733,-73.995,4.75,78.55,15.11,27.31,2.15,39.3,5.98,5.46,17.6,36.31,21.17,6.94,13.54,27.14,0.18,soybean,dormant,0.0,0.4,0.93,0.0,11.36,10.41,Low,Air Quality,0.0
2025-12-23,River Bend,40.712,-74.02,2.4,66.98,2.48,21.34,2.29,42.96,6.35,4.92,31.21,30.32,40.67,13.98,16.73,88.0,0.2,wheat,dormant,0.23,1.44,1.16,11.75,20.15,17.83,Low,Air Quality,0.01
2025-12-23,South Fields,40.691,-74.01,7.74,75.13,11.75,20.18,2.34,35.29,6.48,5.36,4.12,33.17,19.67,11.86,11.96,58.61,0.23,corn,dormant,1.53,1.15,2.82,0.02,1.92,7.78,Low,Extreme Cold,0.0
2025-12-24,East Orchard,40.724,-73.965,-2.44,70.88,15.76,14.36,1.9,57.67,6.17,5.0,6.57,35.82,33.8,10.91,17.89,56.7,0.15,corn,dormant,3.79,2.34,25.86,6.85,1.5,22.45,Low,Extreme Cold,0.03
2025-12-24,Hill Market,40.747,-73.985,-1.01,35.62,3.21,18.14,2.06,35.85,6.63,4.69,26.77,56.82,37.79,8.41,16.5,99.41,0.17,corn,dormant,4.35,2.12,23.16,19.66,29.01,28.82,Low,Air Quality,0.04
2025-12-24,North Valley,40.733,-73.995,-1.48,40.72,4.88,3.5,2.0,27.6,6.61,5.47,30.41,39.52,29.51,7.38,13.66,58.46,0.18,wheat,dormant,4.65,0.0,18.44,3.13,19.21,14.48,Low,Air Quality,0.02
2025-12-24,River Bend,40.712,-74.02,-2.92,69.25,11.08,24.38,2.46,32.0,5.9,4.7,24.99,43.55,41.6,4.14,12.69,76.27,0.2,soybean,dormant,0.0,5.24,45.76,30.69,17.02,36.54,Moderate,Extreme Cold,0.05
2025-12-24,South Fields,40.691,-74.01,-6.34,68.04,3.52,16.74,1.93,50.07,6.75,5.11,28.28,33.81,28.28,10.27,11.67,70.24,0.23,rice,dormant,2.27,0.0,68.02,0.78,18.58,57.73,High,Extreme Cold,0.03
2025-12-25,East Orchard,40.724,-73.965,-7.2,58.82,12.75,15.69,1.94,30.31,6.03,5.29,12.07,30.96,33.61,4.03,14.84,40.76,0.15,corn,dormant,6.81,4.23,80.02,0.81,0.98,70.5,High,Extreme Cold,0.06
2025-12-25,Hill Market,40.747,-73.985,2.64,48.39,4.74,7.08,2.09,45.73,6.69,5.09,31.73,35.15,40.36,10.81,12.5,92.31,0.17,vegetable,dormant,0.0,0.0,3.77,1.99,23.79,23.17,Low,Air Quality,0.0
2025-12-25,North Valley,40.733,-73.995,-4.64,59.32,3.43,18.09,2.14,26.66,6.58,5.36,16.11,18.64,18.9,3.59,12.39,45.93,0.18,rice,dormant,5.39,0.0,60.7,5.33,2.02,50.84,Moderate,Extreme Cold,0.03
2025-12-25,River Bend,40.712,-74.02,1.17,50.39,11.25,23.73,2.23,45.5,6.17,5.28,13.56,50.32,26.79,6.92,14.71,67.81,0.2,wheat,dormant,6.82,3.19,9.66,4.34,10.49,4.87,Low,Air Quality,0.02
2025-12-25,South Fields,40.691,-74.01,-1.18,51.95,7.44,9.01,2.66,12.27,6.9,5.09,27.5,23.14,41.03,13.71,12.85,83.73,0.23,corn,dormant,0.0,0.0,17.65,2.46,16.26,12.93,Low,Extreme Cold,0.01
2025-12-26,East Orchard,40.724,-73.965,0.2,68.44,24.1,14.57,2.87,43.91,5.85,4.92,19.57,33.15,27.61,9.1,13.91,34.27,0.15,corn,dormant,4.07,2.91,12.74,12.43,10.42,12.22,Low,Extreme Cold,0.03
2025-12-26,Hill Market,40.747,-73.985,-3.04,52.93,12.28,22.86,2.09,35.68,6.31,4.83,32.9,29.71,32.82,11.19,14.17,83.13,0.17,corn,dormant,0.13,0.31,42.36,13.58,19.29,35.03,Moderate,Extreme Cold,0.03
2025-12-26,North Valley,40.733,-73.995,-1.16,46.86,14.42,21.57,2.51,31.89,6.21,5.32,11.09,19.85,29.51,12.06,14.21,44.1,0.18,vegetable,dormant,1.03,0.0,28.56,2.66,5.68,26.64,Low,Extreme Cold,0.02
2025-12-26,River Bend,40.712,-74.02,-8.98,69.5,14.21,15.71,2.79,38.35,6.24,5.14,25.03,24.17,39.53,10.04,16.13,63.02,0.2,rice,dormant,3.68,0.0,89.63,0.0,12.09,80.63,Severe,Extreme Cold,0.04
2025-12-26,South Fields,40.691,-74.01,6.18,34.91,2.51,35.21,2.11,43.38,6.79,5.55,24.93,46.64,28.16,8.74,14.89,57.45,0.23,corn,dormant,6.24,0.0,6.12,4.47,8.68,11.56,Low,Air Quality,0.02
2025-12-27,East Orchard,40.724,-73.965,-0.51,74.26,0.86,9.09,2.22,24.98,6.2,5.5,10.07,36.21,14.88,0.0,17.39,22.04,0.15,vegetable,dormant,1.25,1.66,16.33,0.9,3.41,18.65,Low,Extreme Cold,0.01
2025-12-27,Hill Market,40.747,-73.985,-3.23,57.65,6.97,8.62,1.88,31.29,6.33,4.89,29.98,27.52,33.35,11.11,13.2,80.26,0.17,corn,dormant,0.15,0.0,38.79,7.44,18.5,30.36,Low,Extreme Cold,0.03
2025-12-27,North Valley,40.733,-73.995,6.68,92.02,68.85,25.49,3.52,62.79,5.67,4.6,18.08,37.47,22.42,18.87,12.91,45.95,0.18,rice,dormant,88.61,0.0,5.19,76.29,7.66,84.56,Severe,Flood,0.14
2025-12-27,River Bend,40.712,-74.02,-1.33,74.45,11.07,8.96,2.62,24.25,6.67,4.79,16.49,27.69,25.43,14.09,14.8,49.1,0.2,rice,dormant,7.95,0.0,22.52,12.83,7.73,16.43,Low,Extreme Cold,0.02
2025-12-27,South Fields,40.691,-74.01,3.91,49.16,2.22,7.27,2.1,44.73,6.88,4.69,25.72,21.48,29.22,5.37,15.55,55.88,0.23,corn,dormant,0.11,0.0,0.16,12.9,5.13,8.58,Low,Acid Rain,0.01
2025-12-28,East Orchard,40.724,-73.965,1.04,94.41,79.64,46.4,3.69,82.59,5.27,4.38,14.59,32.68,29.63,19.13,11.39,56.79,0.15,wheat,dormant,94.22,0.0,14.67,99.6,1.06,91.99,Severe,Acid Rain,0.19
2025-12-28,Hill Market,40.747,-73.985,7.55,53.25,17.87,13.62,2.1,42.58,6.46,4.8,25.87,33.64,43.03,15.03,13.89,73.19,0.17,soybean,dormant,1.1,1.57,2.55,27.89,12.93,23.37,Low,Acid Rain,0.02
2025-12-28,North Valley,40.733,-73.995,-5.09,65.77,4.05,43.66,1.8,36.29,6.32,5.59,3.28,36.53,22.9,8.66,15.95,53.68,0.18,wheat,dormant,3.7,0.0,77.12,2.94,5.81,67.4,High,Extreme Cold,0.04
2025-12-28,River Bend,40.712,-74.02,0.51,54.73,1.52,3.16,2.54,41.27,6.16,4.7,26.86,32.53,37.95,4.77,13.12,65.6,0.2,wheat,dormant,4.61,0.0,6.42,24.56,13.84,23.03,Low,Acid Rain,0.03
2025-12-28,South Fields,40.691,-74.01,-6.81,45.99,15.44,3.93,2.24,35.18,6.38,5.7,21.41,28.45,40.02,5.19,15.44,70.72,0.23,corn,dormant,3.34,3.39,75.96,0.0,13.72,63.43,High,Extreme Cold,0.05
2025-12-29,East Orchard,40.724,-73.965,1.6,55.3,5.79,13.12,2.13,44.46,6.09,5.25,5.92,38.84,16.7,6.7,17.85,30.29,0.15,corn,dormant,4.36,3.23,8.38,0.0,0.0,8.23,Low,Extreme Cold,0.01
2025-12-29,Hill Market,40.747,-73.985,2.85,50.68,5.84,40.4,1.93,31.07,6.42,5.26,22.27,32.84,44.11,15.66,14.16,100.0,0.17,corn,dormant,4.17,0.0,11.24,0.0,20.47,20.54,Low,Air Quality,0.01
2025-12-29,North Valley,40.733,-73.995,1.76,68.45,3.79,3.45,2.26,34.81,6.39,5.61,16.24,17.91,21.87,2.8,16.22,58.31,0.18,soybean,dormant,1.05,0.93,6.83,0.54,2.8,4.04,Low,Extreme Cold,0.01
2025-12-29,River Bend,40.712,-74.02,4.1,67.0,2.86,12.14,2.27,41.86,6.37,4.89,21.08,17.79,34.53,11.8,15.28,80.54,0.2,wheat,dormant,1.9,0.98,7.97,8.28,13.19,11.28,Low,Air Quality,0.01
2025-12-29,South Fields,40.691,-74.01,0.93,51.06,5.76,15.64,2.49,44.0,6.74,5.32,21.2,40.39,31.35,10.71,18.83,65.92,0.23,corn,dormant,1.16,1.98,12.79,0.26,9.34,18.73,Low,Extreme Cold,0.01
2025-12-30,East Orchard,40.724,-73.965,5.87,27.02,2.07,16.72,2.31,43.45,6.32,5.63,13.26,31.36,20.53,8.2,15.93,48.58,0.15,soybean,dormant,0.0,1.48,5.03,1.66,1.12,5.31,Low,Extreme Cold,0.0
2025-12-30,Hill Market,40.747,-73.985,3.73,83.12,3.4,22.15,1.75,22.77,6.65,5.15,25.92,23.79,33.07,4.54,14.76,66.1,0.17,vegetable,dormant,0.78,5.6,7.3,1.39,12.94,10.78,Low,Air Quality,0.01
2025-12-30,North Valley,40.733,-73.995,-1.71,44.88,13.49,9.17,2.44,46.18,6.05,5.19,18.75,36.41,23.86,6.69,16.39,59.62,0.18,wheat,dormant,4.91,0.66,24.36,5.5,4.88,24.68,Low,Extreme Cold,0.02
2025-12-30,River Bend,40.712,-74.02,-2.89,58.27,12.04,7.02,2.64,35.07,6.22,4.66,18.85,22.43,26.5,3.91,11.04,48.84,0.2,vegetable,dormant,3.44,4.18,40.78,21.44,5.46,39.19,Moderate,Extreme Cold,0.05
2025-12-30,South Fields,40.691,-74.01,-0.62,64.98,9.53,8.21,2.47,43.02,6.53,5.14,24.68,30.05,33.27,6.61,12.88,56.24,0.23,corn,dormant,0.0,0.0,19.58,6.51,9.62,14.36,Low,Extreme Cold,0.02
2025-12-31,East Orchard,40.724,-73.965,-1.32,48.18,4.41,5.04,2.34,39.92,6.36,5.39,13.02,37.95,23.36,9.44,13.14,42.89,0.15,soybean,dormant,0.0,0.59,21.51,0.23,3.24,16.95,Low,Extreme Cold,0.01
2025-12-31,Hill Market,40.747,-73.985,5.06,60.9,8.22,8.29,2.19,31.26,6.34,5.24,25.13,35.98,36.21,7.39,13.74,81.17,0.17,corn,dormant,1.76,2.23,0.57,3.34,21.16,19.4,Low,Air Quality,0.01
2025-12-31,North Valley,40.733,-73.995,0.31,70.74,12.01,5.96,2.12,37.0,6.21,4.43,15.68,27.01,30.48,11.12,17.34,54.21,0.18,wheat,dormant,0.68,0.0,14.15,53.42,10.4,46.32,Moderate,Acid Rain,0.04
2025-12-31,River Bend,40.712,-74.02,-2.34,49.89,3.54,13.25,2.48,47.65,6.36,5.02,20.52,28.79,30.08,7.11,17.51,60.28,0.2,corn,dormant,0.0,0.94,34.25,0.0,3.94,31.22,Low,Extreme Cold,0.02
2025-12-31,South Fields,40.691,-74.01,7.95,44.81,7.63,10.61,2.32,28.29,6.42,4.91,27.91,26.95,37.6,6.6,14.93,57.61,0.23,soybean,dormant,0.0,0.0,2.32,11.34,20.24,18.31,Low,Air Quality,0.01
2026-01-01,East Orchard,40.724,-73.965,3.9,53.17,7.31,23.17,2.12,38.59,6.37,5.45,21.37,38.53,30.34,9.3,18.31,71.52,0.15,corn,dormant,2.95,0.0,0.0,0.0,15.15,17.67,Low,Air Quality,0.0
2026-01-01,Hill Market,40.747,-73.985,2.36,76.58,30.33,10.54,2.45,56.14,6.49,4.72,31.88,26.91,41.75,9.17,12.74,91.14,0.17,corn,dormant,11.92,0.34,6.65,38.02,21.03,35.89,Moderate,Acid Rain,0.05
2026-01-01,North Valley,40.733,-73.995,7.69,56.31,2.41,17.29,1.98,13.07,6.51,5.47,16.09,32.14,20.85,8.29,15.88,55.77,0.18,wheat,dormant,1.05,5.5,0.0,0.0,5.29,8.43,Low,Extreme Heat,0.01
2026-01-01,River Bend,40.712,-74.02,-0.57,57.79,3.12,11.28,2.15,37.64,6.43,5.09,37.95,20.63,36.8,2.53,15.29,91.21,0.2,wheat,dormant,0.0,0.0,21.56,2.91,20.88,22.28,Low,Extreme Cold,0.01
2026-01-01,South Fields,40.691,-74.01,3.8,74.06,11.53,14.91,2.58,30.21,6.32,5.0,18.19,26.27,24.51,3.98,14.32,60.7,0.23,soybean,dormant,1.3,3.36,4.59,4.18,6.91,8.75,Low,Air Quality,0.01
2026-01-02,East Orchard,40.724,-73.965,1.52,69.07,11.19,5.6,2.47,37.08,6.2,5.47,10.16,31.49,19.05,3.58,18.06,33.61,0.15,corn,dormant,0.08,0.0,7.04,0.0,0.0,1.34,Low,Extreme Cold,0.0
2026-01-02,Hill Market,40.747,-73.985,-3.89,48.25,6.9,11.03,2.34,26.16,6.5,4.94,19.67,24.16,30.81,9.93,14.69,72.35,0.17,corn,dormant,3.23,6.33,41.1,9.02,10.5,35.11,Moderate,Extreme Cold,0.04
2026-01-02,North Valley,40.733,-73.995,-3.35,79.11,36.63,13.0,2.57,45.07,5.81,5.02,12.99,26.06,17.42,10.27,15.46,27.68,0.18,wheat,dormant,12.67,0.0,43.33,12.98,4.76,36.55,Moderate,Extreme Cold,0.04
2026-01-02,River Bend,40.712,-74.02,-7.34,39.24,8.9,21.3,2.1,26.35,6.25,5.67,27.95,33.92,34.2,8.51,12.58,66.71,0.2,wheat,dormant,0.0,0.0,83.99,1.3,19.14,76.32,Severe,Extreme Cold,0.04
2026-01-02,South Fields,40.691,-74.01,5.0,78.69,0.54,8.3,2.21,24.56,6.59,5.31,28.39,25.63,20.6,9.58,16.87,56.82,0.23,corn,dormant,1.86,2.98,0.0,0.0,6.57,6.79,Low,Air Quality,0.01
2026-01-03,East Orchard,40.724,-73.965,1.67,63.54,3.27,24.03,2.27,49.3,5.87,5.41,15.33,26.8,35.46,10.82,14.85,48.43,0.15,corn,dormant,1.03,0.21,10.57,0.0,6.02,9.12,Low,Extreme Cold,0.01
2026-01-03,Hill Market,40.747,-73.985,8.94,69.02,17.16,23.11,2.14,45.69,6.41,4.51,26.6,25.44,29.1,5.18,14.94,60.85,0.17,corn,dormant,3.23,1.17,1.36,42.34,6.12,43.73,Moderate,Acid Rain,0.04
2026-01-03,North Valley,40.733,-73.995,-5.85,56.75,12.03,13.92,2.22,40.55,6.36,5.28,16.73,24.88,22.79,6.64,15.28,45.19,0.18,wheat,dormant,0.0,2.13,67.55,1.16,9.48,61.61,High,Extreme Cold,0.03
2026-01-03,River Bend,40.712,-74.02,3.73,61.77,8.43,6.08,2.47,26.88,6.46,5.03,9.16,22.99,19.44,4.57,16.95,46.93,0.2,corn,dormant,6.91,0.0,1.61,5.55,5.77,6.24,Low,Flood,0.02
2026-01-03,South Fields,40.691,-74.01,6.87,43.75,4.85,17.46,1.95,57.7,6.51,4.94,24.61,32.58,20.35,1.51,12.77,50.96,0.23,rice,dormant,0.0,0.0,3.61,0.65,5.41,4.31,Low,Air Quality,0.0
2026-01-04,East Orchard,40.724,-73.965,6.43,49.91,7.74,14.17,2.16,38.34,6.26,5.38,23.94,38.29,30.19,6.03,16.53,58.93,0.15,corn,dormant,0.0,1.74,0.0,0.0,11.38,11.19,Low,Air Quality,0.0
2026-01-04,Hill Market,40.747,-73.985,0.88,64.41,8.33,7.54,2.12,35.41,6.54,4.88,24.88,33.5,35.65,3.13,16.18,60.13,0.17,soybean,dormant,0.0,0.0,7.8,10.2,10.64,8.0,Low,Air Quality,0.01
2026-01-04,North Valley,40.733,-73.995,2.07,30.81,4.11,12.37,2.2,31.91,6.7,5.09,20.04,29.5,25.17,7.03,16.23,50.39,0.18,wheat,dormant,1.23,0.62,2.08,0.0,7.68,7.99,Low,Air Quality,0.0
2026-01-04,River Bend,40.712,-74.02,0.24,59.55,9.25,5.52,2.55,45.12,6.19,4.8,29.01,36.06,29.64,7.9,14.75,62.03,0.2,wheat,dormant,4.21,2.16,14.96,17.5,17.82,16.83,Low,Air Quality,0.03
2026-01-04,South Fields,40.691,-74.01,-1.85,63.86,19.78,8.76,2.47,45.85,6.52,4.57,14.62,34.37,19.68,7.34,15.99,38.96,0.23,wheat,dormant,3.96,0.0,22.26,37.52,3.86,37.09,Moderate,Acid Rain,0.04
2026-01-05,East Orchard,40.724,-73.965,0.15,60.32,10.84,13.21,2.18,37.15,6.18,5.34,16.71,26.37,28.92,8.2,15.54,47.11,0.15,soybean,dormant,3.0,5.03,18.58,0.0,4.4,14.43,Low,Extreme Cold,0.02
2026-01-05,Hill Market,40.747,-73.985,1.41,65.14,7.18,20.41,2.13,21.41,6.79,4.99,31.39,42.21,38.06,9.97,13.53,90.27,0.17,wheat,dormant,2.25,0.0,9.19,4.14,19.71,17.09,Low,Air Quality,0.01
2026-01-05,North Valley,40.733,-73.995,5.13,71.08,20.76,8.09,2.39,33.26,6.57,4.97,29.23,41.05,31.93,13.6,16.22,70.1,0.18,wheat,dormant,0.0,2.37,0.0,5.73,20.05,22.58,Low,Air Quality,0.01
2026-01-05,River Bend,40.712,-74.02,-2.66,62.74,8.92,14.93,2.56,44.64,6.19,4.53,19.13,42.36,27.57,10.37,20.4,66.61,0.2,wheat,dormant,5.3,0.32,30.37,41.77,8.52,32.64,Low,Acid Rain,0.05
2026-01-05,South Fields,40.691,-74.01,-0.06,72.33,7.18,3.13,2.46,53.57,6.44,4.75,28.25,31.22,19.16,7.75,14.13,56.31,0.23,corn,dormant,2.09,1.01,13.16,9.16,6.0,10.16,Low,Extreme Cold,0.02
2026-01-06,East Orchard,40.724,-73.965,-1.65,47.49,5.06,7.48,1.86,34.01,6.09,5.06,26.12,25.99,33.57,7.9,17.33,57.81,0.15,vegetable,dormant,0.0,0.0,22.79,2.56,7.82,22.37,Low,Extreme Cold,0.02
2026-01-06,Hill Market,40.747,-73.985,8.11,56.38,13.87,4.5,2.64,40.99,6.4,4.58,33.45,43.32,41.91,12.4,12.43,94.17,0.17,vegetable,dormant,6.6,3.43,2.2,46.94,29.18,39.09,Moderate,Acid Rain,0.06
2026-01-06,North Valley,40.733,-73.995,-2.74,55.94,11.61,8.53,2.71,35.08,6.39,5.5,25.75,28.31,24.98,11.98,13.31,56.01,0.18,vegetable,dormant,4.3,0.0,33.85,2.95,6.98,31.32,Low,Extreme Cold,0.03
2026-01-06,River Bend,40.712,-74.02,0.76,52.29,13.42,7.82,2.55,42.8,6.03,5.0,24.92,20.13,29.07,8.0,13.67,76.6,0.2,wheat,dormant,7.52,0.0,12.73,9.05,11.2,12.02,Low,Extreme Cold,0.02
2026-01-06,South Fields,40.691,-74.01,-0.5,56.23,9.79,21.81,2.39,39.41,6.0,5.19,31.28,21.83,27.63,10.03,13.72,64.01,0.23,rice,dormant,4.93,0.0,27.81,1.1,12.12,25.66,Low,Extreme Cold,0.02
2026-01-07,East Orchard,40.724,-73.965,-1.87,43.09,23.18,17.55,2.44,57.12,6.02,5.46,17.11,28.74,13.62,10.4,13.94,50.11,0.15,wheat,dormant,3.8,0.0,27.63,4.1,4.29,22.14,Low,Extreme Cold,0.02
2026-01-07,Hill Market,40.747,-73.985,-1.36,60.74,8.68,7.23,2.49,33.54,6.72,4.69,30.99,45.05,42.07,10.51,14.08,91.83,0.17,vegetable,dormant,2.11,0.0,23.39,25.19,26.67,22.04,Low,Air Quality,0.04
2026-01-07,North Valley,40.733,-73.995,6.15,78.33,6.44,36.95,2.19,37.05,6.52,5.34,21.97,38.86,32.4,5.08,17.16,53.32,0.18,wheat,dormant,1.82,4.91,10.63,0.0,11.67,12.47,Low,Air Quality,0.01
2026-01-07,River Bend,40.712,-74.02,1.56,54.72,8.29,13.88,2.71,38.31,6.06,4.79,28.93,42.87,45.04,17.02,14.18,86.89,0.2,wheat,dormant,1.27,0.0,12.65,25.57,29.16,22.87,Low,Air Quality,0.02
2026-01-07,South Fields,40.691,-74.01,0.9,38.09,11.99,17.43,2.43,46.5,6.51,5.13,17.75,29.12,27.11,5.02,13.64,46.61,0.23,rice,dormant,2.43,0.99,16.46,1.53,7.33,17.04,Low,Extreme Cold,0.01
2026-01-08,East Orchard,40.724,-73.965,1.81,62.64,4.21,21.03,2.09,33.16,6.44,5.42,18.93,30.67,29.07,0.88,17.55,45.68,0.15,corn,dormant,0.0,2.69,4.96,0.0,3.34,3.52,Low,Extreme Cold,0.01
2026-01-08,Hill Market,40.747,-73.985,2.5,54.59,13.26,14.16,2.29,50.21,6.45,4.82,26.1,38.78,38.14,8.67,15.23,77.57,0.17,vegetable,dormant,6.49,0.0,6.14,17.64,12.45,12.83,Low,Acid Rain,0.03
2026-01-08,North Valley,40.733,-73.995,3.75,62.62,6.56,8.25,2.38,12.21,6.38,5.21,15.77,20.14,27.21,10.82,15.88,41.15,0.18,wheat,dormant,1.81,1.95,0.0,6.58,4.15,0.0,Low,Acid Rain,0.01
2026-01-08,River Bend,40.712,-74.02,-1.9,57.41,13.42,18.35,2.78,44.93,6.12,4.9,25.39,34.21,35.9,13.31,18.0,64.46,0.2,rice,dormant,6.0,0.0,29.0,10.53,12.62,25.73,Low,Extreme Cold,0.02
2026-01-08,South Fields,40.691,-74.01,1.8,65.58,7.47,4.48,2.64,34.54,6.5,5.54,27.79,31.89,37.13,10.5,11.08,71.4,0.23,soybean,dormant,2.37,3.0,3.59,2.76,12.38,13.92,Low,Air Quality,0.01
2026-01-09,East Orchard,40.724,-73.965,-2.98,55.88,3.08,5.98,2.09,30.78,6.41,5.08,17.35,39.32,35.01,6.86,17.65,62.81,0.15,corn,dormant,4.54,0.0,33.68,4.16,11.22,34.17,Low,Extreme Cold,0.03
2026-01-09,Hill Market,40.747,-73.985,1.92,44.99,2.58,8.19,1.68,29.68,6.66,4.53,20.23,28.06,34.61,8.57,17.15,74.55,0.17,vegetable,dormant,2.66,1.75,10.51,33.87,11.99,28.35,Low,Acid Rain,0.04
2026-01-09,North Valley,40.733,-73.995,-9.76,49.59,10.37,2.31,2.54,42.77,6.38,5.39,24.87,38.62,22.32,4.82,14.23,34.46,0.18,vegetable,dormant,0.0,1.48,92.02,0.0,8.48,81.32,Severe,Extreme Cold,0.05
2026-01-09,River Bend,40.712,-74.02,4.3,51.5,13.26,3.71,2.92,35.38,6.09,4.8,22.11,31.17,40.15,10.68,12.82,65.36,0.2,wheat,dormant,5.48,1.98,4.34,27.42,10.97,23.28,Low,Acid Rain,0.03
2026-01-09,South Fields,40.691,-74.01,-7.34,52.39,10.49,6.31,2.49,41.75,6.53,4.89,34.43,36.64,14.67,0.0,13.19,38.78,0.23,rice,dormant,3.68,0.0,79.59,4.65,19.29,67.9,High,Extreme Cold,0.04
2026-01-10,East Orchard,40.724,-73.965,-1.64,39.0,8.77,10.32,1.96,26.89,5.79,5.7,7.32,28.11,25.71,4.07,15.27,41.32,0.15,wheat,dormant,0.93,0.0,26.1,0.0,5.78,16.93,Low,Extreme Cold,0.01
2026-01-10,Hill Market,40.747,-73.985,-0.19,59.7,13.7,23.35,2.11,37.98,6.66,4.6,32.89,26.79,38.5,16.38,12.47,82.51,0.17,corn,dormant,3.97,2.52,17.74,34.64,14.58,33.9,Low,Acid Rain,0.04
2026-01-10,North Valley,40.733,-73.995,6.08,70.87,14.98,4.48,2.33,30.56,5.92,4.91,19.79,24.63,11.18,7.64,10.87,27.18,0.18,corn,dormant,3.02,0.0,2.87,2.52,8.21,9.08,Low,Air Quality,0.01
2026-01-10,River Bend,40.712,-74.02,5.68,45.8,9.35,13.3,2.68,43.87,6.22,5.36,28.78,44.54,34.22,8.54,17.78,51.17,0.2,wheat,dormant,4.06,0.0,0.0,0.0,21.04,18.97,Low,Air Quality,0.01
2026-01-10,South Fields,40.691,-74.01,4.24,53.31,3.2,15.71,2.36,37.08,6.55,5.53,28.61,26.03,19.46,6.25,15.08,40.17,0.23,vegetable,dormant,0.0,0.0,5.41,1.48,14.42,14.11,Low,Air Quality,0.0
2026-01-11,East Orchard,40.724,-73.965,0.47,60.25,9.03,2.4,1.87,23.65,6.19,5.39,16.98,42.8,18.33,11.09,16.8,54.53,0.15,corn,dormant,0.85,0.09,9.48,0.0,7.97,11.15,Low,Extreme Cold,0.01
2026-01-11,Hill Market,40.747,-73.985,-0.53,45.94,4.43,37.26,1.85,61.77,6.69,4.92,25.99,29.8,27.51,5.98,16.12,80.83,0.17,rice,dormant,2.4,3.05,24.19,11.67,15.77,21.81,Low,Extreme Cold,0.02
2026-01-11,North Valley,40.733,-73.995,1.11,52.59,13.54,14.42,1.66,24.52,6.39,5.35,12.91,28.97,20.29,4.74,14.6,36.44,0.18,rice,dormant,4.52,0.0,9.25,2.3,7.26,8.86,Low,Extreme Cold,0.01
2026-01-11,River Bend,40.712,-74.02,1.6,56.48,10.75,6.98,2.0,32.04,5.89,4.87,32.13,28.4,36.68,6.99,13.43,64.52,0.2,soybean,dormant,3.34,4.89,11.85,12.1,16.78,18.27,Low,Air Quality,0.02
2026-01-11,South Fields,40.691,-74.01,3.27,59.86,4.35,10.23,2.1,34.25,6.63,4.83,28.74,44.21,29.93,14.45,11.7,64.1,0.23,corn,dormant,1.61,3.48,5.35,8.51,18.03,15.86,Low,Air Quality,0.02
2026-01-12,East Orchard,40.724,-73.965,0.67,66.09,4.55,7.32,1.99,27.52,6.16,5.83,20.8,28.18,20.32,7.2,11.91,60.0,0.15,corn,dormant,0.0,0.28,6.69,4.14,12.0,11.19,Low,Air Quality,0.01
2026-01-12,Hill Market,40.747,-73.985,7.78,47.78,6.04,11.64,1.53,38.74,6.47,5.44,21.25,27.64,34.02,12.02,13.47,78.76,0.17,soybean,dormant,4.76,0.0,0.0,0.0,12.53,15.98,Low,Air Quality,0.01
2026-01-12,North Valley,40.733,-73.995,5.94,52.1,17.24,5.59,2.02,35.98,6.11,5.38,12.44,27.01,18.69,13.19,16.01,41.36,0.18,wheat,dormant,4.04,0.0,0.0,1.11,5.92,4.19,Low,Air Quality,0.01
2026-01-12,River Bend,40.712,-74.02,6.92,39.17,3.28,1.0,1.78,29.4,6.44,4.71,25.14,32.1,22.64,10.73,13.71,42.82,0.2,corn,dormant,0.0,1.38,0.63,17.71,7.88,13.76,Low,Acid Rain,0.02
2026-01-12,South Fields,40.691,-74.01,-1.6,63.05,7.53,13.56,1.74,24.27,6.22,4.71,26.07,33.92,26.06,6.79,13.23,54.22,0.23,corn,dormant,0.0,3.18,29.12,15.61,9.82,29.91,Low,Extreme Cold,0.03
2026-01-13,East Orchard,40.724,-73.965,-0.44,60.32,8.54,9.86,1.83,34.02,6.13,5.33,9.05,29.87,21.94,3.15,15.65,40.27,0.15,corn,dormant,0.0,0.0,14.85,2.51,1.66,10.89,Low,Extreme Cold,0.01
2026-01-13,Hill Market,40.747,-73.985,1.0,58.78,3.04,15.22,1.91,34.62,6.56,5.15,30.81,41.79,49.47,14.05,13.29,96.02,0.17,corn,dormant,3.23,3.71,16.68,4.17,31.27,28.41,Low,Air Quality,0.02
2026-01-13,North Valley,40.733,-73.995,0.26,61.55,1.16,28.87,1.92,30.89,6.4,5.73,22.94,36.44,25.52,12.41,17.33,68.42,0.18,wheat,dormant,0.0,0.0,23.3,3.4,11.6,17.51,Low,Extreme Cold,0.01
2026-01-13,River Bend,40.712,-74.02,0.95,77.84,8.43,7.97,2.11,36.87,6.31,5.24,32.88,32.33,23.16,7.03,16.68,45.67,0.2,rice,dormant,0.0,0.0,10.81,0.0,16.77,13.15,Low,Air Quality,0.0
2026-01-13,South Fields,40.691,-74.01,-1.11,54.47,14.27,17.25,2.05,28.04,6.65,5.16,22.82,39.31,35.27,15.8,13.8,59.1,0.23,corn,dormant,3.58,1.99,23.94,0.0,17.36,24.36,Low,Extreme Cold,0.02
2026-01-14,East Orchard,40.724,-73.965,-7.05,47.11,5.88,18.39,1.82,24.19,5.9,5.63,21.1,36.54,33.95,12.78,13.73,76.14,0.15,wheat,dormant,4.09,4.76,79.88,0.0,7.88,71.86,High,Extreme Cold,0.05
2026-01-14,Hill Market,40.747,-73.985,1.92,59.78,7.87,7.19,1.98,29.14,6.29,4.39,40.19,29.72,38.85,9.97,11.9,100.0,0.17,corn,dormant,0.0,0.0,1.77,58.54,34.15,50.6,Moderate,Acid Rain,0.05
2026-01-14,North Valley,40.733,-73.995,6.11,45.33,2.87,6.52,1.64,46.03,6.66,5.66,26.59,27.08,19.78,0.8,13.83,42.78,0.18,corn,dormant,0.0,1.03,0.0,0.0,7.73,6.5,Low,Air Quality,0.0
2026-01-14,River Bend,40.712,-74.02,3.18,45.37,2.9,5.2,2.04,42.6,6.28,4.95,19.14,44.04,40.09,11.74,12.91,81.44,0.2,corn,dormant,3.81,0.0,8.15,9.82,13.73,8.8,Low,Air Quality,0.02
2026-01-14,South Fields,40.691,-74.01,0.32,68.24,2.78,10.68,1.94,44.87,6.61,5.74,18.39,37.71,33.49,10.05,14.45,66.01,0.23,corn,dormant,3.66,0.66,18.75,0.0,11.67,12.76,Low,Extreme Cold,0.02
2026-01-15,East Orchard,40.724,-73.965,3.82,60.35,16.77,11.38,1.66,28.26,6.05,5.19,1.0,26.14,23.25,4.93,15.71,27.51,0.15,rice,dormant,5.16,3.84,0.0,3.7,0.0,4.23,Low,Flood,0.01
2026-01-15,Hill Market,40.747,-73.985,2.15,73.6,14.81,9.03,1.81,34.05,6.78,5.16,22.24,25.43,34.18,11.4,14.61,70.85,0.17,soybean,dormant,1.03,0.0,3.74,7.52,9.59,6.97,Low,Air Quality,0.01
2026-01-15,North Valley,40.733,-73.995,4.03,100.0,80.17,19.46,3.32,75.97,5.49,4.08,5.79,29.12,23.13,19.28,9.62,54.32,0.18,vegetable,dormant,100.0,3.15,0.0,94.62,0.25,90.84,Severe,Flood,0.24
2026-01-15,River Bend,40.712,-74.02,1.52,45.76,8.34,21.46,2.22,40.15,6.59,5.34,28.75,38.34,41.05,5.49,12.06,100.0,0.2,rice,dormant,1.14,1.75,5.91,1.98,19.88,15.9,Low,Air Quality,0.01
2026-01-15,South Fields,40.691,-74.01,1.88,56.73,0.69,7.62,2.06,24.09,6.61,4.95,24.3,37.98,31.07,9.09,11.49,59.21,0.23,corn,dormant,0.0,2.03,8.51,5.35,17.0,10.21,Low,Air Quality,0.01
2026-01-16,East Orchard,40.724,-73.965,-0.18,56.93,6.91,4.02,1.86,31.27,6.17,5.55,27.01,16.72,35.26,11.95,14.11,57.34,0.15,vegetable,dormant,0.0,0.0,15.21,0.0,11.94,21.29,Low,Extreme Cold,0.01
2026-01-16,Hill Market,40.747,-73.985,0.46,49.43,13.06,20.46,1.56,42.92,6.45,4.59,22.18,21.97,30.11,10.94,13.97,66.72,0.17,wheat,dormant,2.91,1.77,13.23,29.96,7.08,25.8,Low,Acid Rain,0.03
2026-01-16,North Valley,40.733,-73.995,11.26,51.15,6.75,16.22,2.42,51.82,6.53,5.43,22.99,20.65,27.96,5.22,15.28,53.0,0.18,corn,dormant,3.18,0.0,1.44,2.78,16.63,14.87,Low,Air Quality,0.01
2026-01-16,River Bend,40.712,-74.02,-6.03,42.07,4.32,9.29,2.19,33.0,6.34,4.94,23.21,30.41,32.41,8.03,14.45,60.24,0.2,wheat,dormant,5.33,0.0,63.5,10.27,11.11,61.51,High,Extreme Cold,0.04
2026-01-16,South Fields,40.691,-74.01,-0.2,52.86,8.65,7.49,1.93,37.02,6.35,5.14,25.02,35.08,23.15,5.46,15.67,44.0,0.23,vegetable,dormant,0.0,0.0,20.36,0.0,13.45,20.86,Low,Extreme Cold,0.01
2026-01-17,East Orchard,40.724,-73.965,1.51,45.48,2.84,14.3,1.59,33.97,6.12,5.42,17.98,31.93,23.21,5.76,12.6,44.4,0.15,corn,dormant,0.01,1.07,8.62,0.0,5.1,9.12,Low,Extreme Cold,0.01
2026-01-17,Hill Market,40.747,-73.985,2.16,65.72,8.07,11.05,1.48,31.2,6.3,4.81,23.58,26.87,33.48,7.92,13.26,65.27,0.17,corn,dormant,1.9,1.37,6.97,11.9,8.99,11.22,Low,Acid Rain,0.02
2026-01-17,North Valley,40.733,-73.995,4.34,81.27,3.77,9.07,2.45,47.27,6.91,5.15,14.16,31.78,23.34,6.49,19.1,37.04,0.18,vegetable,dormant,0.0,0.61,1.23,0.0,2.11,2.61,Low,Air Quality,0.0
2026-01-17,River Bend,40.712,-74.02,8.59,58.65,13.94,8.55,2.02,40.48,6.35,5.38,16.53,45.5,29.28,2.95,13.48,61.9,0.2,wheat,dormant,1.04,3.36,0.17,0.0,7.0,7.39,Low,Air Quality,0.0
2026-01-17,South Fields,40.691,-74.01,5.59,55.04,4.13,9.61,2.14,27.57,6.38,4.82,24.49,41.9,37.12,6.54,14.33,48.84,0.23,corn,dormant,0.0,0.0,0.85,12.45,14.46,11.81,Low,Air Quality,0.01
2026-01-18,East Orchard,40.724,-73.965,3.47,40.49,2.93,2.35,1.73,35.06,6.23,5.3,15.7,35.55,31.65,13.55,12.58,54.48,0.15,rice,dormant,0.18,0.0,0.93,0.0,3.26,6.18,Low,Air Quality,0.0
2026-01-18,Hill Market,40.747,-73.985,3.27,64.13,4.13,6.97,1.39,36.78,6.5,4.91,27.76,29.43,23.57,5.67,14.81,49.46,0.17,rice,dormant,0.55,0.0,5.44,4.71,15.3,12.54,Low,Air Quality,0.01
2026-01-18,North Valley,40.733,-73.995,5.1,45.06,4.77,16.55,1.49,21.81,6.41,5.45,18.7,30.58,25.14,10.34,13.93,53.94,0.18,wheat,dormant,5.81,0.42,3.01,1.95,4.12,5.61,Low,Flood,0.01
2026-01-18,River Bend,40.712,-74.02,-0.65,69.4,44.45,7.52,3.04,51.11,5.86,4.44,19.77,26.63,29.79,10.24,12.87,61.52,0.2,corn,dormant,48.3,0.0,17.31,73.66,10.28,63.84,High,Acid Rain,0.14
2026-01-18,South Fields,40.691,-74.01,3.26,64.41,0.87,9.64,2.07,27.71,6.6,5.41,15.03,45.38,15.74,6.07,14.51,31.31,0.23,corn,dormant,1.39,0.51,2.31,5.23,0.0,1.95,Low,Acid Rain,0.01
2026-01-19,East Orchard,40.724,-73.965,-0.6,85.65,64.45,33.74,2.99,52.76,5.66,4.65,16.38,32.3,26.34,17.54,12.93,45.79,0.15,corn,dormant,71.53,0.0,24.73,73.05,8.17,67.42,High,Acid Rain,0.17
2026-01-19,Hill Market,40.747,-73.985,2.54,44.94,5.55,4.52,2.05,21.31,6.66,4.79,18.97,27.44,30.1,12.66,14.25,76.9,0.17,corn,dormant,4.72,0.0,4.77,15.86,9.08,19.39,Low,Acid Rain,0.02
2026-01-19,North Valley,40.733,-73.995,6.7,71.7,39.05,2.35,2.44,65.88,5.87,5.17,12.51,36.18,16.49,6.88,10.19,50.09,0.18,wheat,dormant,26.74,1.9,0.0,8.15,1.65,25.02,Low,Flood,0.04
2026-01-19,River Bend,40.712,-74.02,2.99,87.1,22.5,2.31,2.72,28.18,5.95,4.85,10.92,16.65,17.9,7.11,13.38,35.69,0.2,wheat,dormant,11.52,0.0,0.0,15.53,3.47,17.49,Low,Acid Rain,0.03
2026-01-19,South Fields,40.691,-74.01,0.53,39.28,4.5,15.11,2.45,40.03,6.39,4.99,32.65,45.18,39.52,10.48,14.27,58.84,0.23,corn,dormant,0.0,2.8,10.98,9.11,18.6,17.26,Low,Air Quality,0.02
2026-01-20,East Orchard,40.724,-73.965,1.59,84.97,16.11,3.18,1.87,71.25,6.2,5.21,17.7,41.43,31.45,11.3,14.3,66.72,0.15,corn,dormant,3.44,0.0,3.79,2.62,11.76,13.99,Low,Air Quality,0.01
2026-01-20,Hill Market,40.747,-73.985,0.4,83.37,16.27,20.72,2.05,46.55,6.64,5.12,21.62,30.9,36.65,7.97,14.38,90.27,0.17,vegetable,dormant,7.32,0.0,16.47,2.46,8.94,12.64,Low,Extreme Cold,0.02
2026-01-20,North Valley,40.733,-73.995,4.28,100.0,85.18,16.18,3.62,89.41,5.78,4.3,18.22,39.22,27.66,19.23,13.92,54.91,0.18,wheat,dormant,100.0,1.1,0.0,95.89,9.49,86.97,Severe,Flood,0.19
2026-01-20,River Bend,40.712,-74.02,0.09,24.4,4.01,14.09,2.43,38.91,6.32,5.3,21.54,38.21,32.55,1.54,13.24,76.05,0.2,wheat,dormant,4.26,6.47,20.67,0.0,9.53,18.31,Low,Extreme Cold,0.02
2026-01-20,South Fields,40.691,-74.01,5.22,53.72,15.99,8.64,2.14,35.22,6.28,5.34,26.03,31.29,42.97,11.09,15.1,74.69,0.23,vegetable,dormant,3.53,1.33,0.0,0.0,18.91,18.33,Low,Air Quality,0.01
2026-01-21,East Orchard,40.724,-73.965,-1.9,45.69,15.59,15.45,2.14,31.14,5.92,5.43,23.39,47.14,29.32,6.33,16.42,57.48,0.15,corn,dormant,3.66,0.0,30.51,0.42,13.57,24.58,Low,Extreme Cold,0.02
2026-01-21,Hill Market,40.747,-73.985,0.26,41.76,8.87,1.0,2.05,34.93,6.41,4.43,22.4,32.08,44.55,6.62,11.72,90.93,0.17,corn,dormant,5.18,2.44,8.09,58.84,15.69,52.14,Moderate,Acid Rain,0.06
2026-01-21,North Valley,40.733,-73.995,-0.14,34.2,3.35,6.64,2.02,29.81,6.32,5.16,22.45,25.77,22.46,8.46,16.45,52.5,0.18,wheat,dormant,2.3,1.74,14.98,2.51,6.93,13.3,Low,Extreme Cold,0.01
2026-01-21,River Bend,40.712,-74.02,3.19,71.0,7.28,9.01,2.33,31.17,6.12,5.26,26.01,45.33,45.28,12.99,14.75,97.23,0.2,corn,dormant,0.0,1.42,5.4,0.0,21.99,20.87,Low,Air Quality,0.0
2026-01-21,South Fields,40.691,-74.01,5.03,62.75,6.17,22.59,2.11,56.89,6.6,5.14,11.97,27.72,33.2,12.13,15.57,67.33,0.23,corn,dormant,0.44,2.63,0.0,6.59,6.9,4.18,Low,Air Quality,0.01
2026-01-22,East Orchard,40.724,-73.965,-0.49,56.05,0.94,17.29,1.75,55.61,6.43,5.83,11.92,23.05,21.6,7.42,16.52,51.09,0.15,vegetable,dormant,2.22,2.41,14.8,0.0,0.0,10.94,Low,Extreme Cold,0.01
2026-01-22,Hill Market,40.747,-73.985,10.99,67.08,6.71,5.76,1.67,49.47,6.53,4.97,21.43,14.21,36.94,8.96,14.87,73.24,0.17,vegetable,dormant,6.19,6.65,0.05,2.81,11.89,11.44,Low,Air Quality,0.02
2026-01-22,North Valley,40.733,-73.995,3.46,47.2,19.36,11.56,2.22,35.28,6.33,4.98,17.44,29.46,28.04,7.42,14.58,50.59,0.18,wheat,dormant,3.21,0.0,0.83,5.39,4.33,3.75,Low,Acid Rain,0.01
2026-01-22,River Bend,40.712,-74.02,11.58,77.67,4.88,20.24,1.99,51.18,6.36,5.03,17.49,13.29,37.41,5.58,20.05,83.87,0.2,wheat,dormant,0.0,0.36,3.84,5.5,3.27,5.36,Low,Acid Rain,0.01
2026-01-22,South Fields,40.691,-74.01,2.31,50.27,8.38,21.7,2.14,44.68,6.39,5.24,28.78,29.52,37.31,9.4,12.92,68.47,0.23,corn,dormant,0.0,1.98,9.08,0.0,20.12,17.64,Low,Air Quality,0.01
2026-01-23,East Orchard,40.724,-73.965,2.57,53.99,16.34,18.56,2.47,43.76,5.9,5.08,21.71,24.42,33.29,13.39,17.13,55.39,0.15,wheat,dormant,4.16,0.0,9.54,5.45,5.02,7.54,Low,Extreme Cold,0.01
2026-01-23,Hill Market,40.747,-73.985,4.1,49.92,3.23,24.98,1.69,35.52,6.65,4.94,17.29,21.76,38.9,9.49,12.32,85.5,0.17,corn,dormant,0.0,0.0,1.8,4.65,11.0,10.22,Low,Air Quality,0.0
2026-01-23,North Valley,40.733,-73.995,5.42,37.48,4.19,7.29,1.89,31.58,6.5,5.48,23.07,9.99,24.72,1.4,14.19,58.16,0.18,vegetable,dormant,0.0,1.93,0.0,1.2,6.44,6.54,Low,Air Quality,0.0
2026-01-23,River Bend,40.712,-74.02,-0.81,55.87,6.42,27.15,2.57,34.67,6.19,5.13,28.11,27.97,22.61,6.62,14.25,52.36,0.2,rice,dormant,2.38,2.21,25.21,1.01,13.16,25.2,Low,Extreme Cold,0.01
2026-01-23,South Fields,40.691,-74.01,6.52,51.33,7.9,6.36,1.86,54.17,6.47,5.05,35.67,31.89,25.6,5.54,14.35,62.94,0.23,corn,dormant,0.0,1.97,0.0,0.53,22.16,22.83,Low,Air Quality,0.0
2026-01-24,East Orchard,40.724,-73.965,1.66,60.79,8.84,6.25,1.95,33.21,6.27,5.23,13.9,29.25,29.09,7.62,13.28,41.41,0.15,corn,dormant,2.85,0.78,6.77,0.0,7.69,7.57,Low,Air Quality,0.01
2026-01-24,Hill Market,40.747,-73.985,7.58,66.07,14.84,9.13,2.1,40.99,6.1,4.23,25.0,24.38,16.74,7.63,13.39,48.13,0.17,corn,dormant,3.24,2.75,6.96,65.79,3.32,61.47,High,Acid Rain,0.06
2026-01-24,North Valley,40.733,-73.995,7.39,49.9,9.7,8.65,2.37,27.69,6.27,5.28,17.74,32.5,32.01,3.06,14.03,75.47,0.18,rice,dormant,4.64,0.0,0.0,0.0,10.93,6.41,Low,Air Quality,0.01
2026-01-24,River Bend,40.712,-74.02,6.76,29.89,7.43,9.4,2.41,26.88,6.3,4.9,31.13,20.59,34.85,8.73,16.04,63.63,0.2,wheat,dormant,4.57,0.0,0.0,10.7,14.23,11.12,Low,Air Quality,0.01
2026-01-24,South Fields,40.691,-74.01,1.18,37.75,11.28,5.42,1.86,45.11,6.57,5.26,17.58,24.19,32.16,9.07,15.78,32.71,0.23,corn,dormant,4.74,2.3,12.34,6.11,0.58,12.96,Low,Extreme Cold,0.02
2026-01-25,East Orchard,40.724,-73.965,2.24,51.93,3.62,14.16,1.96,41.59,6.43,5.66,10.74,17.08,24.78,8.97,14.98,42.22,0.15,soybean,dormant,0.26,0.0,9.53,1.18,7.41,14.42,Low,Extreme Cold,0.01
2026-01-25,Hill Market,40.747,-73.985,4.43,53.85,3.56,4.19,1.81,32.56,6.85,4.8,18.58,36.39,39.43,13.95,18.54,74.04,0.17,corn,dormant,1.98,0.88,0.0,14.91,12.05,10.79,Low,Acid Rain,0.02
2026-01-25,North Valley,40.733,-73.995,4.04,56.99,6.65,4.16,2.11,42.25,6.77,5.68,22.08,18.93,32.65,5.01,14.85,53.44,0.18,wheat,dormant,5.59,6.49,0.0,0.0,8.55,9.47,Low,Air Quality,0.01
2026-01-25,River Bend,40.712,-74.02,1.38,56.62,0.59,3.18,2.36,48.17,6.34,5.68,29.72,40.36,39.68,19.84,13.46,86.91,0.2,wheat,dormant,0.0,2.09,8.02,1.0,22.48,18.01,Low,Air Quality,0.01
2026-01-25,South Fields,40.691,-74.01,-3.66,65.16,8.53,9.72,2.28,34.55,6.69,4.78,16.21,25.0,22.94,1.67,15.23,37.23,0.23,corn,dormant,0.0,0.0,43.61,13.55,5.03,41.64,Moderate,Extreme Cold,0.03
2026-01-26,East Orchard,40.724,-73.965,2.45,51.79,14.27,26.24,2.19,39.61,6.29,5.4,12.61,37.35,13.93,6.39,17.55,43.07,0.15,corn,dormant,0.0,4.24,9.13,3.36,4.44,6.71,Low,Extreme Cold,0.01
2026-01-26,Hill Market,40.747,-73.985,9.21,73.71,5.78,8.25,2.01,54.6,6.71,5.21,25.02,27.03,18.13,10.35,14.82,68.12,0.17,corn,dormant,0.0,3.47,3.29,0.63,11.57,9.13,Low,Air Quality,0.01
2026-01-26,North Valley,40.733,-73.995,7.74,52.46,3.26,20.61,1.74,35.65,6.5,4.87,26.87,21.75,30.83,0.0,16.47,47.36,0.18,corn,dormant,0.0,0.0,0.54,0.85,12.87,9.29,Low,Air Quality,0.0
2026-01-26,River Bend,40.712,-74.02,5.18,53.2,3.41,2.66,1.92,27.65,6.26,5.23,35.52,37.89,35.62,6.36,13.26,79.22,0.2,corn,dormant,0.1,1.02,0.0,0.0,23.25,22.5,Low,Air Quality,0.0
2026-01-26,South Fields,40.691,-74.01,7.14,62.66,1.82,8.46,2.06,44.86,6.51,5.03,31.44,31.92,34.28,2.65,12.16,80.17,0.23,corn,dormant,1.46,0.0,4.33,4.82,19.81,23.64,Low,Air Quality,0.01
2026-01-27,East Orchard,40.724,-73.965,1.25,60.32,4.19,12.26,1.94,58.51,6.23,5.09,19.12,33.85,33.44,13.65,16.72,67.04,0.15,corn,dormant,0.0,5.85,9.86,0.12,13.86,15.46,Low,Air Quality,0.01
2026-01-27,Hill Market,40.747,-73.985,-0.94,58.08,7.93,14.93,1.84,30.08,6.33,5.02,11.64,24.5,30.77,2.96,18.06,64.1,0.17,wheat,dormant,3.04,1.86,12.21,5.14,3.09,9.77,Low,Extreme Cold,0.01
2026-01-27,North Valley,40.733,-73.995,5.46,46.53,2.52,12.51,2.3,34.52,5.92,5.7,18.21,23.39,24.28,4.98,17.68,43.66,0.18,wheat,dormant,0.0,0.26,0.0,1.27,7.31,4.82,Low,Air Quality,0.0
2026-01-27,River Bend,40.712,-74.02,0.27,61.71,6.07,12.64,2.61,34.01,6.26,4.95,22.2,31.68,25.19,2.12,12.73,66.12,0.2,corn,dormant,3.24,0.0,14.86,6.29,3.34,13.53,Low,Extreme Cold,0.02
2026-01-27,South Fields,40.691,-74.01,6.28,41.0,5.82,13.47,2.21,26.62,6.88,5.18,23.68,39.97,30.75,7.12,16.3,48.23,0.23,corn,dormant,0.5,0.0,0.0,2.74,9.73,8.47,Low,Air Quality,0.0
2026-01-28,East Orchard,40.724,-73.965,-2.18,52.31,8.43,11.89,2.24,28.8,6.2,5.42,8.16,43.23,17.56,6.3,16.42,37.1,0.15,corn,dormant,0.0,0.0,35.79,2.8,4.03,30.8,Low,Extreme Cold,0.02
2026-01-28,Hill Market,40.747,-73.985,1.33,45.54,4.97,20.46,2.08,36.98,6.89,4.94,27.32,28.09,41.77,7.5,15.92,88.96,0.17,corn,dormant,0.12,3.31,9.41,1.23,18.04,10.97,Low,Air Quality,0.01
2026-01-28,North Valley,40.733,-73.995,4.36,71.3,13.6,23.45,2.04,52.22,6.18,5.31,16.6,29.82,27.66,3.76,14.22,37.15,0.18,wheat,dormant,5.9,0.0,8.27,0.0,3.93,9.59,Low,Extreme Cold,0.01
2026-01-28,River Bend,40.712,-74.02,3.32,60.9,20.49,5.24,2.82,48.76,5.6,5.01,19.18,36.42,25.57,7.73,14.56,59.02,0.2,wheat,dormant,11.0,1.19,5.7,8.91,6.76,10.27,Low,Flood,0.02
2026-01-28,South Fields,40.691,-74.01,6.45,68.56,6.5,17.41,2.16,30.78,6.65,5.13,20.73,39.01,39.89,11.17,12.5,61.45,0.23,vegetable,dormant,0.0,0.14,0.0,1.16,10.84,9.69,Low,Air Quality,0.0
2026-01-29,East Orchard,40.724,-73.965,1.79,70.16,11.07,16.32,1.92,39.58,6.51,4.77,16.68,40.16,14.52,4.63,13.22,29.87,0.15,wheat,dormant,5.64,0.0,10.06,12.18,5.07,10.55,Low,Acid Rain,0.02
2026-01-29,Hill Market,40.747,-73.985,7.63,53.66,9.81,3.67,2.04,36.39,6.52,4.43,9.65,31.56,35.97,6.28,13.81,70.69,0.17,corn,dormant,0.0,0.19,0.29,46.01,8.67,44.04,Moderate,Acid Rain,0.04
2026-01-29,North Valley,40.733,-73.995,-0.79,63.42,9.95,16.23,2.32,35.9,6.23,5.25,18.57,29.36,25.14,9.63,13.59,54.89,0.18,corn,dormant,1.08,0.23,18.89,3.3,5.51,15.41,Low,Extreme Cold,0.01
2026-01-29,River Bend,40.712,-74.02,-0.2,58.64,3.57,9.16,2.23,47.34,5.77,5.3,17.2,24.45,30.7,9.07,14.96,75.95,0.2,wheat,dormant,5.48,0.0,17.04,2.38,6.77,16.73,Low,Extreme Cold,0.02
2026-01-29,South Fields,40.691,-74.01,3.56,51.73,6.82,9.06,2.01,40.17,6.65,5.26,24.71,31.67,29.62,5.84,16.03,75.51,0.23,corn,dormant,0.0,0.77,4.68,0.46,14.45,13.12,Low,Air Quality,0.0
2026-01-30,East Orchard,40.724,-73.965,3.41,65.87,0.69,7.51,1.9,33.88,6.13,5.31,20.73,26.41,13.33,4.8,17.1,54.6,0.15,corn,dormant,4.52,0.0,5.48,2.57,5.67,3.64,Low,Air Quality,0.01
2026-01-30,Hill Market,40.747,-73.985,2.98,55.34,12.76,15.61,2.09,23.64,6.49,4.76,17.02,27.32,35.33,8.13,13.69,65.47,0.17,corn,dormant,1.67,0.0,12.17,21.11,8.73,15.04,Low,Acid Rain,0.02
2026-01-30,North Valley,40.733,-73.995,10.65,56.49,15.07,26.83,1.93,30.2,6.18,5.46,21.34,28.1,28.61,5.93,13.33,44.95,0.18,wheat,dormant,0.0,4.84,1.67,5.24,10.28,6.45,Low,Air Quality,0.01
2026-01-30,River Bend,40.712,-74.02,6.42,67.87,4.66,10.51,2.45,28.09,6.22,4.9,33.26,21.41,18.8,8.14,16.73,62.37,0.2,wheat,dormant,0.0,0.0,3.18,6.58,10.2,5.59,Low,Air Quality,0.01
2026-01-30,South Fields,40.691,-74.01,2.47,60.6,1.17,12.01,2.38,42.62,6.31,5.24,14.66,28.12,25.59,4.73,11.54,39.26,0.23,corn,dormant,1.01,3.56,5.23,1.97,2.21,9.64,Low,Extreme Cold,0.01
2026-01-31,East Orchard,40.724,-73.965,4.41,82.1,31.67,10.25,2.28,50.41,6.06,5.54,15.3,32.16,27.24,13.8,15.56,46.14,0.15,corn,dormant,15.05,0.0,5.37,4.01,3.59,13.11,Low,Flood,0.03
2026-01-31,Hill Market,40.747,-73.985,-2.52,67.87,11.55,5.06,2.04,44.66,6.35,5.0,27.65,41.98,18.21,5.65,14.06,68.37,0.17,corn,dormant,1.27,0.0,32.12,0.89,18.78,30.01,Low,Extreme Cold,0.02
2026-01-31,North Valley,40.733,-73.995,5.85,50.31,4.94,34.89,2.28,40.65,6.39,5.37,23.28,39.74,24.31,7.3,14.61,44.13,0.18,vegetable,dormant,3.33,7.87,2.67,0.0,13.44,9.93,Low,Air Quality,0.02
2026-01-31,River Bend,40.712,-74.02,5.51,52.09,1.78,37.09,1.91,41.1,6.67,5.31,16.75,41.32,21.81,5.94,14.56,38.85,0.2,corn,dormant,1.24,0.0,0.96,0.0,5.78,2.64,Low,Air Quality,0.0
2026-01-31,South Fields,40.691,-74.01,-0.18,73.72,13.86,4.27,2.14,30.37,6.58,5.31,17.77,30.8,30.79,7.05,17.74,52.28,0.23,corn,dormant,2.72,0.25,15.5,0.0,5.76,9.54,Low,Extreme Cold,0.01
2026-02-01,East Orchard,40.724,-73.965,-2.04,53.0,5.94,7.78,1.78,26.4,6.5,5.28,19.01,24.8,39.17,5.94,17.7,53.44,0.15,vegetable,dormant,4.99,1.44,24.25,3.28,8.65,21.94,Low,Extreme Cold,0.03
2026-02-01,Hill Market,40.747,-73.985,6.08,43.76,5.29,19.48,2.09,32.48,6.43,4.76,29.79,40.51,32.23,12.09,16.0,70.3,0.17,soybean,dormant,0.12,1.56,0.0,15.99,15.94,13.41,Low,Acid Rain,0.01
2026-02-01,North Valley,40.733,-73.995,8.41,64.41,17.2,8.78,2.36,45.3,5.91,5.08,9.76,26.81,15.74,5.72,13.75,39.46,0.18,wheat,dormant,2.9,3.76,0.93,5.9,1.04,8.82,Low,Acid Rain,0.01
2026-02-01,River Bend,40.712,-74.02,7.25,63.12,13.39,9.05,2.54,58.15,6.18,4.85,18.43,38.31,26.65,7.62,16.14,68.63,0.2,wheat,dormant,6.72,1.19,6.22,18.32,5.96,17.16,Low,Acid Rain,0.02
2026-02-01,South Fields,40.691,-74.01,8.57,43.29,3.86,30.46,1.93,40.49,6.66,5.36,22.49,58.1,15.42,5.34,17.53,36.2,0.23,vegetable,dormant,2.47,2.97,3.58,0.0,11.6,10.4,Low,Air Quality,0.01
2026-02-02,East Orchard,40.724,-73.965,3.35,48.06,3.06,12.43,2.04,25.79,6.1,5.7,20.9,42.37,22.13,9.79,12.65,43.17,0.15,corn,dormant,1.33,6.38,3.46,0.0,4.56,2.89,Low,Extreme Heat,0.01
2026-02-02,Hill Market,40.747,-73.985,5.96,59.08,8.49,7.05,2.01,29.18,6.65,4.76,22.44,28.37,36.09,6.87,18.16,65.7,0.17,corn,dormant,0.0,2.63,6.16,12.05,14.98,10.37,Low,Air Quality,0.02
2026-02-02,North Valley,40.733,-73.995,3.47,59.14,7.75,31.56,2.22,35.42,6.3,5.47,16.41,32.19,27.08,9.68,14.9,54.06,0.18,corn,dormant,5.42,0.0,6.92,0.64,11.08,4.87,Low,Air Quality,0.01
2026-02-02,River Bend,40.712,-74.02,4.44,66.41,10.18,11.01,2.56,39.71,6.42,5.03,18.82,15.28,35.63,9.61,16.94,59.1,0.2,corn,dormant,2.0,0.0,4.69,1.81,6.27,6.7,Low,Air Quality,0.01
2026-02-02,South Fields,40.691,-74.01,2.83,64.77,3.61,7.3,2.54,14.9,6.7,4.83,41.74,29.67,35.52,7.33,12.73,61.28,0.23,corn,dormant,3.75,2.44,5.69,10.98,24.69,19.41,Low,Air Quality,0.02
2026-02-03,East Orchard,40.724,-73.965,2.34,60.36,3.86,2.77,1.69,38.14,6.31,5.34,12.12,33.17,19.91,6.34,15.64,46.06,0.15,corn,dormant,0.8,2.52,0.0,4.44,1.75,3.68,Low,Acid Rain,0.01
2026-02-03,Hill Market,40.747,-73.985,2.96,49.24,2.87,9.37,2.24,30.44,6.45,5.48,20.78,29.49,42.24,10.75,14.34,100.0,0.17,corn,dormant,0.0,0.18,3.81,0.0,12.79,7.7,Low,Air Quality,0.0
2026-02-03,North Valley,40.733,-73.995,9.46,100.0,63.33,22.23,3.11,68.63,5.21,4.56,14.96,29.21,26.24,19.34,11.73,60.74,0.18,rice,dormant,86.95,3.91,1.92,83.31,4.98,81.87,Severe,Flood,0.15
2026-02-03,River Bend,40.712,-74.02,9.09,59.45,3.62,14.59,2.25,44.8,6.2,5.0,10.32,35.53,39.12,9.11,14.55,86.51,0.2,corn,dormant,0.59,0.0,0.0,5.54,9.81,10.84,Low,Air Quality,0.01
2026-02-03,South Fields,40.691,-74.01,3.99,100.0,75.53,27.49,3.71,79.15,6.36,3.93,25.95,33.9,28.73,19.18,10.16,64.49,0.23,corn,dormant,98.43,1.12,0.18,99.94,15.45,89.04,Severe,Acid Rain,0.22
2026-02-04,East Orchard,40.724,-73.965,0.35,65.42,8.57,8.68,1.96,37.45,5.82,5.47,12.04,39.15,27.28,5.0,14.34,48.27,0.15,soybean,dormant,0.0,1.6,13.23,0.77,1.62,8.79,Low,Extreme Cold,0.01
2026-02-04,Hill Market,40.747,-73.985,6.34,58.26,4.52,5.28,2.01,34.54,6.51,4.89,34.59,24.36,33.6,1.5,14.6,80.09,0.17,corn,dormant,0.0,1.74,0.0,13.38,23.8,24.69,Low,Air Quality,0.01
2026-02-04,North Valley,40.733,-73.995,14.33,61.73,2.17,12.27,1.89,21.35,6.56,4.9,32.46,28.6,36.12,7.78,15.26,63.26,0.18,corn,dormant,0.81,6.57,0.0,4.46,15.32,17.42,Low,Air Quality,0.01
2026-02-04,River Bend,40.712,-74.02,10.6,59.97,0.75,5.35,2.43,34.1,6.53,5.01,18.22,35.97,27.57,4.2,15.71,87.93,0.2,wheat,dormant,2.45,0.14,0.44,2.96,14.33,12.75,Low,Air Quality,0.01
2026-02-04,South Fields,40.691,-74.01,7.39,61.41,2.84,9.45,2.63,43.19,6.51,5.07,20.76,43.05,29.57,1.85,15.11,69.49,0.23,corn,dormant,6.22,0.49,0.0,4.68,12.26,9.9,Low,Air Quality,0.01
2026-02-05,East Orchard,40.724,-73.965,9.38,47.26,2.0,7.64,2.06,26.8,6.4,5.53,21.34,37.96,27.18,8.66,16.79,57.96,0.15,corn,dormant,0.0,3.95,0.36,0.0,9.06,10.45,Low,Air Quality,0.0
2026-02-05,Hill Market,40.747,-73.985,7.95,55.37,26.4,15.71,2.57,29.85,6.23,4.54,23.1,40.15,33.35,12.15,13.84,74.48,0.17,corn,dormant,10.6,2.39,0.0,48.94,17.79,37.37,Moderate,Acid Rain,0.06
2026-02-05,North Valley,40.733,-73.995,8.43,58.64,22.66,12.71,2.18,57.13,6.13,5.0,23.06,30.2,18.58,4.67,14.95,49.7,0.18,wheat,dormant,8.74,2.13,1.71,5.46,8.74,6.23,Low,Flood,0.02
2026-02-05,River Bend,40.712,-74.02,3.51,66.38,1.64,9.83,2.28,37.26,6.07,5.08,24.91,26.31,26.68,11.45,14.04,58.24,0.2,wheat,dormant,0.6,0.5,2.93,4.22,9.56,6.82,Low,Air Quality,0.01
2026-02-05,South Fields,40.691,-74.01,7.65,69.39,16.38,26.72,2.52,60.85,6.45,5.1,15.91,31.97,26.8,5.43,15.92,43.22,0.23,corn,dormant,6.0,0.7,2.11,6.28,7.98,10.49,Low,Air Quality,0.02
2026-02-06,East Orchard,40.724,-73.965,-1.55,56.3,6.13,17.22,2.01,39.5,6.42,5.72,15.13,43.32,26.43,8.3,17.46,57.51,0.15,soybean,dormant,4.0,0.0,27.53,3.17,11.35,19.22,Low,Extreme Cold,0.02
2026-02-06,Hill Market,40.747,-73.985,4.84,63.92,4.62,6.87,2.33,31.05,6.43,4.75,20.46,34.86,21.3,9.48,13.68,66.24,0.17,corn,dormant,0.0,0.0,0.98,9.23,7.62,10.77,Low,Acid Rain,0.01
2026-02-06,North Valley,40.733,-73.995,1.81,69.45,2.3,23.76,2.12,42.98,6.8,5.31,8.96,34.53,28.85,7.66,15.35,44.69,0.18,wheat,dormant,2.76,0.0,8.89,0.0,6.11,5.09,Low,Extreme Cold,0.01
2026-02-06,River Bend,40.712,-74.02,6.83,44.62,2.3,9.58,2.37,52.43,6.25,5.0,20.17,30.57,27.38,13.05,12.09,49.27,0.2,wheat,dormant,3.9,0.01,4.48,7.58,9.88,11.61,Low,Air Quality,0.01
2026-02-06,South Fields,40.691,-74.01,7.8,46.26,5.25,23.37,2.27,47.71,6.66,5.14,17.84,24.99,30.45,6.11,14.51,40.38,0.23,rice,dormant,7.51,5.61,0.0,0.0,9.06,9.49,Low,Air Quality,0.01
2026-02-07,East Orchard,40.724,-73.965,4.31,63.31,0.18,11.0,1.88,38.32,6.44,5.51,10.37,10.05,24.36,5.46,15.76,31.08,0.15,soybean,dormant,2.29,1.22,0.0,2.67,2.47,3.54,Low,Acid Rain,0.01
2026-02-07,Hill Market,40.747,-73.985,8.32,64.02,17.94,9.12,2.27,53.87,6.38,4.52,17.35,25.91,23.09,6.24,17.15,54.17,0.17,wheat,dormant,3.67,1.8,0.0,41.54,9.03,33.39,Low,Acid Rain,0.03
2026-02-07,North Valley,40.733,-73.995,-0.58,51.34,3.86,17.08,2.03,27.69,6.46,5.35,4.87,31.08,21.72,2.1,16.17,34.5,0.18,wheat,dormant,0.0,7.44,24.01,1.3,5.98,22.33,Low,Extreme Cold,0.02
2026-02-07,River Bend,40.712,-74.02,-0.01,68.74,6.53,21.37,2.65,46.08,6.71,4.52,32.72,43.66,33.48,11.57,10.39,69.53,0.2,vegetable,dormant,0.0,0.0,20.33,37.14,22.25,34.42,Low,Acid Rain,0.04
2026-02-07,South Fields,40.691,-74.01,4.38,56.0,4.63,18.62,2.34,30.18,6.66,5.59,10.47,45.63,28.47,5.37,12.78,36.64,0.23,corn,dormant,0.0,0.32,6.43,0.0,0.0,6.56,Low,Extreme Cold,0.0
2026-02-08,East Orchard,40.724,-73.965,11.47,54.74,5.36,4.74,2.26,48.16,6.36,5.71,14.49,24.78,22.66,11.17,17.25,38.86,0.15,corn,dormant,1.61,6.39,3.48,0.0,2.41,7.96,Low,Extreme Heat,0.01
2026-02-08,Hill Market,40.747,-73.985,4.28,60.36,2.16,20.01,1.84,41.26,6.78,5.28,14.61,28.97,29.54,6.7,15.71,53.39,0.17,corn,dormant,0.0,3.56,3.97,2.03,0.0,4.31,Low,Extreme Cold,0.01
2026-02-08,North Valley,40.733,-73.995,15.25,74.28,9.58,22.01,2.11,35.62,6.38,4.91,16.6,9.46,7.06,6.54,11.44,13.78,0.18,wheat,dormant,0.0,10.64,0.0,0.57,5.42,5.87,Low,Extreme Heat,0.01
2026-02-08,River Bend,40.712,-74.02,2.77,72.24,8.29,6.02,2.63,43.76,6.44,4.89,12.17,34.53,27.01,8.03,13.2,48.36,0.2,rice,dormant,0.0,0.45,6.95,12.64,7.16,6.14,Low,Acid Rain,0.01
2026-02-08,South Fields,40.691,-74.01,4.11,77.74,12.37,2.58,2.31,27.72,6.74,5.05,25.76,25.51,31.25,13.41,17.19,63.51,0.23,soybean,dormant,4.56,0.0,0.0,7.2,14.61,16.6,Low,Air Quality,0.01
2026-02-09,East Orchard,40.724,-73.965,11.96,58.96,5.98,19.11,2.13,22.76,6.24,5.06,22.12,33.58,19.94,9.45,11.3,44.75,0.15,rice,dormant,0.39,5.07,4.93,4.68,6.82,6.79,Low,Air Quality,0.01
2026-02-09,Hill Market,40.747,-73.985,8.0,51.33,2.39,4.86,1.97,26.31,6.52,5.18,18.27,34.12,32.13,10.38,14.65,81.65,0.17,wheat,dormant,2.25,0.0,0.0,0.89,12.33,10.27,Low,Air Quality,0.0
2026-02-09,North Valley,40.733,-73.995,5.04,37.73,4.37,5.5,1.93,32.3,6.5,5.27,20.89,23.45,22.12,8.74,14.94,43.27,0.18,wheat,dormant,2.34,0.0,0.0,0.58,5.56,7.23,Low,Air Quality,0.0
2026-02-09,River Bend,40.712,-74.02,5.55,58.32,8.36,17.94,2.42,29.8,6.18,5.29,27.3,39.26,21.84,5.88,15.4,61.26,0.2,rice,dormant,1.29,4.07,5.85,0.0,10.43,10.41,Low,Air Quality,0.01
2026-02-09,South Fields,40.691,-74.01,5.24,49.55,7.96,10.5,2.6,45.38,6.42,5.25,27.95,13.07,28.67,7.16,12.1,63.36,0.23,soybean,dormant,0.93,1.53,8.87,0.0,10.51,7.25,Low,Air Quality,0.01
2026-02-10,East Orchard,40.724,-73.965,9.01,56.31,8.43,21.53,2.41,30.97,5.72,5.21,14.41,13.81,19.6,8.95,13.53,22.32,0.15,corn,dormant,0.0,0.0,0.0,0.4,3.41,2.37,Low,Air Quality,0.0
2026-02-10,Hill Market,40.747,-73.985,8.97,49.01,3.21,6.03,1.96,27.4,6.62,4.66,30.03,26.89,39.17,5.01,14.35,86.84,0.17,corn,dormant,1.52,0.0,2.14,21.58,17.19,20.09,Low,Acid Rain,0.02
2026-02-10,North Valley,40.733,-73.995,5.43,74.3,8.28,24.87,2.09,39.4,6.07,5.05,19.54,32.56,29.23,7.2,14.37,53.36,0.18,corn,dormant,0.08,0.53,0.0,4.67,8.82,3.72,Low,Air Quality,0.0
2026-02-10,River Bend,40.712,-74.02,5.32,92.53,51.78,22.21,3.3,63.5,5.92,4.27,16.43,35.35,27.82,18.02,12.56,79.24,0.2,soybean,dormant,74.62,2.66,0.0,90.76,6.34,80.72,Severe,Acid Rain,0.17
2026-02-10,South Fields,40.691,-74.01,3.24,67.38,17.33,31.45,2.65,30.32,6.44,5.1,25.33,20.06,32.41,9.05,13.49,75.7,0.23,corn,dormant,6.41,0.0,4.84,4.0,11.19,8.66,Low,Air Quality,0.01
2026-02-11,East Orchard,40.724,-73.965,2.74,72.58,7.13,11.69,1.91,43.91,6.39,5.89,21.83,42.65,24.35,12.25,13.75,64.22,0.15,rice,dormant,0.0,5.36,5.09,5.26,13.25,9.55,Low,Air Quality,0.01
2026-02-11,Hill Market,40.747,-73.985,1.32,74.66,13.77,2.81,2.24,40.4,6.54,5.25,27.8,35.26,43.68,12.18,14.87,100.0,0.17,corn,dormant,5.04,0.0,7.06,5.12,24.26,18.67,Low,Air Quality,0.01
2026-02-11,North Valley,40.733,-73.995,4.78,53.37,13.39,10.87,2.48,29.52,6.24,5.4,23.84,33.34,37.24,9.17,14.55,70.16,0.18,soybean,dormant,2.66,0.0,0.0,1.52,11.48,7.65,Low,Air Quality,0.0
2026-02-11,River Bend,40.712,-74.02,6.75,75.12,16.31,21.23,2.71,38.12,6.02,5.06,22.01,35.09,38.19,10.28,13.2,75.07,0.2,wheat,dormant,7.86,4.36,1.87,6.91,14.82,9.99,Low,Air Quality,0.02
2026-02-11,South Fields,40.691,-74.01,-4.25,47.21,5.79,19.15,2.73,36.09,6.83,5.16,13.04,28.92,27.41,12.05,17.43,66.75,0.23,corn,dormant,4.45,3.48,56.1,0.0,8.5,51.57,Moderate,Extreme Cold,0.04
2026-02-12,East Orchard,40.724,-73.965,5.57,91.1,64.29,16.25,2.98,58.63,5.61,4.96,15.72,52.13,31.43,19.62,15.23,59.59,0.15,wheat,dormant,76.81,8.45,0.0,42.0,8.19,71.99,High,Flood,0.13
2026-02-12,Hill Market,40.747,-73.985,2.98,48.52,20.66,8.08,2.34,29.98,6.3,4.38,35.49,40.78,42.74,10.44,14.96,91.63,0.17,corn,dormant,6.42,0.0,6.03,71.58,34.98,62.93,High,Acid Rain,0.07
2026-02-12,North Valley,40.733,-73.995,10.62,48.75,4.4,17.13,2.13,10.61,6.37,5.42,6.01,40.23,34.65,6.78,14.45,50.88,0.18,wheat,dormant,3.61,2.53,1.07,0.0,0.0,3.32,Low,Flood,0.01
2026-02-12,River Bend,40.712,-74.02,8.76,71.14,4.46,9.07,2.18,33.14,6.25,5.2,37.05,25.8,33.93,6.93,12.05,77.48,0.2,wheat,dormant,7.15,5.63,8.04,0.0,21.08,17.56,Low,Air Quality,0.02
2026-02-12,South Fields,40.691,-74.01,10.39,65.8,29.64,5.31,2.91,43.5,6.16,4.95,24.85,32.12,28.28,10.75,15.26,55.18,0.23,corn,dormant,18.23,4.93,0.0,10.98,3.48,17.08,Low,Flood,0.04
2026-02-13,East Orchard,40.724,-73.965,10.24,51.12,22.02,31.49,2.51,51.77,5.81,5.13,11.62,30.26,24.11,9.09,12.86,39.48,0.15,wheat,dormant,7.89,2.05,3.44,6.85,5.24,6.83,Low,Flood,0.02
2026-02-13,Hill Market,40.747,-73.985,6.65,48.45,2.91,9.9,1.75,14.46,6.44,4.57,6.46,38.74,37.43,10.53,17.87,80.31,0.17,vegetable,dormant,0.0,0.0,4.64,34.88,6.86,31.71,Low,Acid Rain,0.03
2026-02-13,North Valley,40.733,-73.995,10.79,60.25,9.03,10.59,1.92,47.26,6.44,5.04,20.94,28.67,28.05,8.43,15.27,56.56,0.18,wheat,dormant,5.6,5.48,2.12,3.14,9.26,8.16,Low,Air Quality,0.02
2026-02-13,River Bend,40.712,-74.02,11.26,64.12,5.91,16.04,2.52,24.11,6.06,5.44,17.72,21.61,32.2,8.06,14.68,58.43,0.2,rice,dormant,2.09,4.1,0.0,0.25,4.94,3.8,Low,Air Quality,0.01
2026-02-13,South Fields,40.691,-74.01,7.16,63.26,10.86,18.53,2.16,32.55,6.85,5.54,14.25,18.73,29.13,8.6,14.95,61.74,0.23,rice,dormant,0.24,0.0,4.66,3.59,7.71,4.4,Low,Air Quality,0.0
2026-02-14,East Orchard,40.724,-73.965,-2.03,81.47,3.02,4.6,2.11,32.5,6.12,5.48,5.45,25.51,14.07,7.87,15.65,16.82,0.15,corn,dormant,0.0,2.06,24.2,1.87,5.2,19.4,Low,Extreme Cold,0.02
2026-02-14,Hill Market,40.747,-73.985,6.78,43.46,6.54,5.68,1.76,24.77,6.71,4.66,22.61,26.28,30.04,6.96,13.6,66.38,0.17,corn,dormant,0.0,5.72,1.3,17.83,9.06,17.88,Low,Acid Rain,0.02
2026-02-14,North Valley,40.733,-73.995,7.27,56.08,18.32,4.85,2.43,38.03,6.32,5.22,25.52,29.71,26.45,6.16,13.46,48.76,0.18,soybean,dormant,2.43,0.57,2.92,0.0,9.42,9.82,Low,Air Quality,0.01
2026-02-14,River Bend,40.712,-74.02,4.42,66.33,2.76,11.0,2.47,37.97,6.35,4.98,29.21,48.27,33.46,11.45,14.76,68.69,0.2,rice,dormant,0.9,0.0,4.0,9.56,22.33,19.74,Low,Air Quality,0.01
2026-02-14,South Fields,40.691,-74.01,4.04,58.56,6.23,5.51,2.18,40.53,6.66,5.24,29.76,40.69,29.17,13.2,14.0,65.05,0.23,soybean,dormant,2.31,2.98,0.95,1.18,19.73,15.66,Low,Air Quality,0.01
2026-02-15,East Orchard,40.724,-73.965,6.3,53.12,8.5,16.61,2.24,36.55,6.28,5.18,33.99,38.87,22.05,6.88,12.43,57.97,0.15,corn,dormant,0.0,0.0,3.83,0.01,18.32,19.72,Low,Air Quality,0.0
2026-02-15,Hill Market,40.747,-73.985,0.28,80.22,5.47,12.36,2.4,35.44,6.76,4.4,20.76,21.56,22.04,5.31,16.08,44.58,0.17,rice,dormant,4.74,4.03,9.07,36.57,2.03,32.62,Low,Acid Rain,0.03
2026-02-15,North Valley,40.733,-73.995,10.16,57.36,11.46,38.86,2.2,39.99,5.94,5.51,14.18,24.56,30.14,7.59,13.33,41.52,0.18,wheat,dormant,5.24,4.87,1.33,0.0,3.93,7.92,Low,Flood,0.01
2026-02-15,River Bend,40.712,-74.02,7.13,69.96,15.03,14.72,3.08,40.18,6.09,5.19,16.97,46.24,38.01,14.3,15.65,82.29,0.2,vegetable,dormant,8.42,8.42,0.0,1.66,7.86,3.76,Low,Flood,0.02
2026-02-15,South Fields,40.691,-74.01,2.1,46.5,10.44,7.45,2.33,38.84,6.36,4.75,29.81,31.12,45.08,8.31,13.82,48.14,0.23,corn,dormant,0.0,4.41,5.87,21.63,12.57,21.14,Low,Acid Rain,0.02
2026-02-16,East Orchard,40.724,-73.965,5.83,44.91,2.02,12.66,2.22,41.93,6.07,5.11,13.44,38.16,21.99,3.44,17.32,33.93,0.15,corn,dormant,0.0,0.0,6.53,0.62,4.35,7.73,Low,Extreme Cold,0.0
2026-02-16,Hill Market,40.747,-73.985,13.21,53.19,1.96,12.59,2.13,41.12,6.72,5.14,28.87,39.46,45.62,14.3,11.13,88.54,0.17,rice,dormant,7.12,6.3,0.0,6.47,24.33,22.7,Low,Air Quality,0.02
2026-02-16,North Valley,40.733,-73.995,5.79,77.04,20.13,3.91,2.47,38.44,6.32,5.4,18.43,50.13,25.8,9.92,15.68,52.23,0.18,wheat,dormant,10.6,0.27,0.69,0.99,8.63,8.75,Low,Flood,0.01
2026-02-16,River Bend,40.712,-74.02,3.45,59.16,8.74,37.3,2.78,32.25,6.08,5.19,20.31,21.09,30.06,6.22,13.51,65.06,0.2,soybean,dormant,6.74,1.38,8.74,5.14,7.13,11.56,Low,Extreme Cold,0.02
2026-02-16,South Fields,40.691,-74.01,14.75,60.15,4.41,7.05,2.57,35.39,6.71,4.98,13.92,32.29,31.56,2.94,11.29,67.37,0.23,vegetable,dormant,0.0,10.1,2.15,5.22,2.28,7.1,Low,Extreme Heat,0.02
2026-02-17,East Orchard,40.724,-73.965,7.76,41.81,4.64,15.32,1.97,35.88,6.26,5.33,19.09,41.61,28.59,7.18,16.29,55.03,0.15,wheat,dormant,2.58,1.2,0.0,0.0,12.93,11.84,Low,Air Quality,0.0
2026-02-17,Hill Market,40.747,-73.985,10.2,56.34,8.58,13.35,2.08,27.49,6.69,4.68,17.94,44.24,41.54,14.77,13.59,86.67,0.17,corn,dormant,4.75,3.28,2.23,26.73,17.23,25.92,Low,Acid Rain,0.03
2026-02-17,North Valley,40.733,-73.995,8.56,79.89,63.54,35.14,3.37,38.64,5.75,4.37,15.18,31.23,31.97,23.54,12.23,63.81,0.18,wheat,dormant,71.37,2.29,1.46,94.96,7.87,86.77,Severe,Acid Rain,0.16
2026-02-17,River Bend,40.712,-74.02,7.18,50.19,6.83,10.79,2.72,46.55,6.05,5.5,28.14,44.03,36.02,11.05,12.64,83.36,0.2,soybean,dormant,1.23,0.71,0.0,0.0,16.18,15.57,Low,Air Quality,0.0
2026-02-17,South Fields,40.691,-74.01,15.07,54.43,2.03,7.59,2.41,36.82,6.6,5.38,27.57,41.66,26.46,12.0,14.05,64.33,0.23,vegetable,dormant,3.81,8.56,0.0,0.0,15.39,11.71,Low,Air Quality,0.02
2026-02-18,East Orchard,40.724,-73.965,3.35,100.0,82.81,7.99,3.32,64.92,5.17,4.52,24.11,35.89,38.94,15.97,9.28,80.82,0.15,corn,dormant,99.37,3.42,2.07,97.88,17.82,95.6,Severe,Flood,0.22
2026-02-18,Hill Market,40.747,-73.985,7.62,72.34,39.07,6.92,2.72,37.39,6.26,4.14,13.59,33.8,44.1,13.67,16.55,98.17,0.17,corn,dormant,14.63,3.86,0.0,95.06,19.53,83.17,Severe,Acid Rain,0.1
2026-02-18,North Valley,40.733,-73.995,11.63,66.74,9.81,16.52,2.09,25.66,6.08,5.18,26.93,42.81,32.21,12.82,13.71,59.52,0.18,wheat,dormant,5.07,0.26,0.0,7.41,18.48,16.35,Low,Air Quality,0.01
2026-02-18,River Bend,40.712,-74.02,18.97,76.82,3.62,25.64,2.78,36.22,6.0,4.61,28.36,32.45,30.77,8.49,15.25,87.43,0.2,rice,dormant,3.78,24.04,0.0,24.86,18.11,19.62,Low,Acid Rain,0.04
2026-02-18,South Fields,40.691,-74.01,8.28,49.41,7.48,33.23,2.03,47.95,6.36,5.24,13.62,36.87,29.83,11.44,11.46,70.41,0.23,corn,dormant,4.53,0.0,0.0,2.31,8.16,8.52,Low,Air Quality,0.01
2026-02-19,East Orchard,40.724,-73.965,1.76,75.42,19.12,12.14,2.49,43.23,5.75,5.25,13.15,36.34,31.83,9.93,17.61,55.33,0.15,corn,dormant,9.94,4.49,4.4,4.45,3.96,11.33,Low,Flood,0.02
2026-02-19,Hill Market,40.747,-73.985,9.12,72.78,8.26,6.26,1.92,30.21,6.63,4.68,25.45,35.49,35.81,10.03,13.83,64.89,0.17,corn,dormant,0.0,2.66,4.01,23.08,18.2,16.91,Low,Acid Rain,0.02
2026-02-19,North Valley,40.733,-73.995,9.46,45.26,11.46,7.26,2.66,30.28,6.58,5.21,26.52,19.53,30.61,15.15,15.69,62.94,0.18,wheat,dormant,0.33,1.65,0.0,3.01,8.59,10.12,Low,Air Quality,0.0
2026-02-19,River Bend,40.712,-74.02,1.91,39.48,16.26,14.65,2.71,29.27,6.17,5.17,32.15,32.3,34.67,10.29,13.86,68.67,0.2,wheat,dormant,5.43,0.0,5.47,1.23,16.53,14.17,Low,Air Quality,0.01
2026-02-19,South Fields,40.691,-74.01,6.18,39.26,1.98,21.58,2.11,31.72,6.63,5.27,29.33,35.61,27.38,8.69,14.67,80.29,0.23,corn,dormant,5.96,0.0,3.84,4.14,15.37,14.5,Low,Air Quality,0.01
2026-02-20,East Orchard,40.724,-73.965,2.02,100.0,69.03,6.55,3.56,68.58,5.21,4.43,7.97,26.68,26.75,16.66,13.78,31.07,0.15,corn,dormant,87.11,2.51,5.43,90.9,3.27,83.82,Severe,Acid Rain,0.2
2026-02-20,Hill Market,40.747,-73.985,12.46,63.0,18.8,14.04,2.44,41.73,6.47,4.5,28.58,26.13,47.95,14.03,13.98,86.32,0.17,vegetable,dormant,5.34,4.04,0.0,62.15,19.74,53.15,Moderate,Acid Rain,0.07
2026-02-20,North Valley,40.733,-73.995,10.28,49.08,2.34,10.66,2.49,6.66,6.44,5.38,18.74,26.44,25.71,6.91,16.2,56.71,0.18,soybean,dormant,0.43,3.02,3.9,0.0,9.06,6.69,Low,Air Quality,0.01
2026-02-20,River Bend,40.712,-74.02,10.78,48.26,2.27,11.91,2.74,28.17,6.14,5.55,15.58,37.58,30.03,12.86,11.81,46.12,0.2,wheat,dormant,1.36,2.7,0.0,1.08,6.43,6.17,Low,Air Quality,0.0
2026-02-20,South Fields,40.691,-74.01,8.83,57.11,6.07,13.74,2.36,39.13,6.38,5.14,26.36,17.01,18.61,4.44,15.93,38.34,0.23,soybean,dormant,0.0,3.93,0.81,0.0,7.46,9.45,Low,Air Quality,0.0
2026-02-21,East Orchard,40.724,-73.965,5.67,50.64,10.8,3.41,2.37,49.09,6.33,5.47,8.9,31.9,30.97,12.27,15.09,58.46,0.15,wheat,dormant,7.97,3.62,1.37,0.0,4.15,10.64,Low,Flood,0.01
2026-02-21,Hill Market,40.747,-73.985,9.6,99.89,72.24,27.31,3.57,77.46,6.02,4.31,29.86,29.65,28.9,17.32,11.68,59.48,0.17,corn,dormant,93.4,3.82,0.0,93.53,14.6,85.36,Severe,Acid Rain,0.21
2026-02-21,North Valley,40.733,-73.995,9.59,39.01,5.91,11.69,2.37,30.52,6.2,5.5,20.74,41.29,19.19,8.08,13.32,47.57,0.18,wheat,dormant,0.0,0.0,2.05,3.12,5.66,4.86,Low,Air Quality,0.0
2026-02-21,River Bend,40.712,-74.02,9.21,62.65,14.28,6.31,2.75,44.27,5.95,4.93,28.34,31.94,28.6,8.25,13.59,70.16,0.2,wheat,dormant,7.87,4.18,0.6,4.37,16.78,16.94,Low,Air Quality,0.02
2026-02-21,South Fields,40.691,-74.01,0.89,84.57,53.43,6.13,3.49,58.95,5.64,4.88,30.19,39.68,25.7,20.9,12.65,80.98,0.23,rice,dormant,73.09,0.22,9.07,38.15,14.32,63.81,High,Flood,0.11
2026-02-22,East Orchard,40.724,-73.965,6.57,84.36,39.58,15.39,2.28,42.34,5.35,4.36,18.13,25.34,28.44,10.64,12.31,56.2,0.15,vegetable,dormant,13.49,1.41,4.91,85.97,1.69,71.47,High,Acid Rain,0.1
2026-02-22,Hill Market,40.747,-73.985,9.82,48.08,1.98,18.25,1.72,23.98,6.56,4.79,18.04,35.13,40.01,4.56,16.48,72.75,0.17,corn,dormant,0.0,0.0,3.6,12.02,14.81,13.62,Low,Air Quality,0.01
2026-02-22,North Valley,40.733,-73.995,16.33,61.12,8.18,18.44,1.98,44.79,6.59,5.38,10.65,20.19,23.84,8.52,15.33,42.62,0.18,wheat,dormant,0.31,13.35,0.0,2.86,3.88,9.39,Low,Extreme Heat,0.01
2026-02-22,River Bend,40.712,-74.02,6.84,54.56,2.91,7.23,2.29,32.4,6.45,5.25,29.08,24.95,26.39,5.16,15.72,57.98,0.2,wheat,dormant,0.35,0.5,3.4,1.52,9.68,11.68,Low,Air Quality,0.0
2026-02-22,South Fields,40.691,-74.01,9.51,44.1,1.74,14.92,1.98,35.3,6.62,5.1,17.09,34.71,32.86,8.48,15.5,59.28,0.23,rice,dormant,0.0,6.12,0.0,1.13,10.31,4.77,Low,Air Quality,0.01
2026-02-23,East Orchard,40.724,-73.965,8.37,55.73,3.96,7.38,1.71,23.63,6.17,5.75,10.49,17.35,18.72,8.86,15.17,28.11,0.15,corn,dormant,0.0,3.65,0.0,0.0,4.59,4.3,Low,Air Quality,0.0
2026-02-23,Hill Market,40.747,-73.985,9.51,49.05,7.7,11.16,1.71,37.82,6.15,4.48,25.56,42.9,20.88,7.0,12.37,67.09,0.17,rice,dormant,6.23,3.4,0.0,40.51,12.14,35.69,Moderate,Acid Rain,0.03
2026-02-23,North Valley,40.733,-73.995,10.44,73.06,7.84,6.89,1.9,34.35,6.31,5.78,25.71,37.7,31.39,7.68,15.78,60.78,0.18,wheat,dormant,0.0,1.89,0.0,0.45,10.63,10.73,Low,Air Quality,0.0
2026-02-23,River Bend,40.712,-74.02,8.82,42.07,1.26,27.08,2.41,42.51,6.61,4.93,27.31,29.43,29.62,7.18,12.4,75.15,0.2,vegetable,dormant,2.52,0.0,0.0,7.56,14.82,13.78,Low,Air Quality,0.01
2026-02-23,South Fields,40.691,-74.01,5.33,61.37,9.4,7.98,2.07,30.37,6.61,5.11,24.51,25.85,33.71,8.98,13.5,54.11,0.23,wheat,dormant,6.43,0.0,1.11,0.0,10.53,11.74,Low,Air Quality,0.01
2026-02-24,East Orchard,40.724,-73.965,5.55,66.66,1.7,5.91,1.75,17.53,6.55,5.93,20.59,16.82,26.93,8.45,11.62,62.54,0.15,wheat,dormant,7.72,0.0,0.0,3.05,13.41,12.2,Low,Air Quality,0.01
2026-02-24,Hill Market,40.747,-73.985,7.5,48.91,1.55,11.19,1.76,30.31,6.64,4.9,20.41,41.14,34.43,9.91,15.82,79.66,0.17,corn,dormant,1.16,5.92,0.0,12.59,13.18,12.16,Low,Air Quality,0.02
2026-02-24,North Valley,40.733,-73.995,10.99,69.48,15.03,14.03,2.04,49.35,6.25,5.27,24.65,20.82,27.14,10.64,11.52,68.2,0.18,wheat,dormant,6.66,10.53,3.31,0.0,9.85,12.66,Low,Extreme Heat,0.02
2026-02-24,River Bend,40.712,-74.02,10.58,59.11,4.13,14.19,1.88,35.51,6.26,5.11,25.16,42.0,41.13,4.52,15.32,75.57,0.2,wheat,dormant,2.44,8.76,0.0,1.19,16.97,14.98,Low,Air Quality,0.01
2026-02-24,South Fields,40.691,-74.01,8.09,50.62,9.07,12.14,2.07,32.04,6.7,4.74,20.31,37.32,36.11,10.76,13.81,70.8,0.23,corn,dormant,4.99,0.0,1.07,17.16,11.15,11.75,Low,Acid Rain,0.02
2026-02-25,East Orchard,40.724,-73.965,10.24,43.1,6.47,5.56,1.78,39.14,6.83,5.2,11.88,31.89,28.41,7.12,12.92,66.46,0.15,corn,dormant,2.97,1.76,3.21,4.37,4.63,5.17,Low,Air Quality,0.01
2026-02-25,Hill Market,40.747,-73.985,7.02,31.27,4.65,7.6,1.4,42.56,6.65,4.7,23.85,33.45,45.16,3.89,14.89,80.2,0.17,corn,dormant,0.0,1.1,0.0,18.19,19.68,16.1,Low,Air Quality,0.02
2026-02-25,North Valley,40.733,-73.995,8.53,59.29,7.01,27.04,1.87,41.29,6.22,5.39,20.96,32.94,34.75,2.78,14.19,66.48,0.18,corn,dormant,3.77,2.74,1.11,0.0,5.13,5.16,Low,Air Quality,0.01
2026-02-25,River Bend,40.712,-74.02,6.38,66.54,15.56,13.54,2.16,36.56,6.08,5.24,29.99,35.3,19.0,11.52,15.85,62.99,0.2,wheat,dormant,2.51,0.17,1.45,5.55,13.05,10.66,Low,Air Quality,0.01
2026-02-25,South Fields,40.691,-74.01,10.82,44.91,6.16,13.47,2.03,36.17,6.58,4.97,36.67,43.96,34.41,1.11,16.38,66.72,0.23,corn,dormant,2.78,5.48,0.65,4.54,25.28,18.08,Low,Air Quality,0.01
2026-02-26,East Orchard,40.724,-73.965,8.9,62.02,1.44,15.11,1.75,5.77,6.44,5.46,18.88,41.0,22.62,5.66,15.16,42.01,0.15,corn,dormant,0.0,0.92,1.4,0.0,7.48,5.34,Low,Air Quality,0.0
2026-02-26,Hill Market,40.747,-73.985,17.22,51.99,6.36,13.81,1.68,34.34,6.62,4.9,22.64,26.55,45.92,4.71,13.86,83.66,0.17,corn,dormant,0.0,19.07,0.56,17.0,12.7,17.46,Low,Extreme Heat,0.03
2026-02-26,North Valley,40.733,-73.995,10.9,62.49,19.05,21.35,2.59,29.42,6.01,4.67,2.88,29.55,19.0,6.89,16.49,31.35,0.18,wheat,dormant,5.37,0.37,1.89,24.01,0.0,20.27,Low,Acid Rain,0.02
2026-02-26,River Bend,40.712,-74.02,9.8,53.14,0.66,18.63,2.07,34.87,6.25,5.24,35.64,35.3,39.83,12.23,14.29,85.59,0.2,wheat,dormant,1.73,0.0,0.0,3.62,19.15,12.72,Low,Air Quality,0.0
2026-02-26,South Fields,40.691,-74.01,11.41,63.33,19.54,17.18,2.22,34.36,6.53,5.13,19.1,33.08,32.06,13.97,14.31,61.44,0.23,corn,dormant,6.4,7.11,2.69,6.34,7.97,3.63,Low,Air Quality,0.02
2026-02-27,East Orchard,40.724,-73.965,4.89,76.35,2.75,10.55,1.78,45.23,6.53,5.21,24.83,29.73,13.74,1.76,12.98,35.15,0.15,corn,dormant,3.83,5.8,0.0,0.0,7.69,8.96,Low,Air Quality,0.01
2026-02-27,Hill Market,40.747,-73.985,10.57,100.0,101.32,21.81,3.79,100.0,5.56,3.87,21.62,40.62,41.3,27.12,10.93,80.11,0.17,vegetable,dormant,100.0,5.55,1.37,100.0,12.37,83.83,Severe,Flood,0.25
2026-02-27,North Valley,40.733,-73.995,13.07,40.88,10.05,11.52,2.15,32.79,6.22,5.09,22.49,35.95,27.22,7.94,15.83,44.39,0.18,corn,dormant,0.28,7.08,1.87,7.41,12.75,12.89,Low,Air Quality,0.01
2026-02-27,River Bend,40.712,-74.02,7.58,58.22,7.57,21.56,2.0,41.08,6.17,4.49,25.59,43.49,34.7,4.56,14.91,75.33,0.2,wheat,dormant,0.0,1.34,0.0,39.11,16.73,32.41,Low,Acid Rain,0.03
2026-02-27,South Fields,40.691,-74.01,10.43,61.68,3.74,18.22,1.98,32.6,6.26,5.09,23.77,46.02,26.82,9.9,15.35,59.73,0.23,corn,dormant,6.51,0.44,0.0,1.96,16.94,14.37,Low,Air Quality,0.01
2026-02-28,East Orchard,40.724,-73.965,7.94,70.28,19.0,19.57,1.87,37.63,6.39,4.84,17.88,35.34,18.82,10.76,13.62,34.04,0.15,corn,dormant,3.15,5.63,2.76,10.05,1.58,8.33,Low,Acid Rain,0.02
2026-02-28,Hill Market,40.747,-73.985,10.87,57.16,23.3,19.42,2.08,34.77,6.33,4.4,28.03,34.09,26.21,8.92,13.58,59.2,0.17,wheat,dormant,3.94,0.0,2.24,53.19,6.2,48.49,Moderate,Acid Rain,0.04
2026-02-28,North Valley,40.733,-73.995,13.73,43.76,0.4,4.88,1.64,33.37,6.65,5.07,14.69,5.87,20.04,7.93,14.09,32.54,0.18,wheat,dormant,0.0,0.0,0.0,3.81,7.63,6.22,Low,Air Quality,0.0
2026-02-28,River Bend,40.712,-74.02,7.2,59.67,1.34,31.42,2.11,26.89,6.61,5.17,31.67,35.13,30.96,7.24,13.95,68.96,0.2,wheat,dormant,0.0,0.0,0.0,4.5,18.93,17.92,Low,Air Quality,0.0
2026-02-28,South Fields,40.691,-74.01,11.03,53.71,17.22,8.73,2.08,45.31,6.69,5.23,16.58,26.95,25.4,6.07,12.95,34.38,0.23,corn,dormant,4.78,0.0,0.0,0.0,0.0,1.43,Low,Flood,0.01
2026-03-01,East Orchard,40.724,-73.965,7.54,51.72,5.98,22.34,1.81,33.26,6.39,5.9,11.07,28.45,27.91,7.59,14.64,37.29,0.15,corn,seeding,0.0,4.68,2.62,3.33,2.91,4.38,Low,Extreme Heat,0.02
2026-03-01,Hill Market,40.747,-73.985,5.68,100.0,84.25,12.61,3.66,78.11,5.55,3.8,18.47,36.1,31.27,16.54,10.55,58.35,0.17,corn,seeding,100.0,0.55,5.23,98.69,4.59,89.82,Severe,Flood,0.55
2026-03-01,North Valley,40.733,-73.995,7.67,92.25,19.91,8.95,2.4,38.42,6.2,5.28,15.52,29.65,38.19,11.03,15.6,53.73,0.18,corn,seeding,0.0,3.42,0.14,4.44,3.93,4.17,Low,Acid Rain,0.02
2026-03-01,River Bend,40.712,-74.02,10.37,58.14,9.62,8.45,2.64,29.94,6.12,5.43,19.41,34.62,23.27,4.29,15.77,60.66,0.2,rice,seeding,0.0,5.04,0.0,1.39,6.57,8.83,Low,Air Quality,0.01
2026-03-01,South Fields,40.691,-74.01,13.18,84.49,20.89,26.97,2.26,54.7,6.16,5.1,23.23,32.02,30.03,10.33,11.42,48.41,0.23,rice,seeding,5.72,4.91,2.36,8.44,12.11,10.54,Low,Air Quality,0.04
2026-03-02,East Orchard,40.724,-73.965,11.14,58.46,5.2,11.11,1.98,37.31,6.19,5.23,15.32,29.57,19.2,6.42,17.58,40.43,0.15,corn,seeding,1.63,0.0,0.0,5.87,4.94,6.65,Low,Acid Rain,0.02
2026-03-02,Hill Market,40.747,-73.985,9.91,69.71,15.1,27.19,1.84,41.31,6.44,4.73,30.46,53.55,40.03,11.85,12.18,78.85,0.17,corn,seeding,3.68,4.53,3.13,23.22,22.39,20.62,Low,Acid Rain,0.07
2026-03-02,North Valley,40.733,-73.995,12.74,39.01,4.22,14.43,1.72,16.94,6.69,5.74,15.26,31.88,23.34,8.28,17.51,46.9,0.18,wheat,seeding,0.83,7.91,0.0,4.41,3.49,6.61,Low,Extreme Heat,0.03
2026-03-02,River Bend,40.712,-74.02,7.75,57.82,5.9,21.85,1.95,45.45,6.27,4.89,31.99,28.0,41.35,9.63,12.95,77.11,0.2,wheat,seeding,2.69,1.84,0.0,11.33,18.78,14.24,Low,Air Quality,0.03
2026-03-02,South Fields,40.691,-74.01,13.97,56.81,5.78,13.09,2.1,28.92,6.61,5.37,13.06,43.16,17.47,7.06,12.01,35.87,0.23,corn,seeding,2.16,4.33,0.0,1.45,5.33,5.04,Low,Air Quality,0.02
2026-03-03,East Orchard,40.724,-73.965,1.9,43.25,14.27,2.36,1.95,35.11,5.88,4.99,19.93,30.81,29.87,8.52,12.85,48.46,0.15,corn,seeding,0.2,0.0,0.0,9.13,8.04,4.78,Low,Acid Rain,0.02
2026-03-03,Hill Market,40.747,-73.985,11.24,45.25,2.07,9.42,1.76,28.62,6.58,4.93,26.18,26.57,36.73,8.9,13.42,78.74,0.17,corn,seeding,0.0,0.0,0.0,5.44,20.58,19.34,Low,Air Quality,0.01
2026-03-03,North Valley,40.733,-73.995,8.36,54.14,4.32,14.92,1.81,40.23,6.46,5.46,14.74,29.08,19.58,3.76,11.73,32.14,0.18,rice,seeding,6.18,2.04,0.0,3.58,2.62,5.46,Low,Flood,0.03
2026-03-03,River Bend,40.712,-74.02,3.17,50.2,2.82,16.06,2.11,40.1,5.77,5.46,20.32,24.26,31.47,7.38,11.94,73.96,0.2,vegetable,seeding,4.78,0.0,9.16,1.84,11.54,12.09,Low,Air Quality,0.04
2026-03-03,South Fields,40.691,-74.01,9.65,72.9,20.2,16.17,2.13,38.79,6.42,4.76,18.78,32.46,20.72,13.32,11.6,67.43,0.23,corn,seeding,6.11,4.51,3.8,19.36,4.32,14.38,Low,Acid Rain,0.07
2026-03-04,East Orchard,40.724,-73.965,5.32,67.42,11.58,4.71,2.19,33.08,5.91,5.42,20.83,23.56,25.71,7.76,16.47,57.72,0.15,corn,seeding,4.06,0.0,5.99,0.0,9.74,8.8,Low,Air Quality,0.02
2026-03-04,Hill Market,40.747,-73.985,8.6,57.31,8.37,4.5,1.59,20.9,6.51,4.88,28.68,41.91,40.55,11.7,15.08,91.57,0.17,corn,seeding,0.0,0.37,0.43,15.46,25.28,24.33,Low,Air Quality,0.03
2026-03-04,North Valley,40.733,-73.995,22.21,88.28,84.83,16.79,3.43,76.94,5.43,4.02,19.2,18.82,29.8,21.17,11.02,58.61,0.18,wheat,seeding,97.26,47.2,1.83,100.0,5.11,94.43,Severe,Acid Rain,0.57
2026-03-04,River Bend,40.712,-74.02,3.73,45.2,2.28,8.72,2.25,20.19,6.5,4.88,30.01,40.57,41.21,6.06,13.18,69.96,0.2,vegetable,seeding,1.2,1.27,2.27,12.45,18.64,17.1,Low,Air Quality,0.04
2026-03-04,South Fields,40.691,-74.01,11.2,80.08,22.54,34.39,2.31,44.83,6.5,4.77,21.21,17.28,40.48,16.04,14.96,73.14,0.23,wheat,seeding,10.01,10.16,2.89,24.03,7.44,21.29,Low,Acid Rain,0.1
2026-03-05,East Orchard,40.724,-73.965,3.72,47.64,2.66,11.31,1.86,38.47,6.03,5.01,9.38,31.92,25.82,6.46,13.8,51.75,0.15,corn,seeding,0.0,4.78,3.32,4.84,6.76,3.49,Low,Air Quality,0.03
2026-03-05,Hill Market,40.747,-73.985,8.69,66.51,12.12,4.11,1.99,53.26,6.59,4.54,17.76,40.66,44.17,8.88,14.59,69.25,0.17,corn,seeding,3.26,0.73,0.0,43.56,8.97,37.51,Moderate,Acid Rain,0.1
2026-03-05,North Valley,40.733,-73.995,11.06,69.58,10.95,3.78,1.88,34.73,6.5,5.32,3.95,24.26,19.8,8.58,19.57,41.48,0.18,corn,seeding,1.23,1.11,0.0,0.0,2.23,3.05,Low,Air Quality,0.01
2026-03-05,River Bend,40.712,-74.02,12.41,57.43,6.56,7.45,1.91,33.43,6.24,5.07,21.3,20.82,27.68,9.87,15.11,71.4,0.2,wheat,seeding,0.0,6.01,0.26,4.81,9.44,11.85,Low,Air Quality,0.02
2026-03-05,South Fields,40.691,-74.01,13.34,54.01,4.06,5.94,2.11,31.54,6.94,5.29,22.54,34.93,25.98,13.05,15.81,73.42,0.23,corn,seeding,8.15,4.19,3.03,0.65,10.71,14.84,Low,Air Quality,0.04
2026-03-06,East Orchard,40.724,-73.965,9.89,62.8,29.21,13.03,2.66,29.33,5.87,5.04,14.34,36.73,16.44,6.53,11.61,16.84,0.15,corn,seeding,8.12,2.15,3.69,6.45,2.83,8.61,Low,Flood,0.05
2026-03-06,Hill Market,40.747,-73.985,7.13,46.33,14.03,14.93,2.13,26.12,6.22,4.93,22.54,44.91,33.89,10.74,13.38,59.53,0.17,corn,seeding,0.0,2.21,0.84,7.6,13.44,15.99,Low,Air Quality,0.02
2026-03-06,North Valley,40.733,-73.995,0.28,86.65,30.55,5.65,2.28,39.8,5.73,5.2,21.86,33.96,18.36,12.94,14.25,34.86,0.18,wheat,seeding,6.16,0.0,12.52,4.32,0.47,10.73,Low,Extreme Cold,0.04
2026-03-06,River Bend,40.712,-74.02,11.46,55.23,4.33,2.8,2.37,34.14,6.11,4.96,21.58,40.86,15.98,7.86,16.39,44.87,0.2,corn,seeding,0.0,9.68,0.96,3.95,11.36,12.21,Low,Air Quality,0.03
2026-03-06,South Fields,40.691,-74.01,8.76,54.59,1.18,2.41,1.9,38.5,6.76,5.22,20.66,35.59,24.2,1.46,17.24,48.85,0.23,vegetable,seeding,0.0,1.32,0.6,0.0,15.3,14.05,Low,Air Quality,0.0
2026-03-07,East Orchard,40.724,-73.965,12.42,48.91,5.63,10.32,1.83,33.29,6.34,5.34,2.76,27.17,22.65,10.68,14.07,22.62,0.15,rice,seeding,0.0,4.14,0.82,0.0,6.46,0.8,Low,Air Quality,0.01
2026-03-07,Hill Market,40.747,-73.985,6.55,100.0,96.33,17.2,3.56,80.88,5.48,3.96,16.9,32.9,26.71,23.43,8.71,47.45,0.17,corn,seeding,95.37,1.54,1.13,100.0,4.38,90.49,Severe,Acid Rain,0.53
2026-03-07,North Valley,40.733,-73.995,16.14,31.34,6.06,5.63,2.21,40.62,6.44,5.08,13.83,35.4,22.43,4.36,16.9,46.45,0.18,wheat,seeding,0.0,3.76,0.0,5.35,2.04,1.08,Low,Acid Rain,0.02
2026-03-07,River Bend,40.712,-74.02,13.61,43.48,1.32,3.63,2.16,46.22,6.33,5.29,11.93,34.81,22.75,5.58,16.24,52.36,0.2,rice,seeding,1.52,4.69,2.75,1.66,5.44,1.96,Low,Air Quality,0.02
2026-03-07,South Fields,40.691,-74.01,6.06,63.35,1.62,12.73,2.0,20.74,6.66,5.52,20.96,33.11,24.43,5.53,13.89,47.93,0.23,wheat,seeding,4.44,1.1,2.55,0.0,10.77,9.56,Low,Air Quality,0.02
2026-03-08,East Orchard,40.724,-73.965,10.75,61.82,12.74,9.58,1.72,20.48,5.85,5.76,22.12,33.74,31.07,8.1,13.43,56.46,0.15,vegetable,seeding,0.0,0.0,0.5,6.73,16.72,10.77,Low,Air Quality,0.01
2026-03-08,Hill Market,40.747,-73.985,11.01,32.54,7.24,9.63,1.46,41.11,6.46,4.72,27.5,41.78,38.35,11.43,16.25,83.34,0.17,vegetable,seeding,0.0,3.12,3.24,22.48,21.45,22.29,Low,Acid Rain,0.06
2026-03-08,North Valley,40.733,-73.995,12.12,55.46,8.84,9.58,2.16,36.81,6.45,5.74,15.86,34.57,16.85,13.53,14.9,29.11,0.18,corn,seeding,0.49,3.85,0.3,0.0,4.74,4.84,Low,Air Quality,0.01
2026-03-08,River Bend,40.712,-74.02,6.02,69.39,3.81,10.11,2.09,34.61,6.53,5.13,25.2,40.05,24.04,7.58,13.22,51.48,0.2,wheat,seeding,0.79,0.0,0.0,1.09,13.59,11.75,Low,Air Quality,0.0
2026-03-08,South Fields,40.691,-74.01,5.28,72.17,12.51,11.46,2.49,51.4,6.36,5.23,23.39,23.9,30.31,9.85,9.19,56.81,0.23,corn,seeding,3.26,0.0,6.84,0.0,8.31,12.58,Low,Air Quality,0.02
2026-03-09,East Orchard,40.724,-73.965,15.17,46.87,6.14,4.7,1.8,35.57,6.18,5.45,15.29,26.13,39.03,7.39,11.6,75.39,0.15,soybean,seeding,0.92,5.99,0.0,6.1,8.0,5.47,Low,Air Quality,0.03
2026-03-09,Hill Market,40.747,-73.985,15.33,43.9,15.71,4.45,2.01,45.21,6.51,4.56,28.92,51.19,29.45,6.42,15.73,60.51,0.17,rice,seeding,0.0,4.33,2.99,31.0,22.05,26.46,Low,Acid Rain,0.06
2026-03-09,North Valley,40.733,-73.995,15.97,44.4,3.07,17.09,2.03,27.72,6.37,5.05,33.15,33.54,37.96,6.91,14.56,53.35,0.18,corn,seeding,2.46,8.28,6.61,6.66,20.6,16.2,Low,Air Quality,0.05
2026-03-09,River Bend,40.712,-74.02,8.16,57.1,12.46,12.49,2.46,36.68,6.34,4.96,24.5,31.36,24.93,10.15,14.77,62.73,0.2,wheat,seeding,5.02,0.0,0.0,3.98,9.26,3.57,Low,Air Quality,0.02
2026-03-09,South Fields,40.691,-74.01,13.61,50.09,10.74,9.27,2.04,37.02,6.75,4.74,29.2,20.23,31.35,7.01,15.43,59.95,0.23,corn,seeding,4.54,2.86,0.29,11.06,9.6,8.74,Low,Acid Rain,0.04
2026-03-10,East Orchard,40.724,-73.965,4.64,42.16,4.5,11.4,1.87,42.04,6.25,5.71,30.43,45.13,51.41,5.52,13.45,77.6,0.15,soybean,seeding,0.0,1.46,7.33,0.0,27.32,22.86,Low,Air Quality,0.01
2026-03-10,Hill Market,40.747,-73.985,11.31,48.95,0.64,17.86,1.93,25.57,6.55,4.72,28.53,45.87,40.89,10.01,12.87,97.52,0.17,vegetable,seeding,6.87,0.48,0.0,26.13,25.93,29.6,Low,Acid Rain,0.08
2026-03-10,North Valley,40.733,-73.995,15.56,56.01,3.73,22.07,1.96,40.12,6.25,5.09,17.4,34.86,25.39,6.9,12.54,39.5,0.18,wheat,seeding,0.0,3.7,0.0,5.56,11.42,8.47,Low,Air Quality,0.02
2026-03-10,River Bend,40.712,-74.02,8.8,52.33,19.8,4.88,2.65,34.21,5.84,4.68,17.63,29.95,39.44,13.71,15.2,70.25,0.2,soybean,seeding,9.81,1.45,0.0,40.33,15.25,39.59,Moderate,Acid Rain,0.11
2026-03-10,South Fields,40.691,-74.01,13.41,68.86,3.59,8.42,2.11,32.71,6.58,5.47,18.35,37.4,32.24,9.83,16.06,58.58,0.23,corn,seeding,0.0,11.24,0.0,0.0,5.76,7.13,Low,Extreme Heat,0.03
2026-03-11,East Orchard,40.724,-73.965,7.84,63.06,8.72,19.17,2.11,41.92,6.21,5.2,32.61,36.01,39.66,15.56,15.28,72.46,0.15,soybean,seeding,1.66,0.48,0.53,2.54,30.89,26.95,Low,Air Quality,0.01
2026-03-11,Hill Market,40.747,-73.985,13.23,80.92,25.61,4.5,2.12,49.1,6.32,4.85,33.51,24.7,46.95,20.54,13.61,92.29,0.17,corn,seeding,4.23,8.65,0.0,30.24,22.85,27.1,Low,Acid Rain,0.09
2026-03-11,North Valley,40.733,-73.995,13.81,50.26,6.67,4.76,1.69,35.98,6.25,5.44,31.26,19.84,31.89,8.13,12.95,56.5,0.18,rice,seeding,7.85,1.08,0.0,1.13,11.56,11.14,Low,Air Quality,0.02
2026-03-11,River Bend,40.712,-74.02,16.8,45.47,8.4,7.44,2.1,29.28,6.47,4.81,39.46,25.37,34.06,5.68,14.92,88.16,0.2,wheat,seeding,3.01,10.92,0.0,12.43,25.43,22.8,Low,Air Quality,0.05
2026-03-11,South Fields,40.691,-74.01,3.96,48.74,11.59,3.26,2.08,44.52,6.59,5.02,32.94,30.37,36.52,10.9,13.12,80.69,0.23,corn,seeding,2.39,0.0,0.37,10.31,17.09,9.79,Low,Air Quality,0.03
2026-03-12,East Orchard,40.724,-73.965,12.32,60.26,17.65,25.2,2.19,50.26,5.84,5.19,16.43,23.82,34.4,9.17,18.54,57.66,0.15,corn,seeding,1.86,5.54,7.37,3.93,1.49,4.31,Low,Extreme Cold,0.04
2026-03-12,Hill Market,40.747,-73.985,9.12,53.02,0.65,9.5,1.72,33.52,6.76,4.96,18.83,35.78,26.64,14.43,15.93,81.61,0.17,corn,seeding,0.0,3.08,0.0,0.91,5.97,4.94,Low,Air Quality,0.01
2026-03-12,North Valley,40.733,-73.995,9.63,67.78,5.56,23.73,2.27,31.5,6.55,5.28,15.32,22.64,20.57,3.95,16.17,47.96,0.18,wheat,seeding,0.68,3.39,0.8,1.66,4.55,8.04,Low,Air Quality,0.01
2026-03-12,River Bend,40.712,-74.02,6.73,71.91,13.9,9.51,2.63,31.62,6.04,5.25,26.76,31.62,41.35,13.28,14.41,75.79,0.2,wheat,seeding,0.06,3.51,0.55,1.12,18.26,16.86,Low,Air Quality,0.01
2026-03-12,South Fields,40.691,-74.01,5.13,56.17,10.11,20.44,2.17,31.47,6.2,4.8,29.65,30.34,51.3,6.37,13.88,84.76,0.23,vegetable,seeding,0.86,2.04,3.28,20.45,26.74,20.44,Low,Air Quality,0.06
2026-03-13,East Orchard,40.724,-73.965,14.74,44.6,4.18,4.86,2.01,40.3,5.78,5.21,12.46,41.07,19.19,6.81,13.79,47.76,0.15,rice,seeding,3.38,6.91,1.45,4.72,10.01,10.63,Low,Air Quality,0.03
2026-03-13,Hill Market,40.747,-73.985,10.92,97.61,67.37,6.4,2.96,70.54,5.67,3.8,24.19,33.98,31.83,16.79,11.93,74.83,0.17,corn,seeding,86.18,8.36,0.07,99.38,15.5,85.72,Severe,Acid Rain,0.51
2026-03-13,North Valley,40.733,-73.995,16.06,76.98,21.47,14.96,2.12,37.55,6.11,5.53,13.4,42.5,27.92,8.22,13.62,56.31,0.18,rice,seeding,9.31,12.85,0.0,0.0,6.77,12.75,Low,Extreme Heat,0.05
2026-03-13,River Bend,40.712,-74.02,9.07,59.23,8.13,3.48,2.45,41.81,6.0,4.95,22.34,16.5,30.43,13.44,13.31,67.04,0.2,wheat,seeding,4.11,2.3,0.0,11.28,3.93,11.93,Low,Acid Rain,0.04
2026-03-13,South Fields,40.691,-74.01,9.16,97.04,64.27,14.45,3.33,75.24,5.76,4.58,28.48,39.07,33.23,12.11,12.08,64.43,0.23,corn,seeding,91.67,0.54,0.0,78.88,19.15,81.16,Severe,Flood,0.48
2026-03-14,East Orchard,40.724,-73.965,9.81,37.5,3.25,2.21,2.06,50.55,6.63,5.72,9.31,32.51,20.39,9.15,17.06,53.21,0.15,corn,seeding,0.32,1.57,0.0,2.77,0.44,3.94,Low,Acid Rain,0.01
2026-03-14,Hill Market,40.747,-73.985,10.34,58.29,11.55,9.72,1.97,42.49,6.46,4.67,28.79,25.37,32.31,11.45,14.43,79.04,0.17,corn,seeding,0.0,2.37,3.53,25.95,17.97,22.65,Low,Acid Rain,0.06
2026-03-14,North Valley,40.733,-73.995,11.01,56.55,13.06,25.53,1.99,38.33,6.49,5.46,22.45,37.58,28.76,7.39,11.98,33.99,0.18,wheat,seeding,7.09,0.0,0.28,0.0,8.32,10.62,Low,Air Quality,0.02
2026-03-14,River Bend,40.712,-74.02,19.28,55.67,10.84,10.69,2.27,46.99,6.4,5.16,25.61,25.35,27.1,9.21,14.79,53.96,0.2,wheat,seeding,1.06,18.97,0.0,1.89,9.64,14.81,Low,Extreme Heat,0.05
2026-03-14,South Fields,40.691,-74.01,8.34,61.19,4.28,17.61,1.7,35.38,6.28,5.17,16.7,32.09,17.35,10.62,14.28,54.28,0.23,corn,seeding,3.49,1.06,0.0,0.69,4.9,5.41,Low,Air Quality,0.02
2026-03-15,East Orchard,40.724,-73.965,7.06,52.69,6.63,16.79,1.91,45.58,5.94,5.31,12.47,27.14,23.21,8.26,19.97,49.2,0.15,soybean,seeding,4.14,0.0,1.07,0.0,4.94,2.37,Low,Air Quality,0.01
2026-03-15,Hill Market,40.747,-73.985,13.75,64.84,17.01,8.36,2.11,43.09,6.64,5.3,14.57,38.06,43.57,12.79,16.86,72.96,0.17,soybean,seeding,0.51,7.83,1.13,4.58,12.48,9.87,Low,Air Quality,0.03
2026-03-15,North Valley,40.733,-73.995,12.93,80.06,42.4,10.61,3.04,50.83,5.84,4.92,12.71,27.69,12.86,4.43,14.63,23.96,0.18,wheat,seeding,37.13,3.2,4.17,8.98,7.94,34.64,Low,Flood,0.14
2026-03-15,River Bend,40.712,-74.02,13.14,79.26,37.03,33.47,3.04,38.0,5.96,5.24,21.93,30.96,28.87,12.68,13.01,65.43,0.2,soybean,seeding,27.98,10.2,2.23,10.52,12.41,25.18,Low,Flood,0.14
2026-03-15,South Fields,40.691,-74.01,12.04,53.66,3.76,24.49,1.95,37.45,6.79,5.29,21.48,36.01,29.51,8.35,14.91,50.56,0.23,soybean,seeding,1.24,7.33,0.73,1.14,6.8,8.32,Low,Extreme Heat,0.02
2026-03-16,East Orchard,40.724,-73.965,9.67,68.32,12.12,9.74,2.32,35.77,6.16,5.07,21.06,28.1,19.26,4.31,14.73,47.28,0.15,soybean,seeding,2.29,1.39,3.89,1.22,4.15,5.31,Low,Air Quality,0.02
2026-03-16,Hill Market,40.747,-73.985,10.29,62.62,8.54,20.59,2.02,29.34,6.4,4.46,21.5,27.56,25.84,15.19,14.92,77.55,0.17,corn,seeding,2.64,8.25,0.0,42.52,5.52,38.64,Moderate,Acid Rain,0.11
2026-03-16,North Valley,40.733,-73.995,8.6,66.14,21.88,18.64,2.42,26.55,6.08,4.94,17.01,34.58,26.89,7.11,12.03,49.12,0.18,wheat,seeding,6.49,3.64,2.63,13.59,4.01,9.37,Low,Acid Rain,0.05
2026-03-16,River Bend,40.712,-74.02,16.03,40.2,8.05,9.96,2.36,22.49,6.24,5.26,25.85,32.48,24.13,7.36,14.42,45.77,0.2,wheat,seeding,4.05,8.46,0.0,3.01,10.71,10.6,Low,Air Quality,0.04
2026-03-16,South Fields,40.691,-74.01,12.13,64.92,0.9,9.9,2.17,25.76,6.37,5.28,24.74,9.74,34.85,5.74,14.1,83.38,0.23,corn,seeding,0.45,5.94,2.06,2.37,12.71,8.21,Low,Air Quality,0.02
2026-03-17,East Orchard,40.724,-73.965,9.16,81.13,13.25,7.48,2.13,37.1,5.7,5.2,14.27,19.77,23.44,5.63,15.02,29.4,0.15,soybean,seeding,3.82,2.39,0.39,0.0,0.0,6.41,Low,Flood,0.02
2026-03-17,Hill Market,40.747,-73.985,19.58,77.25,28.11,14.02,2.49,51.63,6.35,4.55,34.81,44.51,50.41,12.43,12.76,100.0,0.17,corn,seeding,9.94,24.32,2.63,61.85,37.01,58.7,High,Acid Rain,0.22
2026-03-17,North Valley,40.733,-73.995,12.08,52.74,1.78,5.07,2.22,26.33,6.35,4.83,29.13,22.73,25.9,9.39,15.16,59.45,0.18,wheat,seeding,2.39,2.27,3.57,8.37,8.3,8.67,Low,Acid Rain,0.03
2026-03-17,River Bend,40.712,-74.02,13.61,59.36,18.88,2.68,2.43,44.08,5.55,5.04,24.23,28.52,35.66,6.71,13.5,69.46,0.2,wheat,seeding,4.54,4.73,0.0,9.92,9.04,10.14,Low,Acid Rain,0.04
2026-03-17,South Fields,40.691,-74.01,10.56,45.57,5.73,14.65,2.07,22.55,6.84,5.29,25.65,28.45,24.68,3.7,15.24,55.35,0.23,vegetable,seeding,0.0,7.09,3.31,0.0,9.07,8.77,Low,Air Quality,0.02
2026-03-18,East Orchard,40.724,-73.965,11.54,66.04,4.8,17.79,2.01,43.23,6.12,5.24,6.57,27.17,24.97,6.91,15.28,64.82,0.15,wheat,seeding,0.76,4.66,0.0,0.0,3.64,5.49,Low,Extreme Heat,0.01
2026-03-18,Hill Market,40.747,-73.985,16.55,64.71,5.61,20.87,1.82,38.91,6.73,5.0,17.84,21.51,28.45,9.22,17.07,77.73,0.17,vegetable,seeding,5.72,11.97,1.04,4.16,5.99,15.5,Low,Extreme Heat,0.07
2026-03-18,North Valley,40.733,-73.995,20.32,46.7,6.35,17.37,2.22,21.43,6.42,5.15,32.03,27.3,35.14,7.0,15.19,75.14,0.18,corn,seeding,1.42,21.18,0.49,0.82,21.04,15.85,Low,Extreme Heat,0.06
2026-03-18,River Bend,40.712,-74.02,10.82,63.18,6.63,13.72,2.7,31.82,5.84,5.01,18.21,42.11,28.13,6.95,14.11,62.74,0.2,corn,seeding,0.0,9.28,1.18,0.01,13.26,13.09,Low,Air Quality,0.02
2026-03-18,South Fields,40.691,-74.01,16.37,63.48,10.65,10.64,2.47,32.2,6.22,5.32,20.49,34.93,26.73,8.43,14.3,47.45,0.23,corn,seeding,3.44,8.86,3.71,0.0,4.74,9.17,Low,Extreme Heat,0.04
2026-03-19,East Orchard,40.724,-73.965,12.54,52.68,11.63,11.41,2.23,45.34,6.08,5.13,14.62,32.28,25.85,5.61,13.01,56.09,0.15,corn,seeding,3.01,2.61,0.0,4.57,6.44,8.38,Low,Air Quality,0.03
2026-03-19,Hill Market,40.747,-73.985,24.59,56.98,12.75,9.01,2.08,44.88,6.62,4.94,28.45,37.8,30.63,6.07,12.77,78.59,0.17,corn,seeding,0.0,47.67,2.61,4.5,21.75,43.29,Moderate,Extreme Heat,0.13
2026-03-19,North Valley,40.733,-73.995,11.01,58.67,6.88,21.57,2.16,31.72,6.48,5.67,14.3,34.14,30.57,6.47,14.49,58.94,0.18,wheat,seeding,0.0,3.03,0.0,0.0,8.1,6.6,Low,Air Quality,0.01
2026-03-19,River Bend,40.712,-74.02,15.58,73.54,2.47,10.21,2.0,34.12,6.2,5.34,29.42,25.86,29.81,6.36,14.43,59.86,0.2,wheat,seeding,0.0,13.65,0.0,2.81,13.64,9.87,Low,Extreme Heat,0.03
2026-03-19,South Fields,40.691,-74.01,13.29,53.53,9.14,2.9,2.17,58.43,6.59,5.45,23.23,37.03,30.71,12.98,17.06,82.94,0.23,corn,seeding,2.57,9.12,0.0,3.29,12.13,7.97,Low,Air Quality,0.04
2026-03-20,East Orchard,40.724,-73.965,12.21,62.09,1.82,6.04,2.19,32.67,6.0,5.79,22.55,32.03,19.33,4.53,15.44,51.12,0.15,corn,seeding,0.61,6.94,3.11,3.1,4.85,10.16,Low,Extreme Heat,0.03
2026-03-20,Hill Market,40.747,-73.985,16.89,40.75,6.36,9.36,2.13,10.88,6.5,4.71,32.99,34.43,29.82,7.7,11.92,64.21,0.17,corn,seeding,2.44,10.4,1.56,14.72,18.88,15.94,Low,Air Quality,0.06
2026-03-20,North Valley,40.733,-73.995,10.76,38.95,0.8,3.86,2.15,29.99,6.36,5.51,12.57,41.67,30.78,12.59,13.49,65.09,0.18,wheat,seeding,2.91,0.0,4.42,1.61,3.82,7.15,Low,Extreme Cold,0.02
2026-03-20,River Bend,40.712,-74.02,12.71,44.72,3.38,17.55,2.59,29.04,6.17,5.47,21.61,34.23,21.33,3.88,16.11,62.52,0.2,wheat,seeding,2.65,6.65,0.0,1.86,6.71,2.67,Low,Air Quality,0.03
2026-03-20,South Fields,40.691,-74.01,21.27,78.16,11.17,16.65,2.52,49.06,6.46,4.99,19.64,33.39,17.97,4.63,12.91,28.41,0.23,corn,seeding,2.03,39.18,0.0,0.0,6.92,33.85,Low,Extreme Heat,0.11
2026-03-21,East Orchard,40.724,-73.965,10.79,68.44,3.33,18.61,1.62,31.17,6.05,5.07,15.95,26.17,25.31,9.22,16.14,40.09,0.15,corn,seeding,0.0,2.14,0.0,1.58,7.55,8.91,Low,Air Quality,0.01
2026-03-21,Hill Market,40.747,-73.985,10.88,52.57,8.46,11.28,1.95,58.83,6.6,5.21,23.29,37.5,39.54,7.23,16.05,59.72,0.17,corn,seeding,0.0,4.69,3.6,1.32,15.19,15.33,Low,Air Quality,0.02
2026-03-21,North Valley,40.733,-73.995,16.62,64.03,10.15,15.31,2.01,47.34,6.61,5.32,22.45,19.67,31.29,7.73,16.54,38.04,0.18,wheat,seeding,4.89,16.55,0.9,0.0,6.84,13.51,Low,Extreme Heat,0.05
2026-03-21,River Bend,40.712,-74.02,14.27,51.37,1.54,8.58,2.3,29.7,6.6,5.35,25.92,13.7,31.13,0.89,17.38,63.67,0.2,vegetable,seeding,0.0,1.39,0.0,0.0,15.38,10.69,Low,Air Quality,0.0
2026-03-21,South Fields,40.691,-74.01,6.06,54.6,5.61,30.49,2.5,41.91,6.92,5.02,19.11,33.57,24.84,3.23,14.92,51.06,0.23,wheat,seeding,0.0,0.0,3.12,1.69,9.6,7.62,Low,Air Quality,0.01
2026-03-22,East Orchard,40.724,-73.965,16.93,47.85,1.5,4.88,1.84,37.44,6.01,5.65,15.48,18.26,11.29,1.98,16.16,25.28,0.15,soybean,seeding,0.0,13.09,0.0,3.99,4.14,10.9,Low,Extreme Heat,0.04
2026-03-22,Hill Market,40.747,-73.985,16.26,55.41,5.05,13.74,1.95,18.62,6.47,5.27,14.66,26.08,19.33,3.24,16.39,54.34,0.17,corn,seeding,0.0,8.17,0.35,8.84,9.96,9.46,Low,Air Quality,0.04
2026-03-22,North Valley,40.733,-73.995,20.44,91.22,69.51,14.86,3.68,52.36,5.17,4.31,17.43,36.29,24.77,18.57,15.34,57.1,0.18,wheat,seeding,89.17,43.38,1.82,88.5,11.39,80.76,Severe,Flood,0.52
2026-03-22,River Bend,40.712,-74.02,8.14,47.15,4.13,20.45,2.29,35.56,6.68,4.95,21.42,14.28,30.69,6.28,16.46,70.8,0.2,wheat,seeding,0.0,6.03,0.0,7.02,11.03,10.11,Low,Air Quality,0.02
2026-03-22,South Fields,40.691,-74.01,17.74,49.88,4.36,10.93,2.18,45.59,6.48,5.66,16.14,38.34,15.29,6.48,16.11,40.48,0.23,corn,seeding,0.0,15.09,3.39,3.72,9.37,15.7,Low,Extreme Heat,0.05
2026-03-23,East Orchard,40.724,-73.965,9.65,54.23,3.94,12.13,2.29,42.77,6.06,5.78,3.58,31.62,28.91,3.22,16.88,53.42,0.15,vegetable,seeding,2.03,0.87,3.81,1.13,4.77,0.0,Low,Air Quality,0.02
2026-03-23,Hill Market,40.747,-73.985,15.53,62.12,11.11,19.21,2.15,46.12,6.69,5.45,32.31,34.13,37.97,15.2,14.27,83.23,0.17,rice,seeding,3.41,10.85,1.52,2.82,20.35,17.17,Low,Air Quality,0.04
2026-03-23,North Valley,40.733,-73.995,14.34,67.92,24.39,15.7,2.55,50.29,6.36,5.58,20.56,27.03,31.65,14.02,12.13,61.66,0.18,wheat,seeding,12.28,7.6,0.0,0.0,6.67,11.19,Low,Flood,0.05
2026-03-23,River Bend,40.712,-74.02,13.79,50.93,9.91,4.9,2.87,25.3,6.01,5.35,25.99,22.24,28.26,5.69,13.33,52.13,0.2,vegetable,seeding,3.87,5.46,1.39,0.0,13.39,15.93,Low,Air Quality,0.03
2026-03-23,South Fields,40.691,-74.01,14.04,37.97,7.25,20.59,2.16,39.52,6.7,5.45,24.03,33.05,21.02,4.04,12.26,66.76,0.23,corn,seeding,0.0,6.08,0.0,1.66,10.58,12.17,Low,Air Quality,0.02
2026-03-24,East Orchard,40.724,-73.965,14.19,50.06,2.52,13.77,2.1,41.49,6.06,5.89,19.35,38.19,31.57,4.0,14.46,73.77,0.15,corn,seeding,0.0,0.17,2.84,1.67,7.53,5.96,Low,Air Quality,0.01
2026-03-24,Hill Market,40.747,-73.985,15.57,67.2,3.36,9.97,2.15,37.22,6.59,5.0,40.78,25.27,38.46,7.15,13.14,79.44,0.17,corn,seeding,1.0,5.39,1.65,3.43,28.45,22.1,Low,Air Quality,0.03
2026-03-24,North Valley,40.733,-73.995,22.22,67.52,4.12,20.05,2.44,31.82,6.29,5.36,18.29,33.7,32.63,10.61,16.39,77.62,0.18,wheat,seeding,4.9,31.76,1.61,4.76,12.12,27.08,Low,Extreme Heat,0.09
2026-03-24,River Bend,40.712,-74.02,15.67,100.0,96.43,20.63,4.17,78.44,5.46,4.13,16.63,27.51,16.26,20.42,11.9,45.75,0.2,soybean,seeding,97.59,19.25,0.0,98.05,6.81,87.22,Severe,Acid Rain,0.54
2026-03-24,South Fields,40.691,-74.01,14.73,49.35,13.1,9.11,2.51,42.44,6.5,5.51,24.68,46.38,32.87,6.9,13.93,76.01,0.23,corn,seeding,0.0,10.72,0.0,0.0,15.8,16.24,Low,Air Quality,0.03
2026-03-25,East Orchard,40.724,-73.965,15.45,72.77,17.18,8.66,2.65,45.13,5.96,5.29,19.71,38.37,38.39,7.61,10.96,68.8,0.15,corn,seeding,7.79,8.66,0.0,1.66,10.25,11.39,Low,Air Quality,0.05
2026-03-25,Hill Market,40.747,-73.985,8.64,55.37,2.45,12.82,2.0,40.63,6.42,4.86,28.24,25.01,36.7,7.09,14.48,74.68,0.17,corn,seeding,2.75,0.0,2.27,13.58,18.06,14.02,Low,Air Quality,0.04
2026-03-25,North Valley,40.733,-73.995,22.81,100.0,81.47,23.07,3.9,86.09,5.72,4.22,27.01,27.53,22.74,20.25,10.8,54.19,0.18,wheat,seeding,98.44,61.33,2.19,94.35,11.33,88.58,Severe,Flood,0.6
2026-03-25,River Bend,40.712,-74.02,10.8,57.91,8.7,12.85,2.9,27.41,6.01,5.05,16.23,54.78,33.06,8.76,14.87,75.03,0.2,wheat,seeding,0.0,0.0,0.0,6.8,10.92,9.84,Low,Air Quality,0.01
2026-03-25,South Fields,40.691,-74.01,12.63,51.04,6.68,7.69,2.37,32.86,6.82,4.56,22.74,48.0,43.52,12.81,14.74,69.67,0.23,corn,seeding,1.71,8.25,0.0,29.55,19.53,24.17,Low,Acid Rain,0.08
2026-03-26,East Orchard,40.724,-73.965,8.75,48.01,3.23,18.48,2.04,45.66,6.05,5.53,6.04,36.34,21.44,4.8,13.3,38.74,0.15,corn,seeding,0.0,3.85,3.87,0.5,7.92,6.36,Low,Air Quality,0.02
2026-03-26,Hill Market,40.747,-73.985,10.51,76.37,10.83,7.33,2.04,43.85,6.35,4.33,18.7,44.91,39.16,6.57,15.38,74.81,0.17,corn,seeding,4.63,6.88,0.0,65.48,15.24,55.64,High,Acid Rain,0.16
2026-03-26,North Valley,40.733,-73.995,14.95,100.0,95.75,9.97,4.08,65.19,5.52,4.6,22.19,41.83,33.69,19.73,15.2,77.43,0.18,wheat,seeding,99.37,17.63,0.0,95.43,8.18,92.06,Severe,Flood,0.5
2026-03-26,River Bend,40.712,-74.02,19.99,59.15,11.12,13.11,2.53,38.91,6.01,5.2,47.52,32.01,38.53,11.05,13.03,70.07,0.2,wheat,seeding,1.18,23.31,0.6,0.88,38.87,31.26,Low,Air Quality,0.06
2026-03-26,South Fields,40.691,-74.01,15.15,54.94,4.95,12.9,2.45,43.56,6.72,4.92,13.06,16.3,23.48,6.84,16.39,46.72,0.23,rice,seeding,8.39,7.58,0.0,10.37,4.41,11.14,Low,Acid Rain,0.05
2026-03-27,East Orchard,40.724,-73.965,8.11,56.16,8.52,26.19,2.01,34.37,6.06,5.64,20.73,19.7,15.26,8.06,14.9,26.55,0.15,rice,seeding,0.0,1.12,1.37,0.0,0.0,1.49,Low,Extreme Cold,0.0
2026-03-27,Hill Market,40.747,-73.985,16.26,56.54,19.63,17.94,2.32,36.84,6.15,4.53,21.58,34.8,37.59,11.51,10.54,71.61,0.17,corn,seeding,3.32,10.62,0.0,50.86,12.39,46.55,Moderate,Acid Rain,0.13
2026-03-27,North Valley,40.733,-73.995,18.36,47.17,8.15,13.48,2.11,60.69,6.52,5.5,11.83,39.67,20.77,11.11,15.61,46.27,0.18,wheat,seeding,3.54,13.52,0.69,4.06,0.53,12.96,Low,Extreme Heat,0.05
2026-03-27,River Bend,40.712,-74.02,24.06,50.65,11.63,19.17,2.61,7.38,6.18,5.08,18.3,38.47,29.25,7.0,12.06,55.27,0.2,soybean,seeding,0.0,45.46,2.77,7.48,5.18,39.67,Moderate,Extreme Heat,0.12
2026-03-27,South Fields,40.691,-74.01,12.79,63.62,2.51,13.08,2.16,28.57,6.53,5.14,22.24,39.24,35.12,13.92,11.9,70.59,0.23,corn,seeding,3.88,10.26,0.0,4.07,12.02,5.89,Low,Air Quality,0.05
2026-03-28,East Orchard,40.724,-73.965,16.38,66.12,15.27,8.61,2.23,48.51,5.83,5.07,24.49,22.93,18.24,4.86,11.48,44.16,0.15,corn,seeding,8.53,9.58,0.0,1.46,14.33,15.99,Low,Air Quality,0.06
2026-03-28,Hill Market,40.747,-73.985,16.42,47.24,1.79,5.58,1.75,36.67,6.52,5.42,36.24,40.38,37.19,7.3,13.96,98.2,0.17,corn,seeding,2.9,11.61,0.0,0.0,30.99,28.26,Low,Air Quality,0.04
2026-03-28,North Valley,40.733,-73.995,21.83,52.88,1.75,7.49,1.82,36.63,6.58,5.34,22.49,25.66,9.6,4.38,9.8,24.67,0.18,corn,seeding,0.0,26.11,1.32,0.0,8.98,23.6,Low,Extreme Heat,0.07
2026-03-28,River Bend,40.712,-74.02,10.92,76.37,12.56,4.33,2.65,42.58,6.41,4.85,29.38,48.34,28.21,9.83,15.44,68.62,0.2,wheat,seeding,3.44,3.66,1.6,8.04,25.89,21.65,Low,Air Quality,0.03
2026-03-28,South Fields,40.691,-74.01,10.4,89.64,69.06,12.24,3.5,58.73,5.75,4.56,24.63,11.46,20.88,19.5,12.47,45.32,0.23,vegetable,seeding,94.1,3.65,3.77,79.89,5.95,86.3,Severe,Flood,0.55
2026-03-29,East Orchard,40.724,-73.965,12.42,63.23,7.57,12.14,2.1,46.53,6.46,4.93,29.3,27.64,21.31,5.48,17.23,32.49,0.15,corn,seeding,0.0,3.94,3.18,7.57,13.66,14.56,Low,Air Quality,0.03
2026-03-29,Hill Market,40.747,-73.985,8.35,64.6,6.89,12.45,1.91,25.69,6.36,4.73,19.48,33.04,41.78,12.99,14.09,80.5,0.17,corn,seeding,0.37,1.03,0.0,23.45,8.88,20.61,Low,Acid Rain,0.05
2026-03-29,North Valley,40.733,-73.995,16.82,55.12,8.22,12.25,2.34,50.85,6.42,5.08,23.68,29.99,14.08,7.78,17.15,52.19,0.18,wheat,seeding,0.0,12.87,0.0,4.0,6.88,10.85,Low,Extreme Heat,0.03
2026-03-29,River Bend,40.712,-74.02,11.86,60.18,7.28,5.22,2.73,35.34,6.35,4.59,30.82,23.02,31.09,6.76,12.9,44.8,0.2,rice,seeding,0.18,0.0,0.6,32.46,12.82,33.11,Low,Acid Rain,0.05
2026-03-29,South Fields,40.691,-74.01,13.77,58.65,10.65,9.62,2.36,39.7,6.5,5.06,20.0,41.86,26.59,14.23,14.81,63.55,0.23,rice,seeding,0.0,2.66,3.58,5.89,9.06,10.39,Low,Air Quality,0.02
2026-03-30,East Orchard,40.724,-73.965,13.12,71.56,15.78,6.2,2.44,42.75,6.1,5.33,6.31,25.29,20.78,10.36,18.23,23.7,0.15,corn,seeding,3.22,3.15,2.14,0.0,0.76,0.68,Low,Flood,0.02
2026-03-30,Hill Market,40.747,-73.985,19.57,83.72,40.4,22.47,2.87,57.08,6.36,4.29,23.94,28.06,35.32,12.16,13.65,82.82,0.17,corn,seeding,32.03,25.29,0.13,83.34,9.15,69.58,High,Acid Rain,0.33
2026-03-30,North Valley,40.733,-73.995,23.28,79.25,57.21,35.72,3.32,63.38,5.75,4.63,10.51,35.18,14.06,7.86,17.72,23.34,0.18,wheat,seeding,76.3,49.34,0.0,53.49,9.39,67.01,High,Flood,0.43
2026-03-30,River Bend,40.712,-74.02,16.51,65.24,11.79,32.02,2.54,33.53,6.31,4.88,18.37,26.83,33.2,10.54,16.17,66.98,0.2,rice,seeding,4.51,10.82,0.0,10.66,4.93,10.26,Low,Extreme Heat,0.05
2026-03-30,South Fields,40.691,-74.01,11.59,65.13,2.65,32.73,1.95,35.45,6.56,5.13,16.85,40.6,29.68,7.33,18.78,42.09,0.23,corn,seeding,0.0,4.74,0.0,3.79,8.51,8.34,Low,Air Quality,0.02
2026-03-31,East Orchard,40.724,-73.965,18.43,55.39,8.92,3.31,2.14,41.76,6.06,5.09,22.49,27.12,15.85,11.38,12.4,37.78,0.15,corn,seeding,6.13,17.56,3.84,0.0,5.15,17.3,Low,Extreme Heat,0.07
2026-03-31,Hill Market,40.747,-73.985,17.58,49.01,9.04,10.48,2.58,44.58,6.6,4.8,13.9,27.4,27.39,3.4,15.79,78.39,0.17,vegetable,seeding,5.67,9.19,0.27,7.1,1.09,9.08,Low,Extreme Heat,0.06
2026-03-31,North Valley,40.733,-73.995,18.11,62.62,5.46,5.4,2.3,36.59,6.42,5.16,31.83,32.15,39.37,7.96,13.33,73.0,0.18,wheat,seeding,0.0,23.98,3.34,0.02,22.43,20.21,Low,Extreme Heat,0.06
2026-03-31,River Bend,40.712,-74.02,25.22,55.9,3.78,25.74,2.71,21.47,6.1,4.58,26.18,26.35,45.99,7.6,15.01,78.95,0.2,soybean,seeding,3.81,51.92,1.31,40.52,22.44,45.57,Moderate,Extreme Heat,0.21
2026-03-31,South Fields,40.691,-74.01,14.5,65.12,3.86,7.66,2.08,34.11,6.67,5.0,24.18,31.54,28.15,4.35,16.63,62.01,0.23,corn,seeding,0.0,9.61,2.22,1.97,11.72,11.45,Low,Air Quality,0.03
2026-04-01,East Orchard,40.724,-73.965,15.38,84.56,18.6,3.12,2.34,46.97,6.05,5.17,11.07,31.8,26.98,11.81,13.98,57.04,0.15,soybean,seeding,6.12,12.98,0.0,6.54,5.41,13.83,Low,Extreme Heat,0.06
2026-04-01,Hill Market,40.747,-73.985,18.16,60.45,6.04,16.74,2.18,45.96,6.41,5.22,32.44,14.31,24.68,5.86,17.78,71.22,0.17,corn,seeding,1.34,13.34,0.34,2.25,15.46,14.82,Low,Air Quality,0.04
2026-04-01,North Valley,40.733,-73.995,19.85,65.28,5.33,9.18,2.03,36.46,6.85,5.41,23.8,29.13,31.17,1.98,13.41,54.11,0.18,wheat,seeding,1.28,26.27,0.0,0.0,10.39,21.79,Low,Extreme Heat,0.06
2026-04-01,River Bend,40.712,-74.02,13.54,61.94,4.57,6.31,2.66,50.18,6.49,5.07,31.34,38.28,34.73,9.44,13.97,78.62,0.2,wheat,seeding,1.97,4.42,0.98,6.69,24.61,20.72,Low,Air Quality,0.03
2026-04-01,South Fields,40.691,-74.01,20.34,47.85,11.25,20.36,2.55,35.6,6.48,4.99,24.85,24.89,41.67,11.42,14.55,75.98,0.23,corn,seeding,2.4,21.4,0.32,9.96,16.47,18.43,Low,Extreme Heat,0.08
2026-04-02,East Orchard,40.724,-73.965,11.7,56.05,8.84,6.7,2.2,54.47,5.98,5.32,4.09,34.1,27.56,2.62,13.98,52.44,0.15,corn,seeding,2.6,7.29,0.17,0.9,2.21,2.12,Low,Extreme Heat,0.03
2026-04-02,Hill Market,40.747,-73.985,17.22,39.48,10.73,4.43,2.11,49.87,6.18,5.04,10.62,19.11,32.94,10.54,11.56,68.82,0.17,corn,seeding,3.57,8.37,0.0,7.79,6.85,9.48,Low,Extreme Heat,0.05
2026-04-02,North Valley,40.733,-73.995,15.43,66.14,22.38,12.81,2.83,47.29,6.0,4.74,17.87,44.35,17.75,7.08,13.21,52.93,0.18,vegetable,seeding,10.88,11.94,0.13,23.66,4.42,23.39,Low,Acid Rain,0.13
2026-04-02,River Bend,40.712,-74.02,10.56,42.81,6.61,2.07,2.42,34.54,5.85,4.76,13.91,37.98,33.16,5.01,17.32,76.01,0.2,rice,seeding,0.0,5.18,0.0,16.86,6.0,13.86,Low,Acid Rain,0.03
2026-04-02,South Fields,40.691,-74.01,16.46,36.8,3.49,26.19,2.48,39.22,6.44,4.78,10.32,31.39,33.4,1.62,15.97,58.81,0.23,corn,seeding,0.0,11.69,0.0,12.88,1.17,6.33,Low,Acid Rain,0.05
2026-04-03,East Orchard,40.724,-73.965,17.64,54.17,5.23,19.67,2.08,36.61,6.12,4.86,18.22,30.67,26.01,0.23,16.65,49.9,0.15,vegetable,seeding,4.84,9.03,1.28,0.61,6.93,9.22,Low,Extreme Heat,0.05
2026-04-03,Hill Market,40.747,-73.985,19.21,42.13,2.74,4.5,1.8,38.83,6.37,4.95,19.07,26.19,28.38,8.82,13.77,63.63,0.17,corn,seeding,0.0,13.65,1.35,4.34,7.42,9.81,Low,Extreme Heat,0.04
2026-04-03,North Valley,40.733,-73.995,19.38,58.27,16.68,6.57,2.16,62.92,6.41,5.38,10.69,19.08,22.16,13.09,12.8,42.65,0.18,wheat,seeding,0.72,23.5,2.41,0.0,1.21,18.72,Low,Extreme Heat,0.06
2026-04-03,River Bend,40.712,-74.02,20.42,85.43,21.18,19.28,3.0,36.06,5.81,4.63,39.49,42.85,33.21,5.9,14.76,60.2,0.2,vegetable,seeding,11.01,42.87,0.0,39.69,26.62,37.23,Moderate,Extreme Heat,0.24
2026-04-03,South Fields,40.691,-74.01,15.95,68.47,10.04,15.0,2.88,28.86,6.49,4.84,18.68,44.1,28.15,0.0,14.21,65.59,0.23,wheat,seeding,6.51,17.05,0.0,6.5,11.32,17.68,Low,Extreme Heat,0.07
2026-04-04,East Orchard,40.724,-73.965,25.9,59.8,4.33,15.29,2.31,19.39,6.54,5.44,17.77,43.42,40.42,8.47,14.48,63.72,0.15,vegetable,seeding,0.0,64.53,1.14,0.0,12.84,56.52,High,Extreme Heat,0.18
2026-04-04,Hill Market,40.747,-73.985,17.17,89.3,27.54,16.65,2.78,34.5,6.51,4.14,14.83,27.64,28.61,9.28,14.77,63.29,0.17,wheat,seeding,9.39,14.63,0.0,91.39,5.72,81.02,Severe,Acid Rain,0.21
2026-04-04,North Valley,40.733,-73.995,18.36,54.52,12.13,8.55,2.58,46.72,6.35,5.32,23.29,32.58,26.27,10.26,12.89,53.78,0.18,rice,seeding,4.17,14.86,0.0,6.02,14.75,12.47,Low,Extreme Heat,0.05
2026-04-04,River Bend,40.712,-74.02,18.19,55.68,7.67,4.23,2.56,27.03,6.07,4.89,21.44,29.14,37.21,7.78,13.36,63.73,0.2,soybean,seeding,4.59,21.08,0.0,11.1,14.67,17.81,Low,Extreme Heat,0.08
2026-04-04,South Fields,40.691,-74.01,19.55,59.31,7.31,8.11,2.27,52.23,6.9,4.9,27.15,33.11,21.31,1.0,13.63,57.71,0.23,rice,seeding,0.09,22.7,1.41,0.0,12.0,21.51,Low,Extreme Heat,0.04
2026-04-05,East Orchard,40.724,-73.965,18.76,52.1,16.12,7.6,2.15,39.99,6.2,5.33,7.79,29.62,33.56,6.35,15.84,43.46,0.15,corn,seeding,6.61,16.84,3.29,3.29,1.61,18.11,Low,Extreme Heat,0.08
2026-04-05,Hill Market,40.747,-73.985,17.35,46.15,8.57,9.14,2.18,39.59,6.48,4.47,26.53,37.73,30.84,6.92,14.89,60.63,0.17,corn,seeding,4.14,9.18,0.67,36.06,12.11,29.08,Low,Acid Rain,0.11
2026-04-05,North Valley,40.733,-73.995,20.24,97.73,48.39,15.93,2.96,75.53,5.49,4.6,18.27,30.16,20.17,15.27,12.09,40.41,0.18,wheat,seeding,55.33,38.56,0.0,63.83,8.76,59.77,High,Acid Rain,0.36
2026-04-05,River Bend,40.712,-74.02,21.86,57.28,12.12,5.71,2.2,34.87,6.05,5.09,28.61,31.2,46.38,12.32,11.85,85.1,0.2,wheat,seeding,0.72,35.7,6.94,8.91,21.89,33.55,Low,Extreme Heat,0.1
2026-04-05,South Fields,40.691,-74.01,15.23,56.95,21.26,12.04,2.32,49.21,6.44,4.94,24.01,36.83,34.79,11.21,12.77,63.06,0.23,vegetable,seeding,4.48,8.49,1.33,12.74,13.07,14.75,Low,Air Quality,0.07
2026-04-06,East Orchard,40.724,-73.965,20.44,41.61,3.7,21.46,1.27,46.79,5.89,5.61,7.58,33.4,26.77,4.11,12.95,38.36,0.15,corn,seeding,0.29,22.48,1.08,0.97,4.79,23.71,Low,Extreme Heat,0.06
2026-04-06,Hill Market,40.747,-73.985,22.8,63.41,3.72,20.88,1.64,35.2,6.59,4.82,25.81,34.04,34.43,4.57,13.9,72.54,0.17,corn,seeding,0.0,38.07,0.0,13.37,14.27,34.95,Low,Extreme Heat,0.12
2026-04-06,North Valley,40.733,-73.995,23.63,46.85,10.3,1.49,1.83,37.69,6.36,5.7,11.79,34.36,15.55,5.4,16.61,32.54,0.18,vegetable,seeding,3.08,36.57,0.0,3.22,7.33,36.38,Moderate,Extreme Heat,0.12
2026-04-06,River Bend,40.712,-74.02,21.32,53.57,7.19,18.0,2.12,23.16,6.31,4.8,31.04,23.43,30.81,7.26,17.44,47.02,0.2,wheat,seeding,1.61,26.82,0.76,12.36,11.97,25.2,Low,Extreme Heat,0.08
2026-04-06,South Fields,40.691,-74.01,12.67,51.7,13.37,13.42,2.54,33.67,6.87,5.19,25.05,28.61,27.31,9.21,13.06,62.54,0.23,rice,seeding,7.64,3.02,1.85,1.06,11.65,6.63,Low,Air Quality,0.03
2026-04-07,East Orchard,40.724,-73.965,13.79,88.0,25.35,8.53,2.35,49.72,5.91,5.04,17.45,29.63,27.15,10.72,15.86,64.42,0.15,corn,seeding,12.97,9.97,0.18,11.72,6.38,13.63,Low,Flood,0.09
2026-04-07,Hill Market,40.747,-73.985,18.12,79.52,1.13,9.94,1.29,36.52,6.93,5.29,26.15,34.86,33.54,8.67,13.24,84.36,0.17,wheat,seeding,0.0,21.3,0.0,0.0,17.5,19.47,Low,Extreme Heat,0.05
2026-04-07,North Valley,40.733,-73.995,25.77,53.94,3.85,11.86,2.0,42.71,6.19,5.18,14.91,39.02,13.32,1.8,17.1,46.0,0.18,wheat,seeding,6.78,55.38,0.53,7.38,4.11,43.56,Moderate,Extreme Heat,0.16
2026-04-07,River Bend,40.712,-74.02,14.06,60.86,19.65,23.55,2.15,40.94,6.11,4.65,19.39,30.37,39.76,11.83,15.34,77.35,0.2,rice,seeding,3.6,8.42,0.0,44.79,13.64,39.87,Moderate,Acid Rain,0.09
2026-04-07,South Fields,40.691,-74.01,14.52,33.84,2.64,7.78,1.76,27.4,6.74,5.25,20.31,34.59,34.59,9.35,18.0,69.73,0.23,corn,seeding,0.17,2.42,4.12,3.96,8.07,7.81,Low,Air Quality,0.02
2026-04-08,East Orchard,40.724,-73.965,21.21,67.11,25.82,4.76,2.06,51.0,5.84,4.61,8.71,32.6,22.69,8.51,13.63,42.56,0.15,corn,seeding,3.27,29.27,0.46,34.8,7.11,28.19,Low,Acid Rain,0.15
2026-04-08,Hill Market,40.747,-73.985,21.78,55.62,5.79,6.66,1.72,38.28,6.75,4.93,21.99,30.29,24.98,10.7,16.94,59.48,0.17,corn,seeding,0.0,31.23,0.0,4.24,7.59,28.03,Low,Extreme Heat,0.09
2026-04-08,North Valley,40.733,-73.995,25.09,79.44,3.56,6.71,1.96,54.32,6.6,5.25,16.94,47.46,27.78,7.65,18.95,55.25,0.18,wheat,seeding,1.83,66.31,6.11,0.0,8.78,54.0,Moderate,Extreme Heat,0.16
2026-04-08,River Bend,40.712,-74.02,24.16,54.13,5.69,12.11,1.86,22.84,6.23,5.39,19.39,35.08,36.66,5.24,13.42,100.0,0.2,wheat,seeding,0.0,45.25,0.0,2.35,12.17,40.81,Moderate,Extreme Heat,0.1
2026-04-08,South Fields,40.691,-74.01,19.74,59.43,29.17,12.97,2.55,50.93,6.24,4.97,24.75,21.12,32.96,9.56,14.37,59.96,0.23,rice,seeding,7.03,23.86,3.67,13.43,15.34,22.3,Low,Extreme Heat,0.09
2026-04-09,East Orchard,40.724,-73.965,19.38,65.58,13.16,6.61,1.89,25.69,6.12,5.78,19.03,37.14,28.73,10.76,16.54,59.23,0.15,corn,seeding,0.0,23.38,0.76,0.0,9.8,17.15,Low,Extreme Heat,0.06
2026-04-09,Hill Market,40.747,-73.985,11.39,63.58,21.83,16.75,2.04,37.29,6.33,5.15,37.06,23.96,25.94,9.34,10.54,76.03,0.17,corn,seeding,2.19,0.94,0.0,0.0,17.26,17.84,Low,Air Quality,0.01
2026-04-09,North Valley,40.733,-73.995,16.61,59.22,12.49,12.94,2.11,19.22,6.47,5.33,19.12,18.61,26.79,6.8,11.35,66.98,0.18,corn,seeding,2.63,12.33,3.84,0.0,6.49,11.31,Low,Extreme Heat,0.05
2026-04-09,River Bend,40.712,-74.02,13.9,86.27,25.83,9.75,2.88,48.01,6.18,4.67,16.06,32.95,34.58,8.05,10.16,68.23,0.2,corn,seeding,11.47,14.44,0.13,38.71,9.58,36.49,Moderate,Acid Rain,0.15
2026-04-09,South Fields,40.691,-74.01,26.58,64.76,1.76,10.6,1.84,37.38,6.88,5.16,16.32,29.24,17.82,7.63,14.84,47.69,0.23,corn,seeding,0.0,68.95,4.14,0.0,3.81,59.42,High,Extreme Heat,0.18
2026-04-10,East Orchard,40.724,-73.965,17.87,77.85,10.16,5.15,1.8,34.71,5.98,5.26,14.89,36.52,13.37,1.75,16.87,23.51,0.15,wheat,seeding,1.89,21.34,2.31,0.0,6.25,19.82,Low,Extreme Heat,0.06
2026-04-10,Hill Market,40.747,-73.985,17.74,49.0,10.21,9.58,2.0,28.0,6.2,4.93,24.38,37.78,34.55,8.59,14.98,74.29,0.17,wheat,seeding,0.71,17.85,1.85,4.4,14.48,16.23,Low,Extreme Heat,0.05
2026-04-10,North Valley,40.733,-73.995,13.05,47.4,15.95,10.17,2.3,31.4,6.7,5.35,11.45,25.08,23.11,7.8,14.12,40.09,0.18,wheat,seeding,1.46,3.9,1.64,4.29,0.22,1.62,Low,Acid Rain,0.02
2026-04-10,River Bend,40.712,-74.02,16.73,56.07,8.33,9.11,2.35,44.07,6.33,4.55,25.29,25.88,32.22,7.59,15.14,68.48,0.2,wheat,seeding,2.02,10.89,0.0,30.51,12.01,30.08,Low,Acid Rain,0.08
2026-04-10,South Fields,40.691,-74.01,16.94,63.71,34.52,16.77,2.48,50.17,6.59,4.82,30.26,16.41,31.86,13.84,13.29,69.03,0.23,corn,seeding,20.27,11.7,0.0,25.63,10.42,27.54,Low,Acid Rain,0.15
2026-04-11,East Orchard,40.724,-73.965,19.6,42.15,1.27,18.0,1.77,33.37,6.62,5.4,16.65,30.48,18.96,9.6,17.18,31.05,0.15,corn,seeding,5.56,19.92,0.0,0.0,0.0,20.89,Low,Extreme Heat,0.07
2026-04-11,Hill Market,40.747,-73.985,21.9,66.66,20.51,18.59,2.04,35.36,6.27,4.52,30.88,48.79,36.64,9.18,14.49,83.51,0.17,corn,seeding,5.85,40.0,0.94,56.53,22.01,48.64,Moderate,Acid Rain,0.23
2026-04-11,North Valley,40.733,-73.995,25.54,66.87,13.6,27.09,2.14,21.39,6.17,5.39,19.26,43.63,9.74,2.5,13.75,22.54,0.18,wheat,seeding,6.22,56.57,0.0,2.89,5.11,48.16,Moderate,Extreme Heat,0.15
2026-04-11,River Bend,40.712,-74.02,17.07,47.99,3.53,29.56,2.22,19.85,6.38,5.05,25.69,43.43,25.65,8.27,14.67,53.91,0.2,wheat,seeding,4.98,12.04,0.0,6.03,14.37,11.18,Low,Air Quality,0.05
2026-04-11,South Fields,40.691,-74.01,21.68,82.51,23.43,4.63,2.31,36.08,6.31,4.83,22.92,38.3,29.51,4.79,13.26,40.59,0.23,corn,seeding,3.14,41.37,0.38,13.48,13.34,38.41,Moderate,Extreme Heat,0.14
2026-04-12,East Orchard,40.724,-73.965,24.65,52.97,13.63,17.06,1.72,42.12,6.23,5.29,18.65,26.42,22.0,5.81,14.5,34.51,0.15,corn,seeding,0.0,37.15,1.86,0.0,7.63,32.18,Low,Extreme Heat,0.1
2026-04-12,Hill Market,40.747,-73.985,20.04,54.17,2.87,9.09,1.53,32.65,6.67,5.51,19.81,27.57,39.35,8.19,14.75,73.81,0.17,corn,seeding,2.01,15.82,0.47,1.96,11.94,9.57,Low,Extreme Heat,0.05
2026-04-12,North Valley,40.733,-73.995,20.77,47.21,3.98,10.4,2.28,18.45,6.31,5.18,17.33,26.2,22.42,7.26,14.37,27.12,0.18,rice,seeding,0.0,24.99,0.92,2.07,6.33,17.12,Low,Extreme Heat,0.05
2026-04-12,River Bend,40.712,-74.02,19.25,40.39,1.51,7.93,1.98,47.39,6.17,5.17,29.67,34.51,30.66,7.05,18.35,57.93,0.2,corn,seeding,0.0,13.48,0.0,6.35,13.79,10.96,Low,Air Quality,0.05
2026-04-12,South Fields,40.691,-74.01,16.76,61.19,21.61,17.27,2.14,39.71,6.45,4.59,24.14,28.43,13.87,9.63,12.36,33.75,0.23,rice,seeding,3.4,12.94,0.0,26.28,10.42,22.9,Low,Acid Rain,0.07
2026-04-13,East Orchard,40.724,-73.965,19.73,76.56,7.81,7.07,2.13,42.31,6.18,5.31,17.52,36.02,21.58,8.05,14.4,53.19,0.15,corn,seeding,0.0,28.11,0.0,0.0,4.23,23.92,Low,Extreme Heat,0.07
2026-04-13,Hill Market,40.747,-73.985,24.59,43.59,4.42,1.26,1.85,51.32,6.47,4.63,22.22,31.53,29.77,7.11,13.56,71.45,0.17,corn,seeding,0.86,41.78,0.0,18.91,10.84,34.77,Low,Extreme Heat,0.14
2026-04-13,North Valley,40.733,-73.995,20.92,100.0,66.47,22.67,3.03,60.3,5.45,4.6,25.98,32.17,30.09,20.61,10.06,59.6,0.18,wheat,seeding,82.29,43.39,0.0,74.52,12.7,74.45,High,Flood,0.47
2026-04-13,River Bend,40.712,-74.02,18.99,55.98,13.22,1.94,2.29,35.78,6.23,4.69,17.32,40.63,34.65,9.14,17.75,75.88,0.2,corn,seeding,3.13,21.82,0.0,28.81,11.52,26.21,Low,Acid Rain,0.12
2026-04-13,South Fields,40.691,-74.01,23.09,51.54,2.07,5.63,1.95,22.69,6.71,5.17,23.12,39.91,23.95,9.34,14.12,49.29,0.23,corn,seeding,3.68,37.88,2.58,4.13,12.03,31.43,Low,Extreme Heat,0.12
2026-04-14,East Orchard,40.724,-73.965,15.94,57.22,5.82,9.89,1.84,38.53,6.28,5.08,18.56,27.0,29.67,5.4,13.09,52.88,0.15,soybean,seeding,0.0,11.42,2.9,5.36,6.88,9.82,Low,Extreme Heat,0.04
2026-04-14,Hill Market,40.747,-73.985,20.45,55.2,10.18,32.95,1.73,38.89,6.39,4.48,33.84,45.66,30.34,8.49,12.63,84.35,0.17,soybean,seeding,3.37,27.11,0.0,39.78,23.07,35.51,Moderate,Acid Rain,0.14
2026-04-14,North Valley,40.733,-73.995,24.46,53.61,3.88,8.02,1.53,41.37,6.11,5.32,15.14,37.9,21.31,6.17,14.78,42.62,0.18,rice,seeding,0.0,49.34,1.3,0.0,3.97,43.52,Moderate,Extreme Heat,0.1
2026-04-14,River Bend,40.712,-74.02,19.38,57.61,25.82,8.31,2.56,48.42,6.08,4.27,28.43,40.9,37.55,9.1,15.3,78.29,0.2,wheat,seeding,12.5,22.55,0.0,79.43,18.54,72.42,High,Acid Rain,0.22
2026-04-14,South Fields,40.691,-74.01,14.5,54.32,9.32,16.53,2.17,48.97,6.67,4.99,32.21,42.05,34.25,7.82,14.69,70.52,0.23,vegetable,seeding,0.0,3.32,0.0,2.63,19.81,19.18,Low,Air Quality,0.01
2026-04-15,East Orchard,40.724,-73.965,20.71,82.75,15.06,3.05,2.25,21.31,6.12,5.15,22.41,27.58,28.3,12.01,15.69,46.0,0.15,soybean,seeding,3.99,34.01,0.08,5.94,9.25,29.98,Low,Extreme Heat,0.1
2026-04-15,Hill Market,40.747,-73.985,17.63,61.69,6.69,35.83,1.86,47.95,6.46,4.9,26.42,22.46,41.76,12.36,17.32,79.15,0.17,corn,seeding,0.0,9.75,2.14,12.36,18.71,16.24,Low,Air Quality,0.05
2026-04-15,North Valley,40.733,-73.995,18.92,62.67,26.95,16.72,2.67,59.75,6.16,5.05,20.56,28.52,26.0,12.46,12.99,67.79,0.18,soybean,seeding,14.76,17.13,0.28,13.18,4.27,15.34,Low,Extreme Heat,0.11
2026-04-15,River Bend,40.712,-74.02,23.16,56.69,13.4,16.53,2.47,46.34,6.32,4.74,28.47,36.09,33.26,9.97,13.83,74.43,0.2,wheat,seeding,0.34,42.63,0.58,18.64,17.67,39.82,Moderate,Extreme Heat,0.13
2026-04-15,South Fields,40.691,-74.01,13.6,47.37,4.5,6.1,2.08,35.46,6.88,4.83,21.51,27.32,29.5,3.36,17.78,58.17,0.23,corn,seeding,2.02,9.49,0.0,1.97,13.19,11.53,Low,Air Quality,0.03
2026-04-16,East Orchard,40.724,-73.965,23.34,36.58,15.5,11.06,2.1,51.39,5.92,5.25,19.37,32.2,41.09,13.46,13.63,85.34,0.15,wheat,seeding,3.67,30.52,0.0,5.21,8.7,26.27,Low,Extreme Heat,0.09
2026-04-16,Hill Market,40.747,-73.985,19.97,62.37,4.51,32.08,1.66,47.31,6.69,4.89,25.7,42.29,44.01,10.62,10.11,100.0,0.17,wheat,seeding,0.0,24.84,2.9,8.0,18.79,19.12,Low,Extreme Heat,0.07
2026-04-16,North Valley,40.733,-73.995,22.82,100.0,73.02,12.11,3.29,85.52,5.35,4.45,20.27,49.25,26.57,18.7,12.73,47.73,0.18,wheat,seeding,98.38,60.32,0.0,90.59,12.51,85.6,Severe,Flood,0.59
2026-04-16,River Bend,40.712,-74.02,17.83,92.5,11.54,17.9,2.3,53.22,6.06,5.26,16.5,23.54,32.34,8.31,11.42,79.81,0.2,corn,seeding,5.41,30.03,0.0,0.0,10.22,25.05,Low,Extreme Heat,0.09
2026-04-16,South Fields,40.691,-74.01,26.2,33.5,3.25,4.43,1.84,25.0,6.52,5.7,17.17,37.69,23.37,5.94,15.24,66.78,0.23,corn,seeding,0.81,50.6,4.29,5.63,11.03,43.58,Moderate,Extreme Heat,0.15
2026-04-17,East Orchard,40.724,-73.965,18.31,71.32,19.42,17.65,2.37,62.75,5.97,5.42,13.01,18.3,14.51,4.91,15.27,20.45,0.15,corn,seeding,0.0,21.16,0.0,4.31,0.0,18.75,Low,Extreme Heat,0.06
2026-04-17,Hill Market,40.747,-73.985,21.69,37.74,3.38,16.28,1.44,32.28,6.63,4.9,29.89,23.23,24.67,9.82,11.73,57.35,0.17,vegetable,seeding,1.85,20.86,0.0,12.22,7.64,17.74,Low,Extreme Heat,0.09
2026-04-17,North Valley,40.733,-73.995,20.02,78.89,16.06,7.59,2.39,38.08,6.09,5.05,17.79,16.06,15.62,7.64,14.51,38.1,0.18,wheat,seeding,1.83,25.37,4.43,2.38,4.55,19.53,Low,Extreme Heat,0.07
2026-04-17,River Bend,40.712,-74.02,16.8,61.63,1.52,3.9,2.21,31.17,6.18,4.96,19.03,24.86,23.35,5.47,17.17,63.12,0.2,wheat,seeding,4.54,9.39,0.67,5.02,3.48,6.37,Low,Extreme Heat,0.04
2026-04-17,South Fields,40.691,-74.01,20.35,65.35,21.1,11.68,2.36,42.79,6.08,5.3,21.0,33.6,12.34,5.45,12.84,40.21,0.23,wheat,seeding,5.21,35.31,1.46,4.63,6.74,34.86,Low,Extreme Heat,0.1
2026-04-18,East Orchard,40.724,-73.965,12.25,76.05,49.73,6.33,2.9,74.41,5.84,4.65,13.66,19.09,31.61,8.27,12.34,62.4,0.15,corn,seeding,62.31,2.07,0.95,61.83,2.8,53.5,Moderate,Flood,0.34
2026-04-18,Hill Market,40.747,-73.985,13.7,73.9,5.96,7.33,1.86,41.82,6.61,4.31,15.34,32.16,34.3,7.34,19.3,60.61,0.17,corn,seeding,0.0,1.93,0.31,58.57,6.16,48.49,Moderate,Acid Rain,0.12
2026-04-18,North Valley,40.733,-73.995,19.44,59.23,5.83,15.74,1.96,21.4,6.38,5.05,18.12,27.85,26.02,8.05,12.64,42.76,0.18,vegetable,seeding,0.0,20.25,0.0,0.91,11.29,18.67,Low,Extreme Heat,0.06
2026-04-18,River Bend,40.712,-74.02,14.45,79.78,21.33,13.16,2.42,52.64,5.91,4.72,35.35,30.67,21.26,11.68,9.07,38.0,0.2,wheat,seeding,9.25,11.13,0.0,25.29,16.22,22.48,Low,Acid Rain,0.09
2026-04-18,South Fields,40.691,-74.01,11.72,100.0,79.4,10.58,3.46,69.51,5.64,4.32,15.24,25.97,19.81,15.6,15.86,26.78,0.23,corn,seeding,96.1,3.8,0.0,94.28,6.55,85.5,Severe,Flood,0.53
2026-04-19,East Orchard,40.724,-73.965,20.34,48.97,2.12,13.91,2.01,50.71,6.42,5.56,15.82,31.53,28.35,8.32,13.61,55.88,0.15,corn,seeding,0.0,22.82,0.0,0.24,9.09,20.9,Low,Extreme Heat,0.06
2026-04-19,Hill Market,40.747,-73.985,18.39,58.97,11.69,13.95,1.78,35.72,6.48,5.17,15.14,28.61,25.63,6.87,16.03,58.77,0.17,soybean,seeding,1.73,21.92,0.0,1.13,2.36,16.97,Low,Extreme Heat,0.06
2026-04-19,North Valley,40.733,-73.995,16.13,58.08,7.48,7.72,2.04,34.29,6.57,5.48,10.99,31.98,14.63,6.74,13.33,36.08,0.18,wheat,seeding,0.0,8.08,6.45,1.18,2.04,6.29,Low,Extreme Heat,0.03
2026-04-19,River Bend,40.712,-74.02,15.48,66.4,14.17,33.68,2.45,47.5,6.21,4.64,19.1,38.21,28.33,9.24,15.75,58.74,0.2,wheat,seeding,5.84,14.05,0.0,30.12,10.17,27.36,Low,Acid Rain,0.1
2026-04-19,South Fields,40.691,-74.01,13.99,64.05,24.94,17.75,2.57,49.84,6.22,5.15,22.04,24.83,27.5,10.95,16.05,64.58,0.23,corn,seeding,8.28,9.59,5.51,5.4,3.07,10.75,Low,Extreme Heat,0.07
2026-04-20,East Orchard,40.724,-73.965,20.83,48.72,5.76,8.78,1.74,57.04,6.24,5.07,8.27,25.6,32.87,4.3,18.33,57.63,0.15,corn,seeding,0.0,23.23,0.74,0.22,4.69,16.4,Low,Extreme Heat,0.06
2026-04-20,Hill Market,40.747,-73.985,20.3,36.35,6.2,4.65,2.0,38.77,6.77,4.96,27.89,28.62,39.46,6.64,11.65,84.65,0.17,corn,seeding,0.83,20.15,0.0,5.76,16.42,18.07,Low,Extreme Heat,0.06
2026-04-20,North Valley,40.733,-73.995,24.09,58.61,4.31,22.21,2.08,39.99,6.53,5.57,3.86,35.41,24.99,8.88,16.2,43.79,0.18,corn,seeding,0.18,44.36,2.09,0.0,1.8,41.71,Moderate,Extreme Heat,0.11
2026-04-20,River Bend,40.712,-74.02,14.74,54.22,13.43,18.75,2.5,32.51,5.92,4.86,22.58,36.84,31.56,9.14,14.05,57.7,0.2,wheat,seeding,3.92,2.66,2.59,13.28,9.64,13.88,Low,Acid Rain,0.04
2026-04-20,South Fields,40.691,-74.01,16.11,75.16,11.18,8.45,2.05,38.23,6.58,5.04,26.88,35.65,38.9,14.56,15.05,79.19,0.23,corn,seeding,0.0,12.66,8.28,12.26,16.69,17.91,Low,Air Quality,0.07
2026-04-21,East Orchard,40.724,-73.965,19.03,65.32,5.47,3.88,2.1,32.83,6.24,5.32,15.64,36.47,25.14,6.35,15.03,55.24,0.15,wheat,seeding,1.51,19.42,0.71,1.06,6.85,14.65,Low,Extreme Heat,0.05
2026-04-21,Hill Market,40.747,-73.985,23.04,56.59,1.19,4.49,1.68,48.33,6.73,4.84,20.78,37.41,41.21,14.55,12.12,98.52,0.17,vegetable,seeding,0.0,38.93,2.4,9.21,15.65,35.8,Moderate,Extreme Heat,0.13
2026-04-21,North Valley,40.733,-73.995,19.99,49.33,3.91,6.06,2.06,29.49,6.22,5.64,19.6,40.62,24.17,7.36,13.12,50.78,0.18,vegetable,seeding,0.0,18.96,1.28,5.5,11.08,16.36,Low,Extreme Heat,0.07
2026-04-21,River Bend,40.712,-74.02,27.04,68.81,4.52,8.13,2.45,21.62,6.18,4.85,27.44,51.2,39.84,9.32,12.09,84.37,0.2,wheat,seeding,1.94,73.97,2.36,19.02,22.44,62.2,High,Extreme Heat,0.2
2026-04-21,South Fields,40.691,-74.01,17.09,51.96,12.78,11.87,2.16,35.83,6.36,4.81,25.4,21.96,22.15,8.3,14.78,41.26,0.23,wheat,seeding,5.82,5.6,0.0,16.22,9.68,16.42,Low,Acid Rain,0.06
2026-04-22,East Orchard,40.724,-73.965,17.98,74.06,30.27,6.87,2.98,63.88,5.75,5.02,20.83,22.86,21.01,15.57,14.86,53.75,0.15,soybean,seeding,21.43,22.39,0.0,8.13,0.13,19.66,Low,Extreme Heat,0.14
2026-04-22,Hill Market,40.747,-73.985,26.52,64.93,16.92,7.11,2.07,38.96,6.61,4.34,25.85,40.87,29.23,12.97,12.78,77.87,0.17,rice,seeding,1.19,69.26,0.0,61.91,14.43,61.91,High,Extreme Heat,0.22
2026-04-22,North Valley,40.733,-73.995,22.34,66.8,14.6,6.56,1.74,44.63,6.28,5.5,28.87,46.13,27.73,8.93,13.58,59.65,0.18,soybean,seeding,0.0,44.17,0.0,0.23,20.51,39.08,Moderate,Extreme Heat,0.1
2026-04-22,River Bend,40.712,-74.02,20.94,50.12,12.06,6.81,2.27,48.59,6.23,4.7,20.19,34.63,40.57,16.84,10.67,57.61,0.2,soybean,seeding,1.37,22.49,0.0,32.27,13.74,26.87,Low,Acid Rain,0.11
2026-04-22,South Fields,40.691,-74.01,26.47,39.08,4.38,15.62,2.08,26.79,6.55,5.41,9.72,58.92,31.19,10.38,15.52,60.21,0.23,soybean,seeding,0.0,60.06,2.48,0.0,10.62,51.63,Moderate,Extreme Heat,0.14
2026-04-23,East Orchard,40.724,-73.965,19.13,64.31,4.93,15.41,2.04,37.14,5.99,5.51,20.07,28.7,24.17,3.89,13.55,63.59,0.15,corn,seeding,0.34,21.28,0.0,0.0,9.02,19.61,Low,Extreme Heat,0.05
2026-04-23,Hill Market,40.747,-73.985,19.21,60.69,14.47,33.67,1.92,47.8,6.46,4.74,26.25,25.99,30.79,8.26,13.99,81.08,0.17,corn,seeding,5.0,19.1,0.0,19.85,18.22,19.59,Low,Acid Rain,0.1
2026-04-23,North Valley,40.733,-73.995,22.42,78.13,8.29,10.44,2.1,26.93,6.29,5.4,20.4,35.26,37.21,9.84,15.96,79.41,0.18,rice,seeding,6.68,47.04,6.78,3.81,10.0,39.65,Moderate,Extreme Heat,0.12
2026-04-23,River Bend,40.712,-74.02,20.79,79.42,15.06,15.64,2.49,35.56,6.37,5.19,15.68,17.54,32.12,7.03,15.09,62.32,0.2,wheat,seeding,2.29,29.57,5.12,0.0,6.91,21.08,Low,Extreme Heat,0.08
2026-04-23,South Fields,40.691,-74.01,22.36,69.7,7.74,15.73,2.24,38.92,6.34,5.44,27.41,47.3,34.42,4.84,11.56,68.04,0.23,vegetable,seeding,1.84,41.76,0.0,0.0,23.45,35.69,Moderate,Extreme Heat,0.12
2026-04-24,East Orchard,40.724,-73.965,17.9,61.06,9.59,39.31,2.18,48.29,6.08,4.81,13.76,16.07,24.42,2.66,8.85,39.38,0.15,corn,seeding,6.55,10.41,0.0,13.22,4.28,15.42,Low,Acid Rain,0.07
2026-04-24,Hill Market,40.747,-73.985,19.37,67.25,9.95,20.64,2.0,43.81,6.61,4.81,20.38,32.34,27.51,7.9,15.89,78.76,0.17,corn,seeding,0.0,24.11,0.0,9.03,12.52,13.36,Low,Extreme Heat,0.08
2026-04-24,North Valley,40.733,-73.995,22.81,44.48,10.88,19.15,2.08,37.92,6.11,5.09,25.1,34.86,28.34,8.11,12.55,60.91,0.18,corn,seeding,0.0,29.72,0.0,4.19,13.43,26.88,Low,Extreme Heat,0.08
2026-04-24,River Bend,40.712,-74.02,25.74,42.89,7.11,12.94,2.5,49.52,5.99,5.36,23.88,41.06,13.21,11.2,13.89,59.11,0.2,wheat,seeding,10.6,53.93,0.0,2.15,4.48,47.93,Moderate,Extreme Heat,0.15
2026-04-24,South Fields,40.691,-74.01,20.08,68.34,14.39,13.26,2.52,55.37,6.5,5.49,22.81,32.49,22.63,9.39,15.68,49.04,0.23,wheat,seeding,14.69,30.4,2.8,2.79,7.24,25.94,Low,Extreme Heat,0.12
2026-04-25,East Orchard,40.724,-73.965,24.52,47.86,3.22,8.68,1.93,17.75,6.28,5.43,18.1,43.84,24.81,7.0,13.47,20.13,0.15,corn,seeding,0.0,53.78,0.0,0.0,14.04,43.14,Moderate,Extreme Heat,0.13
2026-04-25,Hill Market,40.747,-73.985,18.06,69.02,12.19,11.9,1.82,36.18,6.13,4.86,22.99,33.88,18.79,6.98,13.07,41.27,0.17,rice,seeding,3.39,18.43,0.0,10.35,8.79,13.79,Low,Extreme Heat,0.06
2026-04-25,North Valley,40.733,-73.995,24.14,48.78,1.96,8.67,1.76,31.84,6.45,5.39,4.6,26.59,17.98,9.46,14.83,30.52,0.18,soybean,seeding,0.0,41.49,0.0,1.39,5.82,35.92,Moderate,Extreme Heat,0.1
2026-04-25,River Bend,40.712,-74.02,18.48,58.33,9.97,3.94,2.43,33.36,6.08,4.84,9.66,15.88,22.89,6.28,15.53,54.28,0.2,vegetable,seeding,0.0,14.34,0.7,8.4,4.44,10.7,Low,Extreme Heat,0.06
2026-04-25,South Fields,40.691,-74.01,26.06,43.3,1.45,6.56,2.05,43.58,6.62,5.18,13.85,33.29,26.55,10.53,15.19,46.34,0.23,corn,seeding,0.0,54.76,0.0,3.24,13.33,44.66,Moderate,Extreme Heat,0.14
2026-04-26,East Orchard,40.724,-73.965,19.73,60.44,1.33,7.47,1.68,24.44,6.21,5.5,10.67,48.81,34.98,0.0,16.65,49.89,0.15,corn,seeding,7.46,24.43,3.92,0.0,12.39,23.89,Low,Extreme Heat,0.09
2026-04-26,Hill Market,40.747,-73.985,19.98,79.25,56.22,12.45,2.87,72.02,5.86,4.73,16.06,29.56,17.57,12.45,12.17,30.55,0.17,corn,seeding,62.0,29.25,0.0,45.46,0.0,52.07,Moderate,Flood,0.38
2026-04-26,North Valley,40.733,-73.995,21.91,93.94,78.8,5.48,3.74,93.89,5.57,4.41,6.19,31.28,18.2,20.47,14.89,22.6,0.18,wheat,seeding,98.83,53.27,0.95,93.25,0.11,91.46,Severe,Flood,0.58
2026-04-26,River Bend,40.712,-74.02,21.71,78.87,35.82,23.45,2.61,43.52,6.1,4.63,11.56,21.86,25.2,13.21,12.86,43.81,0.2,wheat,seeding,23.02,42.89,0.0,44.92,5.02,34.52,Low,Acid Rain,0.24
2026-04-26,South Fields,40.691,-74.01,23.46,55.1,9.27,24.67,2.53,15.75,6.53,5.03,21.11,42.86,19.79,6.79,13.22,48.29,0.23,corn,seeding,0.0,42.21,0.0,2.51,10.64,33.19,Low,Extreme Heat,0.11
2026-04-27,East Orchard,40.724,-73.965,10.35,59.71,14.05,8.97,2.12,37.71,6.07,5.08,20.75,26.08,30.28,2.6,10.99,51.57,0.15,wheat,seeding,3.4,0.0,0.0,3.22,6.47,4.93,Low,Air Quality,0.02
2026-04-27,Hill Market,40.747,-73.985,21.76,43.02,7.44,9.91,1.92,24.54,6.67,4.91,21.64,32.77,34.76,9.8,15.74,68.62,0.17,corn,seeding,1.71,27.84,0.0,8.57,15.0,29.3,Low,Extreme Heat,0.09
2026-04-27,North Valley,40.733,-73.995,19.96,43.84,11.57,15.38,2.11,30.04,6.25,5.45,14.88,34.41,33.43,10.2,15.21,61.37,0.18,wheat,seeding,2.62,19.25,1.27,0.0,2.95,13.22,Low,Extreme Heat,0.05
2026-04-27,River Bend,40.712,-74.02,25.05,57.19,16.35,24.64,2.78,40.42,6.13,4.72,28.34,26.52,26.42,7.59,17.37,49.84,0.2,rice,seeding,6.43,46.76,0.68,25.44,4.2,44.41,Moderate,Extreme Heat,0.14
2026-04-27,South Fields,40.691,-74.01,22.98,57.56,13.04,6.31,2.34,39.25,6.45,5.23,24.48,34.38,26.37,12.02,13.89,52.93,0.23,soybean,seeding,5.41,36.0,2.8,0.0,10.19,27.97,Low,Extreme Heat,0.1
2026-04-28,East Orchard,40.724,-73.965,18.79,63.34,6.4,20.38,1.87,37.38,6.29,5.15,29.24,53.75,41.09,9.44,12.14,76.63,0.15,corn,seeding,0.96,14.68,0.47,7.49,29.17,22.24,Low,Air Quality,0.05
2026-04-28,Hill Market,40.747,-73.985,19.62,66.68,8.91,12.05,2.16,38.52,6.47,4.75,25.66,41.39,36.74,13.91,14.65,79.87,0.17,corn,seeding,0.0,29.84,0.77,18.64,12.36,29.69,Low,Extreme Heat,0.11
2026-04-28,North Valley,40.733,-73.995,23.99,45.67,7.78,11.87,2.24,26.6,6.63,5.32,18.59,39.5,17.55,7.52,15.04,46.42,0.18,wheat,seeding,1.45,46.66,3.35,3.35,4.54,39.06,Moderate,Extreme Heat,0.12
2026-04-28,River Bend,40.712,-74.02,21.49,94.9,25.19,20.69,2.71,49.36,6.0,5.05,12.36,20.47,26.09,11.54,14.62,68.06,0.2,wheat,seeding,14.75,48.44,2.74,4.88,7.52,45.06,Moderate,Extreme Heat,0.16
2026-04-28,South Fields,40.691,-74.01,22.12,52.36,8.62,6.72,2.36,25.49,6.25,4.77,23.37,30.63,39.51,13.45,16.09,89.09,0.23,corn,seeding,0.0,32.55,0.0,24.03,12.59,27.9,Low,Extreme Heat,0.13
2026-04-29,East Orchard,40.724,-73.965,20.65,33.74,4.45,22.3,2.06,42.9,6.17,5.23,8.94,27.13,25.96,11.89,13.69,47.1,0.15,wheat,seeding,0.36,18.97,2.1,0.26,1.18,16.49,Low,Extreme Heat,0.05
2026-04-29,Hill Market,40.747,-73.985,30.18,79.99,16.51,9.41,2.14,29.04,6.48,4.44,27.28,44.02,43.79,21.37,16.19,99.33,0.17,rice,seeding,0.0,86.33,1.55,65.42,26.77,77.17,Severe,Extreme Heat,0.26
2026-04-29,North Valley,40.733,-73.995,19.1,49.59,17.7,27.78,2.44,27.65,6.24,4.92,11.7,28.58,36.3,11.74,15.41,59.96,0.18,soybean,seeding,2.04,24.24,0.0,11.41,4.04,21.15,Low,Extreme Heat,0.08
2026-04-29,River Bend,40.712,-74.02,25.5,76.52,44.03,12.61,3.06,60.43,5.84,4.43,21.97,47.03,29.09,19.55,17.2,60.37,0.2,soybean,seeding,55.32,66.12,0.0,79.79,7.7,75.23,Severe,Acid Rain,0.47
2026-04-29,South Fields,40.691,-74.01,21.61,58.59,13.31,11.93,2.34,33.35,6.36,5.25,22.63,36.59,35.27,8.53,16.53,66.6,0.23,soybean,seeding,3.74,28.07,0.0,0.0,11.89,19.36,Low,Extreme Heat,0.08
2026-04-30,East Orchard,40.724,-73.965,18.62,67.49,17.22,16.89,2.25,46.56,6.0,5.18,20.06,28.98,35.6,5.08,11.6,49.56,0.15,corn,seeding,5.93,18.13,6.11,0.01,8.97,17.05,Low,Extreme Heat,0.07
2026-04-30,Hill Market,40.747,-73.985,21.57,50.09,6.81,10.1,1.75,43.88,6.58,4.98,30.95,41.68,46.49,13.81,11.13,71.8,0.17,vegetable,seeding,3.51,27.14,0.0,5.86,27.44,23.56,Low,Air Quality,0.1
2026-04-30,North Valley,40.733,-73.995,24.14,64.97,6.99,15.32,2.05,37.16,6.5,5.48,11.73,39.82,26.76,3.22,17.07,29.55,0.18,wheat,seeding,1.04,49.83,3.13,0.59,7.46,48.57,Moderate,Extreme Heat,0.12
2026-04-30,River Bend,40.712,-74.02,27.49,65.62,14.67,2.01,2.57,34.98,6.54,5.11,21.89,59.39,23.58,15.55,11.7,79.93,0.2,wheat,seeding,8.33,80.56,0.0,2.29,16.26,72.47,High,Extreme Heat,0.21
2026-04-30,South Fields,40.691,-74.01,23.73,58.44,6.39,9.97,2.18,40.51,6.52,5.15,24.25,46.22,19.87,6.78,12.62,48.47,0.23,soybean,seeding,1.2,42.2,0.03,6.76,11.73,38.97,Moderate,Extreme Heat,0.11
2026-05-01,East Orchard,40.724,-73.965,22.5,57.18,17.55,12.18,2.37,42.05,5.55,4.77,16.64,39.94,25.49,13.95,13.33,42.14,0.15,corn,vegetative,2.65,36.6,4.69,29.11,8.99,31.2,Low,Extreme Heat,0.13
2026-05-01,Hill Market,40.747,-73.985,23.31,55.15,3.46,26.72,1.82,39.97,6.43,4.34,19.08,47.87,31.19,14.03,12.47,84.78,0.17,soybean,vegetative,0.0,44.72,1.93,54.96,19.11,52.22,Moderate,Acid Rain,0.16
2026-05-01,North Valley,40.733,-73.995,25.6,39.14,6.65,15.31,2.22,30.22,6.63,5.03,22.16,40.99,29.27,6.65,13.11,61.28,0.18,wheat,vegetative,0.0,47.27,0.45,5.18,16.02,41.7,Moderate,Extreme Heat,0.09
2026-05-01,River Bend,40.712,-74.02,26.87,59.96,10.49,6.7,2.49,23.71,6.12,5.17,15.74,27.62,29.98,10.55,13.0,43.54,0.2,vegetable,vegetative,0.23,62.77,0.3,9.5,7.6,54.19,Moderate,Extreme Heat,0.15
2026-05-01,South Fields,40.691,-74.01,18.32,48.94,6.25,9.68,2.26,33.91,6.61,5.01,17.53,28.21,36.32,14.22,14.39,70.27,0.23,corn,vegetative,4.76,18.61,0.0,6.24,7.53,16.76,Low,Extreme Heat,0.06
2026-05-02,East Orchard,40.724,-73.965,22.28,55.97,12.34,32.07,2.17,61.82,6.12,5.5,17.63,35.08,25.14,2.74,16.05,44.72,0.15,corn,vegetative,6.6,34.92,0.0,0.91,5.86,31.16,Low,Extreme Heat,0.09
2026-05-02,Hill Market,40.747,-73.985,22.82,49.15,14.53,21.85,1.81,37.18,6.84,4.74,32.67,32.16,25.29,6.54,13.79,61.5,0.17,rice,vegetative,0.02,32.2,0.0,21.34,16.54,27.18,Low,Extreme Heat,0.07
2026-05-02,North Valley,40.733,-73.995,29.82,58.53,24.58,19.85,2.71,34.49,6.34,5.11,22.18,42.66,14.42,13.19,12.17,44.39,0.18,wheat,vegetative,11.03,79.54,0.0,5.39,10.02,72.89,High,Extreme Heat,0.17
2026-05-02,River Bend,40.712,-74.02,25.98,47.88,10.29,5.13,2.78,41.15,6.31,4.84,13.21,44.2,27.66,12.51,14.34,51.59,0.2,wheat,vegetative,9.81,57.77,0.31,10.53,2.5,50.74,Moderate,Extreme Heat,0.13
2026-05-02,South Fields,40.691,-74.01,19.19,55.11,9.21,4.89,2.36,46.98,6.45,5.34,24.28,31.35,23.35,3.77,15.63,33.81,0.23,soybean,vegetative,1.33,17.89,0.0,0.0,5.78,14.61,Low,Extreme Heat,0.04
2026-05-03,East Orchard,40.724,-73.965,16.38,45.32,3.38,17.05,2.45,37.67,6.31,5.74,20.28,25.82,12.81,5.35,16.92,23.77,0.15,soybean,vegetative,2.5,6.38,0.0,0.79,0.0,3.64,Low,Extreme Heat,0.02
2026-05-03,Hill Market,40.747,-73.985,27.31,72.46,81.98,11.27,3.44,77.54,5.78,3.8,30.46,37.75,31.13,20.36,10.41,66.46,0.17,corn,vegetative,97.79,70.5,0.75,100.0,19.26,94.12,Severe,Acid Rain,0.55
2026-05-03,North Valley,40.733,-73.995,21.84,71.12,26.3,13.29,2.5,60.13,6.17,4.84,8.72,38.95,16.46,10.64,16.78,31.86,0.18,rice,vegetative,12.94,39.53,3.07,10.27,0.0,33.23,Low,Extreme Heat,0.1
2026-05-03,River Bend,40.712,-74.02,15.86,70.52,1.27,17.46,2.94,26.76,6.43,5.36,29.7,32.62,43.9,4.56,11.29,67.93,0.2,soybean,vegetative,4.47,10.15,1.82,2.51,17.5,16.53,Low,Air Quality,0.03
2026-05-03,South Fields,40.691,-74.01,25.7,68.09,8.44,13.83,2.02,33.25,6.69,5.59,21.89,33.9,21.65,7.19,13.58,34.07,0.23,corn,vegetative,9.27,59.36,0.04,0.0,7.06,53.83,Moderate,Extreme Heat,0.14
2026-05-04,East Orchard,40.724,-73.965,21.99,55.27,2.83,18.76,2.01,34.5,6.66,5.5,17.39,28.0,26.56,9.21,14.37,47.27,0.15,corn,vegetative,0.15,26.65,0.0,0.0,5.87,23.09,Low,Extreme Heat,0.05
2026-05-04,Hill Market,40.747,-73.985,19.82,62.7,12.89,14.25,2.16,42.57,6.4,4.57,27.52,34.58,32.37,10.42,15.19,73.39,0.17,corn,vegetative,3.87,25.1,0.0,34.46,11.85,28.45,Low,Acid Rain,0.11
2026-05-04,North Valley,40.733,-73.995,23.51,63.99,6.45,2.67,2.07,41.07,6.51,5.65,10.22,30.83,26.77,11.19,16.06,48.3,0.18,corn,vegetative,3.43,44.81,0.0,2.86,7.01,36.67,Moderate,Extreme Heat,0.1
2026-05-04,River Bend,40.712,-74.02,19.29,69.05,1.73,3.68,2.44,29.95,6.37,5.17,19.33,26.4,33.27,8.93,14.25,58.98,0.2,wheat,vegetative,0.0,24.77,0.0,1.31,8.53,22.76,Low,Extreme Heat,0.04
2026-05-04,South Fields,40.691,-74.01,25.02,41.08,8.96,20.08,2.19,38.59,6.58,5.17,26.83,35.88,26.98,4.35,12.31,53.1,0.23,corn,vegetative,0.0,46.13,1.49,2.49,10.35,40.6,Moderate,Extreme Heat,0.09
2026-05-05,East Orchard,40.724,-73.965,24.7,67.38,2.08,10.04,2.06,41.03,6.28,5.6,7.09,19.5,23.44,6.19,15.72,45.22,0.15,corn,vegetative,0.0,50.25,0.0,0.0,0.0,45.66,Moderate,Extreme Heat,0.1
2026-05-05,Hill Market,40.747,-73.985,16.72,100.0,99.24,21.19,3.73,81.32,5.63,3.8,32.59,21.8,29.31,24.47,6.78,70.73,0.17,wheat,vegetative,98.25,13.66,4.83,96.95,14.33,91.41,Severe,Flood,0.39
2026-05-05,North Valley,40.733,-73.995,26.68,53.15,3.29,24.27,1.95,21.65,6.26,5.63,28.79,38.92,24.04,8.52,15.51,59.53,0.18,corn,vegetative,0.81,59.6,0.32,2.73,20.27,57.26,High,Extreme Heat,0.12
2026-05-05,River Bend,40.712,-74.02,31.2,68.62,2.92,14.31,2.6,39.06,6.41,5.12,27.8,41.31,29.06,9.5,16.64,65.77,0.2,corn,vegetative,6.01,89.17,0.2,5.79,17.42,75.03,Severe,Extreme Heat,0.2
2026-05-05,South Fields,40.691,-74.01,26.83,100.0,80.52,10.41,3.71,75.91,5.57,4.03,25.27,47.81,18.24,21.73,11.54,42.63,0.23,corn,vegetative,98.59,86.07,0.0,95.63,9.47,87.47,Severe,Flood,0.58
2026-05-06,East Orchard,40.724,-73.965,19.29,65.71,8.12,11.61,2.29,33.27,6.36,5.24,17.8,34.44,37.75,7.95,15.19,53.67,0.15,corn,vegetative,0.0,22.45,3.53,8.12,7.0,20.3,Low,Extreme Heat,0.06
2026-05-06,Hill Market,40.747,-73.985,24.93,34.32,6.55,24.15,2.3,41.48,6.95,4.56,27.18,41.04,29.2,9.81,13.6,90.57,0.17,corn,vegetative,2.18,42.6,0.46,23.89,16.13,43.9,Moderate,Extreme Heat,0.12
2026-05-06,North Valley,40.733,-73.995,23.88,67.38,5.72,4.9,2.12,44.78,6.64,5.48,18.67,32.02,25.33,8.5,14.72,52.46,0.18,wheat,vegetative,5.49,50.39,0.86,2.95,12.51,45.97,Moderate,Extreme Heat,0.1
2026-05-06,River Bend,40.712,-74.02,23.95,49.98,2.63,12.79,2.46,35.62,6.49,5.25,35.7,39.44,47.6,11.44,13.92,93.49,0.2,vegetable,vegetative,1.94,39.57,0.61,2.35,35.65,36.63,Moderate,Extreme Heat,0.1
2026-05-06,South Fields,40.691,-74.01,24.28,60.06,9.37,4.3,2.56,47.78,6.48,5.06,29.63,50.7,38.23,7.46,11.58,66.13,0.23,soybean,vegetative,3.87,56.54,0.0,9.9,21.04,47.03,Moderate,Extreme Heat,0.12
2026-05-07,East Orchard,40.724,-73.965,19.17,77.79,10.99,7.65,2.69,34.28,5.96,5.29,16.17,28.94,31.15,9.59,16.33,47.56,0.15,corn,vegetative,1.01,26.35,0.16,6.18,5.66,25.35,Low,Extreme Heat,0.06
2026-05-07,Hill Market,40.747,-73.985,26.93,38.23,6.22,21.91,2.2,36.04,6.38,4.5,27.45,45.17,43.46,4.96,13.33,83.89,0.17,corn,vegetative,0.73,55.21,5.4,44.1,22.22,52.13,Moderate,Extreme Heat,0.18
2026-05-07,North Valley,40.733,-73.995,26.89,50.31,5.55,10.3,1.89,37.63,6.52,5.01,25.52,38.36,34.56,3.44,16.48,51.46,0.18,wheat,vegetative,0.0,61.46,0.0,6.95,12.35,49.11,Moderate,Extreme Heat,0.11
2026-05-07,River Bend,40.712,-74.02,18.08,55.54,13.78,14.25,2.69,42.53,6.13,4.8,16.4,30.59,21.13,8.11,14.28,46.52,0.2,vegetable,vegetative,3.95,17.32,3.3,13.94,6.65,18.04,Low,Extreme Heat,0.08
2026-05-07,South Fields,40.691,-74.01,28.38,58.31,25.29,14.73,2.87,49.41,6.45,5.06,13.66,58.85,28.41,10.02,11.28,55.09,0.23,corn,vegetative,14.97,78.28,0.0,2.1,7.45,69.03,High,Extreme Heat,0.2
2026-05-08,East Orchard,40.724,-73.965,26.87,63.4,30.35,14.11,2.67,37.85,5.91,5.3,20.02,39.62,31.01,10.16,14.82,49.76,0.15,corn,vegetative,13.12,67.65,0.0,7.98,12.01,55.6,High,Extreme Heat,0.18
2026-05-08,Hill Market,40.747,-73.985,29.02,60.26,4.99,5.94,2.04,29.1,6.62,4.76,11.73,39.73,12.25,9.37,19.06,46.09,0.17,rice,vegetative,0.23,70.49,0.0,7.01,2.9,60.99,High,Extreme Heat,0.11
2026-05-08,North Valley,40.733,-73.995,30.72,56.74,9.78,19.74,2.44,31.3,6.16,5.24,8.76,45.33,29.49,4.68,12.86,40.04,0.18,wheat,vegetative,0.0,82.36,7.21,1.46,3.0,75.7,Severe,Extreme Heat,0.15
2026-05-08,River Bend,40.712,-74.02,19.31,39.11,3.95,30.11,2.38,28.55,6.22,4.89,23.32,36.37,32.82,9.9,15.0,57.77,0.2,wheat,vegetative,3.59,16.35,0.71,0.98,9.86,14.74,Low,Extreme Heat,0.04
2026-05-08,South Fields,40.691,-74.01,22.77,76.35,24.13,12.95,2.94,51.85,6.47,4.95,11.49,36.28,27.48,8.82,15.28,56.52,0.23,corn,vegetative,12.85,48.41,2.16,3.48,1.06,42.34,Moderate,Extreme Heat,0.14
2026-05-09,East Orchard,40.724,-73.965,22.71,62.25,8.65,11.81,2.15,26.49,6.52,6.11,12.66,30.87,17.95,7.0,13.06,51.32,0.15,wheat,vegetative,1.11,33.97,0.0,3.87,2.59,27.61,Low,Extreme Heat,0.07
2026-05-09,Hill Market,40.747,-73.985,20.64,100.0,63.73,16.42,3.36,69.48,5.97,4.43,16.73,38.04,17.14,15.56,13.4,58.4,0.17,corn,vegetative,81.6,42.33,3.77,79.63,9.18,73.02,High,Flood,0.43
2026-05-09,North Valley,40.733,-73.995,23.04,61.79,6.27,21.54,2.25,59.97,5.96,5.39,18.4,28.95,31.24,6.26,15.15,61.17,0.18,wheat,vegetative,3.85,42.4,0.0,0.0,9.0,39.6,Moderate,Extreme Heat,0.08
2026-05-09,River Bend,40.712,-74.02,20.0,39.7,3.48,23.04,2.28,22.1,6.51,5.09,29.77,20.02,32.16,2.76,16.09,68.61,0.2,soybean,vegetative,2.88,17.03,3.29,5.73,11.87,10.77,Low,Extreme Heat,0.05
2026-05-09,South Fields,40.691,-74.01,19.1,53.8,34.26,23.14,2.82,50.74,6.46,4.99,15.12,32.91,24.34,13.68,13.99,55.96,0.23,vegetable,vegetative,26.39,22.98,0.0,14.29,9.17,21.42,Low,Flood,0.15
2026-05-10,East Orchard,40.724,-73.965,25.69,51.06,14.25,22.7,2.26,30.56,6.27,5.5,16.97,33.73,31.94,11.41,15.25,60.44,0.15,soybean,vegetative,7.38,54.18,0.0,0.0,11.09,43.23,Moderate,Extreme Heat,0.12
2026-05-10,Hill Market,40.747,-73.985,25.21,51.99,9.75,8.99,2.06,44.57,6.45,4.69,27.49,27.63,26.53,4.44,15.75,69.27,0.17,corn,vegetative,0.84,46.21,0.49,18.46,14.76,44.53,Moderate,Extreme Heat,0.12
2026-05-10,North Valley,40.733,-73.995,28.3,72.27,18.06,12.21,2.35,50.72,6.03,5.15,22.37,27.17,33.62,6.1,10.77,57.2,0.18,corn,vegetative,6.0,73.53,1.9,10.66,7.66,59.84,High,Extreme Heat,0.18
2026-05-10,River Bend,40.712,-74.02,25.84,70.34,23.55,17.92,2.8,34.96,6.31,4.88,29.78,40.41,22.52,11.67,13.28,55.48,0.2,wheat,vegetative,12.22,65.53,0.0,14.45,12.44,55.96,High,Extreme Heat,0.16
2026-05-10,South Fields,40.691,-74.01,29.05,50.42,7.94,4.59,2.45,36.5,6.66,5.51,25.43,48.5,14.96,7.46,16.63,38.7,0.23,corn,vegetative,3.98,77.49,0.0,2.14,8.55,66.32,High,Extreme Heat,0.16
2026-05-11,East Orchard,40.724,-73.965,19.99,45.94,9.81,3.6,2.17,37.97,6.15,5.37,21.02,32.36,15.86,5.6,14.77,27.04,0.15,vegetable,vegetative,0.0,15.99,0.0,0.0,6.31,10.56,Low,Extreme Heat,0.03
2026-05-11,Hill Market,40.747,-73.985,27.35,69.31,22.58,10.03,2.46,49.45,6.07,4.74,22.73,48.16,35.99,12.08,11.01,94.62,0.17,corn,vegetative,5.45,75.87,1.77,27.75,16.8,66.27,High,Extreme Heat,0.2
2026-05-11,North Valley,40.733,-73.995,23.35,41.51,11.62,2.65,2.36,50.29,6.45,5.23,24.0,37.75,28.53,11.33,15.3,55.92,0.18,corn,vegetative,0.0,35.98,0.0,0.83,13.92,31.42,Low,Extreme Heat,0.07
2026-05-11,River Bend,40.712,-74.02,18.04,60.59,37.36,12.72,3.16,55.8,5.74,4.52,20.18,32.26,26.92,13.03,14.73,55.99,0.2,rice,vegetative,39.5,19.21,0.8,62.72,5.88,57.48,High,Acid Rain,0.18
2026-05-11,South Fields,40.691,-74.01,24.3,57.25,7.11,3.58,2.4,35.83,6.68,5.0,15.56,41.49,18.25,7.08,12.16,38.77,0.23,corn,vegetative,4.41,53.13,1.7,4.38,3.39,46.34,Moderate,Extreme Heat,0.12
2026-05-12,East Orchard,40.724,-73.965,21.13,55.62,13.17,5.0,2.33,47.11,6.1,5.26,18.35,30.61,33.08,3.84,14.47,70.41,0.15,corn,vegetative,0.0,22.37,1.95,4.71,3.76,17.92,Low,Extreme Heat,0.05
2026-05-12,Hill Market,40.747,-73.985,29.88,48.2,0.27,27.39,2.22,48.47,6.83,5.1,31.58,47.64,38.9,10.2,15.06,84.94,0.17,corn,vegetative,3.33,75.59,0.0,0.0,28.83,65.96,High,Extreme Heat,0.16
2026-05-12,North Valley,40.733,-73.995,25.57,96.19,84.36,14.47,4.12,87.44,5.43,4.06,21.75,40.99,40.3,20.53,11.91,66.26,0.18,vegetable,vegetative,100.0,72.61,0.0,99.31,12.51,89.12,Severe,Flood,0.62
2026-05-12,River Bend,40.712,-74.02,27.33,42.59,8.13,17.2,2.76,33.3,6.52,4.9,29.61,33.88,38.96,9.28,13.69,76.79,0.2,vegetable,vegetative,2.47,60.44,0.0,13.44,18.52,49.98,Moderate,Extreme Heat,0.16
2026-05-12,South Fields,40.691,-74.01,20.27,56.38,14.37,8.09,2.76,26.08,6.31,5.07,20.74,31.17,34.32,12.49,13.36,66.97,0.23,soybean,vegetative,4.78,24.9,0.0,3.84,8.86,21.46,Low,Extreme Heat,0.06
2026-05-13,East Orchard,40.724,-73.965,18.48,65.67,12.83,10.08,2.42,25.28,6.14,5.44,22.68,35.73,26.45,6.96,11.18,57.79,0.15,vegetable,vegetative,4.03,18.84,0.53,0.0,2.07,14.65,Low,Extreme Heat,0.05
2026-05-13,Hill Market,40.747,-73.985,24.53,78.37,15.02,8.44,2.27,33.22,6.56,4.42,30.2,40.33,35.95,11.7,14.84,82.54,0.17,corn,vegetative,0.72,65.01,0.0,57.29,20.95,61.05,High,Extreme Heat,0.21
2026-05-13,North Valley,40.733,-73.995,31.01,31.8,3.0,27.38,2.15,20.64,6.03,5.23,18.39,46.23,35.17,6.47,18.03,77.51,0.18,wheat,vegetative,1.96,81.23,0.0,6.43,13.44,74.82,High,Extreme Heat,0.15
2026-05-13,River Bend,40.712,-74.02,23.29,78.6,5.14,13.91,2.63,42.04,6.24,5.06,30.78,42.95,33.86,7.77,15.96,80.39,0.2,wheat,vegetative,0.0,54.12,0.82,6.29,19.13,45.73,Moderate,Extreme Heat,0.1
2026-05-13,South Fields,40.691,-74.01,26.91,72.41,14.39,8.85,2.53,45.21,6.41,4.84,21.58,43.34,40.98,15.92,12.18,90.99,0.23,corn,vegetative,3.21,70.64,0.0,15.95,25.14,59.38,High,Extreme Heat,0.17
2026-05-14,East Orchard,40.724,-73.965,24.96,60.1,4.36,30.17,2.2,31.57,6.1,5.33,11.7,32.23,17.57,7.3,13.72,49.65,0.15,vegetable,vegetative,3.82,49.44,0.0,0.5,0.0,42.88,Moderate,Extreme Heat,0.12
2026-05-14,Hill Market,40.747,-73.985,20.43,72.3,10.2,18.01,2.36,31.45,6.35,4.67,18.45,35.68,38.27,9.94,14.94,76.76,0.17,vegetable,vegetative,5.14,29.02,2.94,27.8,9.86,29.04,Low,Extreme Heat,0.13
2026-05-14,North Valley,40.733,-73.995,26.22,56.51,9.78,9.63,2.26,25.43,6.34,5.33,19.52,33.47,21.9,11.91,15.75,53.85,0.18,wheat,vegetative,0.0,57.2,1.17,0.0,4.99,47.4,Moderate,Extreme Heat,0.1
2026-05-14,River Bend,40.712,-74.02,22.78,52.73,4.45,4.56,2.7,29.87,6.34,4.97,16.58,31.0,29.55,3.73,15.38,63.81,0.2,wheat,vegetative,1.44,35.29,2.33,2.35,7.07,29.13,Low,Extreme Heat,0.07
2026-05-14,South Fields,40.691,-74.01,28.98,48.67,8.86,1.62,2.51,34.82,6.38,4.75,15.48,42.06,34.86,6.25,12.62,71.98,0.23,soybean,vegetative,6.85,73.87,0.0,21.98,10.95,63.15,High,Extreme Heat,0.18
2026-05-15,East Orchard,40.724,-73.965,20.9,49.36,12.9,12.91,2.41,32.51,6.24,5.32,12.85,17.2,15.93,10.43,16.5,18.39,0.15,wheat,vegetative,4.75,21.19,0.0,5.08,6.44,20.36,Low,Extreme Heat,0.05
2026-05-15,Hill Market,40.747,-73.985,21.48,73.32,40.37,5.66,3.2,49.85,6.02,4.25,30.74,28.39,36.98,13.56,14.67,89.71,0.17,corn,vegetative,36.84,34.57,0.0,93.88,17.86,80.53,Severe,Acid Rain,0.3
2026-05-15,North Valley,40.733,-73.995,20.94,65.88,11.96,3.74,2.36,43.25,6.38,5.18,17.79,31.94,14.0,3.25,15.38,45.61,0.18,corn,vegetative,5.16,31.26,0.02,0.33,0.9,29.91,Low,Extreme Heat,0.08
2026-05-15,River Bend,40.712,-74.02,22.31,97.82,34.41,9.23,3.16,44.2,6.08,4.77,31.3,45.46,30.83,14.14,16.38,60.29,0.2,soybean,vegetative,28.44,58.57,0.0,34.53,23.97,54.74,Moderate,Extreme Heat,0.22
2026-05-15,South Fields,40.691,-74.01,29.62,75.02,21.29,18.13,2.51,34.82,6.46,4.68,22.28,44.16,28.66,8.82,10.3,49.19,0.23,corn,vegetative,4.18,86.42,0.0,24.59,13.74,78.61,Severe,Extreme Heat,0.21
2026-05-16,East Orchard,40.724,-73.965,23.76,38.57,5.3,19.15,1.96,48.03,6.0,5.23,9.29,45.72,27.92,6.16,17.4,49.33,0.15,corn,vegetative,0.0,42.28,3.9,0.0,0.0,34.55,Low,Extreme Heat,0.09
2026-05-16,Hill Market,40.747,-73.985,24.17,49.89,13.07,8.5,1.93,42.35,5.99,4.63,15.86,45.24,47.03,10.11,11.62,69.25,0.17,rice,vegetative,3.03,43.14,0.0,45.35,11.61,38.73,Moderate,Acid Rain,0.12
2026-05-16,North Valley,40.733,-73.995,23.03,54.52,2.68,15.63,1.64,24.44,6.57,5.01,20.68,29.67,31.7,7.36,16.81,63.07,0.18,corn,vegetative,1.98,38.53,0.0,0.81,11.54,36.02,Moderate,Extreme Heat,0.08
2026-05-16,River Bend,40.712,-74.02,16.85,50.12,2.67,7.25,1.7,24.94,6.1,5.31,18.25,49.91,29.33,8.58,13.85,62.32,0.2,wheat,vegetative,3.91,11.85,2.82,3.35,6.75,12.72,Low,Extreme Heat,0.04
2026-05-16,South Fields,40.691,-74.01,24.38,64.68,8.32,2.93,2.0,38.7,6.55,5.15,24.38,28.99,29.78,5.94,14.65,60.94,0.23,corn,vegetative,1.02,49.63,2.4,0.97,10.57,48.96,Moderate,Extreme Heat,0.1
2026-05-17,East Orchard,40.724,-73.965,27.23,69.89,19.6,11.19,1.85,34.44,6.15,5.13,3.9,53.18,37.98,13.48,16.88,61.66,0.15,rice,vegetative,4.42,72.04,1.57,6.08,3.75,63.69,High,Extreme Heat,0.12
2026-05-17,Hill Market,40.747,-73.985,22.05,56.94,0.79,10.87,1.39,28.02,6.58,5.08,23.57,20.99,33.89,9.16,14.06,86.06,0.17,soybean,vegetative,0.17,28.28,3.73,2.9,16.55,20.91,Low,Extreme Heat,0.06
2026-05-17,North Valley,40.733,-73.995,26.14,63.87,1.0,10.94,1.95,24.76,6.45,5.96,11.55,25.82,7.58,3.74,14.15,22.27,0.18,wheat,vegetative,4.25,59.81,0.0,5.68,2.14,50.55,Moderate,Extreme Heat,0.12
2026-05-17,River Bend,40.712,-74.02,29.05,64.24,4.15,7.44,2.32,33.1,6.24,5.2,7.33,46.75,21.53,5.13,15.34,49.1,0.2,soybean,vegetative,0.0,77.11,0.0,0.0,3.09,65.21,High,Extreme Heat,0.14
2026-05-17,South Fields,40.691,-74.01,20.49,88.16,50.27,6.7,2.67,55.38,6.15,4.68,12.98,17.52,22.35,12.61,13.99,41.12,0.23,corn,vegetative,48.03,39.44,0.12,51.73,4.64,48.88,Moderate,Acid Rain,0.28
2026-05-18,East Orchard,40.724,-73.965,26.22,68.6,24.76,6.48,2.19,59.44,5.82,5.17,5.26,37.42,24.97,7.6,17.16,46.89,0.15,corn,vegetative,11.55,67.58,0.0,4.37,7.4,59.2,High,Extreme Heat,0.17
2026-05-18,Hill Market,40.747,-73.985,28.81,66.15,1.22,7.9,1.57,26.93,6.81,4.58,19.19,27.2,28.52,2.97,15.47,60.49,0.17,rice,vegetative,0.0,76.85,1.98,10.5,11.97,69.09,High,Extreme Heat,0.13
2026-05-18,North Valley,40.733,-73.995,27.84,40.36,19.13,12.53,2.38,59.13,6.24,4.89,13.25,33.1,30.29,12.67,15.09,46.05,0.18,wheat,vegetative,3.05,62.75,0.0,16.48,2.26,55.54,High,Extreme Heat,0.13
2026-05-18,River Bend,40.712,-74.02,22.16,61.66,2.76,16.67,2.14,33.19,6.37,4.93,26.78,29.69,36.52,5.77,11.38,75.47,0.2,wheat,vegetative,1.32,38.41,0.0,10.3,18.6,29.87,Low,Extreme Heat,0.08
2026-05-18,South Fields,40.691,-74.01,23.59,48.56,3.74,6.6,1.94,30.9,6.48,5.19,19.6,44.51,25.67,7.36,14.77,43.98,0.23,rice,vegetative,2.64,46.6,0.0,0.0,13.92,40.86,Moderate,Extreme Heat,0.07
2026-05-19,East Orchard,40.724,-73.965,20.91,67.11,5.87,12.37,1.87,32.15,6.14,5.59,37.84,30.55,29.55,12.68,12.31,68.28,0.15,corn,vegetative,4.72,32.64,4.41,0.0,25.74,29.93,Low,Extreme Heat,0.08
2026-05-19,Hill Market,40.747,-73.985,23.01,86.97,78.43,11.51,2.94,62.29,5.48,3.8,20.45,30.29,45.33,19.25,12.44,97.08,0.17,soybean,vegetative,91.69,48.89,0.82,100.0,15.02,94.7,Severe,Acid Rain,0.46
2026-05-19,North Valley,40.733,-73.995,29.29,63.02,7.57,13.93,1.66,36.49,6.31,5.19,35.47,46.52,34.7,8.03,11.34,64.26,0.18,wheat,vegetative,1.19,82.67,0.84,5.33,26.77,75.4,Severe,Extreme Heat,0.15
2026-05-19,River Bend,40.712,-74.02,27.91,45.47,4.1,10.61,2.36,49.61,6.5,5.06,26.91,41.76,40.43,7.71,13.47,74.22,0.2,wheat,vegetative,0.0,70.94,0.0,2.24,20.79,64.12,High,Extreme Heat,0.12
2026-05-19,South Fields,40.691,-74.01,29.14,74.86,14.55,19.63,2.29,39.2,6.18,5.35,23.89,34.81,35.53,13.9,15.43,80.26,0.23,corn,vegetative,5.94,83.39,4.42,0.0,9.38,71.04,High,Extreme Heat,0.18
2026-05-20,East Orchard,40.724,-73.965,27.54,53.85,5.74,4.98,1.99,33.74,6.38,5.57,11.92,44.71,25.26,3.5,14.88,61.79,0.15,corn,vegetative,2.05,65.34,2.16,0.0,8.84,54.51,Moderate,Extreme Heat,0.13
2026-05-20,Hill Market,40.747,-73.985,22.23,57.43,15.85,31.0,1.9,48.65,6.42,4.71,33.45,30.68,47.63,10.9,14.71,94.75,0.17,corn,vegetative,3.18,33.65,0.0,36.75,32.6,36.29,Moderate,Acid Rain,0.13
2026-05-20,North Valley,40.733,-73.995,26.06,76.18,6.54,29.47,1.57,46.48,6.13,5.32,12.58,32.09,21.66,3.85,15.32,39.98,0.18,wheat,vegetative,1.85,66.32,3.52,2.41,4.44,56.15,High,Extreme Heat,0.12
2026-05-20,River Bend,40.712,-74.02,27.91,63.33,8.59,10.0,2.5,30.08,5.99,5.06,22.89,44.51,25.74,7.5,16.76,64.78,0.2,wheat,vegetative,0.0,71.95,2.66,3.61,9.19,62.99,High,Extreme Heat,0.13
2026-05-20,South Fields,40.691,-74.01,25.17,77.49,17.21,10.84,2.07,39.6,6.18,4.95,18.04,36.96,26.91,7.98,12.19,56.05,0.23,corn,vegetative,1.91,60.49,0.0,7.06,7.95,54.18,Moderate,Extreme Heat,0.13
2026-05-21,East Orchard,40.724,-73.965,24.23,43.52,7.41,3.27,1.69,38.69,6.14,4.94,10.88,27.67,22.79,7.22,16.4,35.09,0.15,wheat,vegetative,0.0,40.15,0.0,11.94,4.23,35.21,Moderate,Extreme Heat,0.08
2026-05-21,Hill Market,40.747,-73.985,23.44,58.98,6.2,20.78,1.96,39.3,6.33,4.97,31.13,33.85,45.41,14.38,12.32,88.75,0.17,corn,vegetative,0.0,46.83,0.38,10.15,26.78,42.04,Moderate,Extreme Heat,0.11
2026-05-21,North Valley,40.733,-73.995,30.87,63.9,10.02,7.93,2.01,44.56,6.53,5.21,18.31,42.89,27.06,13.25,16.39,64.22,0.18,wheat,vegetative,4.88,82.78,0.0,3.03,7.67,77.52,Severe,Extreme Heat,0.16
2026-05-21,River Bend,40.712,-74.02,21.13,74.41,11.3,17.52,2.29,50.39,6.22,4.87,29.7,30.44,36.53,12.75,16.46,76.56,0.2,wheat,vegetative,5.77,39.25,0.0,18.59,21.19,31.63,Low,Extreme Heat,0.1
2026-05-21,South Fields,40.691,-74.01,21.54,83.47,63.7,19.16,3.0,72.62,6.13,4.34,22.74,30.82,35.62,23.48,12.07,74.68,0.23,vegetable,vegetative,85.09,46.58,0.0,87.46,13.19,78.88,Severe,Acid Rain,0.5
2026-05-22,East Orchard,40.724,-73.965,20.21,44.98,6.18,3.36,1.71,46.0,6.11,5.11,16.2,32.12,24.26,8.16,14.1,54.58,0.15,corn,vegetative,0.0,21.48,0.0,5.61,3.34,18.23,Low,Extreme Heat,0.05
2026-05-22,Hill Market,40.747,-73.985,22.67,42.74,12.14,15.38,1.93,51.81,6.55,4.58,29.72,38.58,36.37,5.87,11.51,80.49,0.17,corn,vegetative,0.0,29.49,4.49,32.69,19.94,29.25,Low,Acid Rain,0.11
2026-05-22,North Valley,40.733,-73.995,27.67,54.94,15.37,20.13,1.96,39.35,6.52,4.84,17.7,36.07,35.57,7.47,18.15,44.33,0.18,wheat,vegetative,3.17,68.6,2.26,12.5,9.33,57.12,High,Extreme Heat,0.14
2026-05-22,River Bend,40.712,-74.02,24.38,100.0,93.99,18.03,3.99,97.45,5.6,3.96,27.97,43.97,29.15,23.43,12.42,68.1,0.2,soybean,vegetative,99.87,70.48,4.87,100.0,16.05,95.7,Severe,Acid Rain,0.52
2026-05-22,South Fields,40.691,-74.01,34.34,47.4,6.93,17.39,1.92,45.26,6.7,5.36,43.99,37.0,28.0,7.9,15.76,57.29,0.23,corn,vegetative,0.0,91.67,0.8,0.0,29.76,77.65,Severe,Extreme Heat,0.18
2026-05-23,East Orchard,40.724,-73.965,28.31,55.14,14.16,7.03,2.2,31.36,5.99,5.4,7.83,42.75,17.24,8.69,15.74,37.02,0.15,corn,vegetative,2.85,71.58,0.0,5.24,5.56,59.46,High,Extreme Heat,0.15
2026-05-23,Hill Market,40.747,-73.985,16.95,75.33,21.29,23.58,2.26,53.12,6.47,5.04,24.62,46.26,23.88,5.37,12.77,64.37,0.17,corn,vegetative,3.45,19.17,0.0,3.25,7.51,19.87,Low,Extreme Heat,0.05
2026-05-23,North Valley,40.733,-73.995,24.87,38.88,6.18,21.26,1.92,50.64,6.55,5.14,7.31,34.25,18.34,6.48,15.16,45.4,0.18,wheat,vegetative,2.9,44.34,0.0,2.73,1.34,33.73,Low,Extreme Heat,0.09
2026-05-23,River Bend,40.712,-74.02,25.61,50.08,5.43,25.15,2.22,32.48,5.91,5.11,24.97,25.52,25.96,8.26,16.62,45.56,0.2,wheat,vegetative,11.31,51.16,0.0,4.57,9.31,42.81,Moderate,Extreme Heat,0.12
2026-05-23,South Fields,40.691,-74.01,27.38,46.13,5.4,20.77,1.77,23.01,6.48,5.35,12.93,23.85,25.94,7.91,14.16,65.96,0.23,corn,vegetative,0.0,63.0,2.63,2.47,3.45,57.57,High,Extreme Heat,0.13
2026-05-24,East Orchard,40.724,-73.965,17.7,70.86,5.41,7.5,1.99,22.2,6.04,5.08,15.33,19.31,24.8,3.56,14.7,47.73,0.15,corn,vegetative,0.0,19.78,2.54,0.89,5.87,15.09,Low,Extreme Heat,0.04
2026-05-24,Hill Market,40.747,-73.985,29.2,71.23,24.86,11.22,2.0,33.58,6.28,4.49,22.56,43.14,38.33,11.04,12.82,84.61,0.17,corn,vegetative,1.37,79.98,7.91,55.08,14.37,70.76,High,Extreme Heat,0.25
2026-05-24,North Valley,40.733,-73.995,22.85,55.59,11.21,6.15,2.2,39.05,5.77,5.56,11.61,31.0,24.71,5.73,15.3,28.07,0.18,wheat,vegetative,5.45,39.81,0.0,6.08,1.61,31.2,Low,Extreme Heat,0.09
2026-05-24,River Bend,40.712,-74.02,20.34,33.21,5.98,8.11,2.25,37.38,6.23,5.24,25.05,37.01,17.44,6.9,15.28,42.68,0.2,wheat,vegetative,3.99,18.11,6.8,0.0,6.18,15.97,Low,Extreme Heat,0.05
2026-05-24,South Fields,40.691,-74.01,23.11,68.98,4.87,20.23,2.13,16.89,6.47,4.96,25.52,38.49,32.64,10.32,15.32,55.62,0.23,corn,vegetative,0.0,42.77,0.72,4.1,16.4,36.92,Moderate,Extreme Heat,0.09
2026-05-25,East Orchard,40.724,-73.965,18.64,55.81,5.31,19.5,1.74,28.66,6.41,5.3,21.76,22.8,22.54,0.0,17.04,44.97,0.15,wheat,vegetative,2.09,14.78,0.0,4.17,10.39,14.45,Low,Extreme Heat,0.04
2026-05-25,Hill Market,40.747,-73.985,24.34,70.24,7.39,12.42,1.99,48.78,6.61,5.05,33.98,30.38,28.63,9.39,17.07,69.0,0.17,corn,vegetative,6.95,55.43,2.44,9.8,19.96,50.03,Moderate,Extreme Heat,0.14
2026-05-25,North Valley,40.733,-73.995,15.68,53.93,2.52,20.17,1.99,29.86,6.51,5.39,23.8,28.99,24.73,6.57,15.34,62.81,0.18,rice,vegetative,0.0,6.51,1.88,1.03,7.37,14.18,Low,Air Quality,0.01
2026-05-25,River Bend,40.712,-74.02,23.12,89.69,60.87,6.24,3.3,71.78,5.79,4.4,12.05,38.04,33.57,14.9,17.56,70.77,0.2,wheat,vegetative,85.18,62.6,2.4,91.06,0.0,80.65,Severe,Acid Rain,0.43
2026-05-25,South Fields,40.691,-74.01,32.67,51.1,4.86,7.55,1.96,34.87,6.59,5.41,32.66,50.62,30.32,8.49,15.35,53.51,0.23,corn,vegetative,0.0,90.54,0.0,0.06,23.7,80.24,Severe,Extreme Heat,0.18
2026-05-26,East Orchard,40.724,-73.965,24.6,61.55,15.82,6.72,2.3,43.02,6.01,5.2,8.59,54.58,19.59,9.28,14.1,52.07,0.15,corn,vegetative,2.68,54.97,0.0,0.0,9.04,44.72,Moderate,Extreme Heat,0.11
2026-05-26,Hill Market,40.747,-73.985,24.0,48.61,9.4,4.91,1.76,30.02,6.13,5.21,38.93,38.18,39.29,8.14,14.2,91.13,0.17,corn,vegetative,3.62,41.4,0.0,3.41,32.72,32.69,Low,Extreme Heat,0.1
2026-05-26,North Valley,40.733,-73.995,30.7,67.88,3.65,6.88,2.08,54.74,6.13,5.24,22.58,52.98,38.27,9.34,14.97,81.06,0.18,soybean,vegetative,0.98,83.46,0.0,0.0,21.91,66.99,High,Extreme Heat,0.15
2026-05-26,River Bend,40.712,-74.02,21.53,61.1,20.05,5.48,2.39,50.79,6.42,5.15,32.77,20.58,41.25,11.81,12.44,91.45,0.2,wheat,vegetative,8.34,28.41,0.0,7.27,22.68,26.34,Low,Extreme Heat,0.08
2026-05-26,South Fields,40.691,-74.01,29.38,68.09,13.13,25.5,2.58,41.62,6.29,5.14,26.11,42.2,30.46,7.75,15.88,62.89,0.23,vegetable,vegetative,4.35,80.59,4.77,6.41,13.62,66.81,High,Extreme Heat,0.2
2026-05-27,East Orchard,40.724,-73.965,21.08,66.19,12.79,9.79,2.27,34.23,6.09,5.53,17.49,27.2,43.52,2.87,16.13,60.15,0.15,corn,vegetative,4.35,31.42,0.0,0.0,10.77,24.57,Low,Extreme Heat,0.07
2026-05-27,Hill Market,40.747,-73.985,30.05,57.58,8.48,4.87,1.75,32.14,6.38,4.96,19.37,43.99,35.49,6.23,13.69,65.15,0.17,corn,vegetative,0.9,79.45,0.0,4.0,16.5,67.54,High,Extreme Heat,0.16
2026-05-27,North Valley,40.733,-73.995,26.02,47.88,3.58,7.15,2.11,45.29,6.55,5.63,17.7,39.21,37.9,8.32,15.17,85.86,0.18,wheat,vegetative,2.14,53.57,1.93,0.01,5.94,46.88,Moderate,Extreme Heat,0.1
2026-05-27,River Bend,40.712,-74.02,25.12,35.24,7.02,26.99,2.15,33.78,6.23,5.24,33.66,34.97,38.18,9.81,14.64,82.75,0.2,wheat,vegetative,0.0,43.81,0.0,0.0,23.17,36.59,Moderate,Extreme Heat,0.07
2026-05-27,South Fields,40.691,-74.01,28.55,73.25,9.89,5.16,1.81,30.81,6.4,5.61,35.34,52.19,40.58,16.03,13.68,96.42,0.23,soybean,vegetative,5.46,81.85,0.61,3.27,34.23,73.04,High,Extreme Heat,0.17
2026-05-28,East Orchard,40.724,-73.965,23.47,57.9,2.27,7.1,1.86,31.48,5.79,5.18,18.46,38.44,42.38,12.54,13.83,78.92,0.15,vegetable,vegetative,1.63,34.92,4.07,0.3,19.4,31.13,Low,Extreme Heat,0.08
2026-05-28,Hill Market,40.747,-73.985,27.18,70.98,17.11,6.94,1.94,47.02,6.08,5.13,16.32,42.9,35.01,8.86,11.97,61.91,0.17,wheat,vegetative,2.03,69.33,0.0,9.68,8.76,64.78,High,Extreme Heat,0.13
2026-05-28,North Valley,40.733,-73.995,28.25,52.14,4.82,5.93,2.4,32.84,6.34,5.27,25.06,22.22,23.57,8.66,15.55,62.17,0.18,wheat,vegetative,2.51,64.81,0.5,0.0,10.66,56.21,High,Extreme Heat,0.12
2026-05-28,River Bend,40.712,-74.02,29.79,57.78,32.5,21.45,2.93,48.31,5.82,4.68,31.13,44.24,34.72,11.69,12.72,60.07,0.2,soybean,vegetative,24.54,79.69,0.0,52.61,20.78,71.78,High,Extreme Heat,0.28
2026-05-28,South Fields,40.691,-74.01,24.9,56.79,17.71,23.69,2.09,36.91,6.47,4.76,20.63,43.69,35.6,12.68,12.1,70.97,0.23,rice,vegetative,3.68,56.61,0.0,25.7,13.75,46.76,Moderate,Extreme Heat,0.12
2026-05-29,East Orchard,40.724,-73.965,22.97,50.31,14.54,2.4,1.95,58.07,6.16,5.34,16.27,41.97,22.51,10.65,13.99,43.47,0.15,corn,vegetative,6.73,37.25,1.4,1.85,0.9,34.75,Low,Extreme Heat,0.09
2026-05-29,Hill Market,40.747,-73.985,25.8,57.46,1.95,19.16,1.86,36.89,6.56,4.82,22.47,35.41,36.14,6.63,13.53,63.04,0.17,wheat,vegetative,0.0,55.47,0.0,9.41,8.07,48.59,Moderate,Extreme Heat,0.11
2026-05-29,North Valley,40.733,-73.995,22.38,60.74,7.66,16.24,2.3,34.21,6.07,5.43,17.09,34.94,22.22,1.09,17.39,47.87,0.18,wheat,vegetative,2.3,39.14,1.79,0.0,8.14,33.28,Low,Extreme Heat,0.07
2026-05-29,River Bend,40.712,-74.02,30.15,72.2,3.34,16.37,2.05,30.41,6.13,5.25,18.69,43.8,34.24,6.17,15.7,61.8,0.2,wheat,vegetative,0.53,86.91,0.0,1.42,9.67,78.67,Severe,Extreme Heat,0.15
2026-05-29,South Fields,40.691,-74.01,25.94,45.84,5.24,2.71,2.35,45.44,6.58,5.17,31.89,29.49,30.98,12.12,13.97,68.98,0.23,corn,vegetative,5.94,50.18,0.9,2.37,19.22,43.58,Moderate,Extreme Heat,0.12
2026-05-30,East Orchard,40.724,-73.965,21.02,68.6,3.88,3.78,1.88,41.3,6.38,5.13,12.7,48.49,22.98,8.76,17.72,46.53,0.15,rice,vegetative,0.0,37.34,0.0,2.11,8.15,32.24,Low,Extreme Heat,0.06
2026-05-30,Hill Market,40.747,-73.985,25.16,57.69,16.53,17.63,1.97,42.34,6.23,4.55,26.7,46.23,40.38,7.59,14.26,74.34,0.17,vegetable,vegetative,4.09,50.45,0.0,52.88,19.15,47.88,Moderate,Acid Rain,0.21
2026-05-30,North Valley,40.733,-73.995,31.68,57.8,10.84,12.53,2.04,43.66,6.51,5.05,19.67,48.04,37.09,7.18,15.59,43.29,0.18,corn,vegetative,4.89,86.91,1.13,6.76,19.23,77.61,Severe,Extreme Heat,0.19
2026-05-30,River Bend,40.712,-74.02,27.2,52.47,4.51,10.29,2.23,41.92,6.22,5.08,15.19,33.68,35.74,9.17,12.69,80.38,0.2,wheat,vegetative,0.0,62.49,0.0,4.24,11.23,51.47,Moderate,Extreme Heat,0.11
2026-05-30,South Fields,40.691,-74.01,27.15,100.0,108.4,17.62,4.23,79.9,5.49,4.15,20.08,45.96,37.24,25.78,8.75,66.45,0.23,corn,vegetative,95.81,82.78,1.74,98.81,18.65,94.21,Severe,Acid Rain,0.57
2026-05-31,East Orchard,40.724,-73.965,26.46,80.57,25.55,28.92,2.45,54.3,5.85,5.08,21.03,42.7,24.76,9.38,14.19,45.28,0.15,corn,vegetative,5.83,74.73,0.0,7.72,12.28,63.83,High,Extreme Heat,0.17
2026-05-31,Hill Market,40.747,-73.985,28.97,61.17,4.1,16.15,1.73,33.64,6.61,4.29,16.82,42.1,30.62,8.76,13.85,75.96,0.17,corn,vegetative,6.11,74.11,0.0,58.84,8.09,69.4,High,Extreme Heat,0.25
2026-05-31,North Valley,40.733,-73.995,26.96,97.86,88.74,10.67,3.68,85.02,5.38,4.2,24.03,34.93,14.71,21.34,10.67,34.82,0.18,wheat,vegetative,100.0,79.47,6.91,98.76,4.86,92.44,Severe,Flood,0.51
2026-05-31,River Bend,40.712,-74.02,28.47,75.76,5.79,7.29,2.3,38.55,6.58,5.13,20.59,37.4,32.22,11.48,14.15,57.09,0.2,wheat,vegetative,2.35,74.0,1.84,3.08,17.4,66.77,High,Extreme Heat,0.14
2026-05-31,South Fields,40.691,-74.01,34.24,57.48,5.83,8.01,1.88,22.27,6.79,5.13,28.36,54.1,19.67,1.7,18.61,42.98,0.23,soybean,vegetative,1.3,91.58,4.57,0.0,14.93,81.09,Severe,Extreme Heat,0.17
2026-06-01,East Orchard,40.724,-73.965,26.19,45.36,7.51,15.08,2.03,30.8,6.32,5.29,16.5,45.91,21.62,4.02,9.68,34.05,0.15,wheat,vegetative,3.16,59.26,2.16,0.0,5.62,53.44,Moderate,Extreme Heat,0.11
2026-06-01,Hill Market,40.747,-73.985,22.79,78.65,9.01,9.49,1.65,46.75,6.28,4.73,29.06,35.68,32.59,10.09,15.26,85.48,0.17,corn,vegetative,3.14,46.32,0.0,17.07,16.2,38.45,Moderate,Extreme Heat,0.12
2026-06-01,North Valley,40.733,-73.995,24.27,44.16,5.14,18.82,2.11,35.21,6.51,5.0,15.92,26.18,15.67,8.42,15.65,45.14,0.18,vegetable,vegetative,0.0,38.31,3.11,0.79,8.67,38.61,Moderate,Extreme Heat,0.09
2026-06-01,River Bend,40.712,-74.02,24.05,46.45,4.81,19.78,2.26,28.34,6.13,5.52,26.47,35.92,35.6,7.94,12.94,71.5,0.2,corn,vegetative,2.96,43.37,3.28,5.51,17.72,40.45,Moderate,Extreme Heat,0.1
2026-06-01,South Fields,40.691,-74.01,25.5,65.43,8.06,21.55,2.2,29.38,6.65,5.09,30.51,38.11,31.66,8.27,12.94,44.93,0.23,corn,vegetative,0.0,60.21,2.55,6.45,14.16,53.9,Moderate,Extreme Heat,0.13
2026-06-02,East Orchard,40.724,-73.965,19.47,64.88,8.9,10.79,1.93,40.54,6.15,5.38,9.55,22.75,17.28,11.5,16.96,60.76,0.15,corn,vegetative,0.0,20.53,0.0,0.0,3.47,15.87,Low,Extreme Heat,0.04
2026-06-02,Hill Market,40.747,-73.985,23.89,58.51,9.75,11.05,2.02,30.86,6.78,4.81,30.49,33.12,39.47,6.04,14.49,84.78,0.17,rice,vegetative,0.0,44.27,0.0,13.63,20.19,35.75,Moderate,Extreme Heat,0.08
2026-06-02,North Valley,40.733,-73.995,25.97,69.69,7.41,8.79,2.05,36.58,6.41,5.06,18.62,35.05,22.21,7.13,18.0,33.42,0.18,corn,vegetative,2.53,63.78,2.52,1.92,3.26,56.73,High,Extreme Heat,0.14
2026-06-02,River Bend,40.712,-74.02,27.11,51.95,5.31,19.22,2.19,32.39,6.25,4.85,39.9,40.52,30.28,11.97,15.02,94.39,0.2,soybean,vegetative,2.81,67.07,0.0,11.17,33.05,60.81,High,Extreme Heat,0.14
2026-06-02,South Fields,40.691,-74.01,21.61,67.09,4.64,15.69,2.01,41.21,6.81,5.23,24.37,28.49,22.86,2.99,16.17,54.56,0.23,corn,vegetative,0.0,37.1,0.82,0.0,10.48,34.32,Low,Extreme Heat,0.07
2026-06-03,East Orchard,40.724,-73.965,24.23,68.12,3.83,23.69,1.8,37.29,6.48,4.87,9.49,42.33,34.23,5.69,14.36,52.65,0.15,rice,vegetative,2.98,54.29,0.0,9.14,12.37,49.04,Moderate,Extreme Heat,0.1
2026-06-03,Hill Market,40.747,-73.985,29.36,58.24,7.41,2.83,1.9,19.77,6.65,4.6,31.82,47.44,33.89,4.86,15.34,84.45,0.17,rice,vegetative,0.0,77.94,0.0,19.91,19.43,62.68,High,Extreme Heat,0.14
2026-06-03,North Valley,40.733,-73.995,23.07,73.3,1.27,26.83,1.97,23.41,6.5,5.8,23.77,38.7,31.1,5.93,13.5,45.53,0.18,wheat,vegetative,2.66,50.76,7.15,3.91,8.42,47.75,Moderate,Extreme Heat,0.1
2026-06-03,River Bend,40.712,-74.02,23.69,59.1,12.87,7.95,2.24,40.73,6.19,4.79,26.78,43.56,31.91,9.52,14.09,67.13,0.2,corn,vegetative,3.6,49.58,0.0,20.42,15.93,43.07,Moderate,Extreme Heat,0.14
2026-06-03,South Fields,40.691,-74.01,35.52,55.73,19.15,20.74,2.3,34.31,6.51,4.66,13.58,46.94,34.96,10.26,13.25,47.32,0.23,rice,vegetative,4.05,97.59,1.58,32.48,9.55,86.78,Severe,Extreme Heat,0.19
2026-06-04,East Orchard,40.724,-73.965,29.59,56.66,11.64,2.97,1.98,41.04,5.93,5.68,6.07,37.99,17.01,5.26,16.82,45.15,0.15,corn,vegetative,3.63,76.58,0.62,4.61,0.0,64.99,High,Extreme Heat,0.17
2026-06-04,Hill Market,40.747,-73.985,27.06,45.14,8.89,8.36,1.87,17.98,6.56,4.64,33.65,39.34,45.77,11.91,12.89,90.42,0.17,corn,vegetative,0.0,59.54,4.66,35.18,31.01,52.92,Moderate,Extreme Heat,0.17
2026-06-04,North Valley,40.733,-73.995,33.26,61.17,3.07,4.02,1.73,29.37,6.35,5.15,34.38,55.56,27.65,13.0,11.63,64.7,0.18,wheat,vegetative,0.0,93.29,3.73,4.29,28.53,82.42,Severe,Extreme Heat,0.17
2026-06-04,River Bend,40.712,-74.02,28.41,58.06,14.06,11.37,2.46,33.93,6.07,5.08,23.36,45.79,30.54,14.39,14.77,64.7,0.2,wheat,vegetative,7.71,71.77,0.0,2.42,11.66,65.94,High,Extreme Heat,0.14
2026-06-04,South Fields,40.691,-74.01,26.01,56.75,8.54,3.76,2.25,42.19,6.51,5.33,17.41,46.27,28.62,3.04,15.86,64.73,0.23,corn,vegetative,2.34,59.04,3.27,2.19,8.62,48.22,Moderate,Extreme Heat,0.13
2026-06-05,East Orchard,40.724,-73.965,28.68,59.38,2.77,7.09,1.43,28.42,6.23,5.33,20.31,38.94,20.35,5.89,15.72,27.21,0.15,corn,vegetative,0.36,73.95,0.0,0.0,4.31,64.46,High,Extreme Heat,0.14
2026-06-05,Hill Market,40.747,-73.985,23.09,55.37,12.24,23.97,2.12,38.5,6.78,4.74,19.22,25.76,44.15,13.1,11.97,75.07,0.17,corn,vegetative,3.11,36.75,0.0,26.69,12.18,37.03,Moderate,Extreme Heat,0.12
2026-06-05,North Valley,40.733,-73.995,26.68,54.98,6.06,11.48,2.14,21.88,6.3,4.98,11.86,35.02,23.11,8.91,15.29,53.94,0.18,rice,vegetative,0.0,60.45,0.0,5.28,6.44,52.67,Moderate,Extreme Heat,0.09
2026-06-05,River Bend,40.712,-74.02,31.72,57.26,4.84,6.72,2.3,14.32,6.39,5.05,33.74,55.52,29.17,7.6,15.72,70.05,0.2,soybean,vegetative,0.0,88.1,0.0,2.53,24.77,72.42,High,Extreme Heat,0.16
2026-06-05,South Fields,40.691,-74.01,28.35,77.65,35.75,17.37,3.09,42.11,6.16,4.76,24.1,49.41,13.29,11.15,11.16,27.07,0.23,corn,vegetative,19.37,79.64,0.0,20.46,6.53,70.94,High,Extreme Heat,0.24
2026-06-06,East Orchard,40.724,-73.965,27.1,62.2,10.3,6.76,2.4,29.31,6.17,5.67,8.03,48.74,20.65,8.84,15.73,44.58,0.15,corn,vegetative,2.66,75.77,0.0,1.37,3.35,66.04,High,Extreme Heat,0.16
2026-06-06,Hill Market,40.747,-73.985,23.18,57.97,9.18,3.0,1.89,46.62,6.18,4.27,34.93,45.93,30.22,8.0,14.8,60.35,0.17,corn,vegetative,0.0,45.66,1.47,63.04,20.22,59.78,High,Acid Rain,0.18
2026-06-06,North Valley,40.733,-73.995,28.48,69.81,3.51,4.96,2.3,25.99,6.5,5.2,13.87,27.44,8.89,8.92,14.01,15.25,0.18,rice,vegetative,0.0,77.94,0.0,2.46,7.25,68.05,High,Extreme Heat,0.12
2026-06-06,River Bend,40.712,-74.02,23.56,62.01,11.69,5.15,1.99,50.74,6.23,4.64,12.83,23.03,27.72,6.63,13.09,59.54,0.2,wheat,vegetative,0.44,44.12,0.0,26.85,2.27,38.94,Moderate,Extreme Heat,0.11
2026-06-06,South Fields,40.691,-74.01,29.02,47.75,8.22,28.31,2.38,50.96,6.5,4.97,27.59,39.2,25.67,8.49,14.39,59.03,0.23,corn,vegetative,0.0,75.14,0.07,1.88,16.04,67.71,High,Extreme Heat,0.15
2026-06-07,East Orchard,40.724,-73.965,18.85,62.01,15.99,36.7,2.24,38.24,5.92,5.49,20.06,27.12,21.11,7.49,11.51,52.4,0.15,vegetable,vegetative,4.09,18.05,0.08,0.0,5.98,14.98,Low,Extreme Heat,0.05
2026-06-07,Hill Market,40.747,-73.985,24.07,61.34,6.76,6.1,1.5,45.97,6.4,5.13,17.96,41.08,32.04,8.05,13.62,68.27,0.17,soybean,vegetative,6.26,55.67,0.0,2.95,5.81,50.33,Moderate,Extreme Heat,0.12
2026-06-07,North Valley,40.733,-73.995,29.45,70.67,4.52,8.89,1.96,19.16,6.08,5.43,18.73,35.33,15.73,2.31,11.83,24.27,0.18,wheat,vegetative,0.0,81.17,0.0,0.0,3.71,71.8,High,Extreme Heat,0.14
2026-06-07,River Bend,40.712,-74.02,30.17,70.07,18.91,21.92,2.51,47.27,6.07,4.79,25.84,45.98,30.78,7.69,14.18,51.73,0.2,wheat,vegetative,5.51,86.59,0.0,20.2,10.31,72.07,High,Extreme Heat,0.19
2026-06-07,South Fields,40.691,-74.01,28.13,86.75,66.73,8.0,3.29,61.61,5.9,3.87,28.79,42.32,23.05,18.7,12.16,30.0,0.23,vegetable,vegetative,90.15,77.33,3.39,97.9,8.52,91.06,Severe,Acid Rain,0.6
2026-06-08,East Orchard,40.724,-73.965,24.95,70.8,12.08,5.74,1.97,34.82,6.56,5.34,18.32,41.98,30.98,9.33,14.87,58.5,0.15,wheat,vegetative,3.26,55.76,0.0,3.9,7.57,44.39,Moderate,Extreme Heat,0.11
2026-06-08,Hill Market,40.747,-73.985,28.0,49.63,15.5,11.18,2.44,49.29,6.39,4.98,26.52,58.07,28.69,9.08,13.87,82.8,0.17,rice,vegetative,8.62,71.31,1.27,4.68,18.47,62.02,High,Extreme Heat,0.13
2026-06-08,North Valley,40.733,-73.995,30.38,36.29,6.63,25.84,2.14,30.19,6.74,5.28,7.76,44.76,39.29,8.69,18.99,61.41,0.18,wheat,vegetative,0.0,78.87,0.0,0.31,11.16,67.52,High,Extreme Heat,0.13
2026-06-08,River Bend,40.712,-74.02,24.6,62.98,1.36,3.42,2.25,29.1,6.34,5.18,20.74,38.74,33.99,9.93,13.05,73.44,0.2,wheat,vegetative,5.12,49.29,0.0,4.64,5.07,44.78,Moderate,Extreme Heat,0.1
2026-06-08,South Fields,40.691,-74.01,20.85,39.32,19.73,28.08,2.52,44.59,6.29,4.96,12.79,37.98,34.66,8.36,13.64,65.61,0.23,vegetable,vegetative,7.54,24.57,0.0,10.75,5.04,19.61,Low,Extreme Heat,0.09
2026-06-09,East Orchard,40.724,-73.965,18.65,60.06,9.03,10.67,1.92,21.53,6.2,5.16,27.27,22.75,25.03,5.46,14.83,63.81,0.15,wheat,vegetative,1.33,17.1,3.39,6.41,12.1,16.67,Low,Extreme Heat,0.04
2026-06-09,Hill Market,40.747,-73.985,25.91,53.07,9.16,21.77,1.94,40.81,6.54,4.52,34.52,52.64,40.02,9.98,15.88,87.68,0.17,vegetable,vegetative,4.02,59.78,2.89,39.76,32.79,60.43,High,Extreme Heat,0.21
2026-06-09,North Valley,40.733,-73.995,28.32,56.7,48.48,7.6,3.03,56.45,5.76,5.04,24.77,36.06,24.66,12.52,14.09,58.33,0.18,rice,vegetative,50.31,78.51,5.25,15.38,2.47,73.48,High,Extreme Heat,0.24
2026-06-09,River Bend,40.712,-74.02,24.36,37.85,0.29,6.36,2.23,27.3,6.32,4.9,23.97,34.48,32.45,6.84,16.75,71.07,0.2,wheat,vegetative,1.91,39.97,0.0,6.08,13.57,36.44,Moderate,Extreme Heat,0.08
2026-06-09,South Fields,40.691,-74.01,20.67,64.22,1.57,16.36,2.26,39.01,6.92,5.26,10.22,35.78,23.77,8.16,13.71,39.05,0.23,wheat,vegetative,2.39,33.72,0.5,6.03,0.0,27.67,Low,Extreme Heat,0.07
2026-06-10,East Orchard,40.724,-73.965,29.48,56.32,13.8,6.33,1.79,26.52,5.89,5.17,18.04,38.93,31.53,4.97,16.07,40.93,0.15,rice,vegetative,3.89,76.86,4.47,9.26,8.22,67.16,High,Extreme Heat,0.13
2026-06-10,Hill Market,40.747,-73.985,34.59,99.02,85.76,24.6,3.38,86.06,5.61,3.8,32.84,48.54,34.04,21.79,10.01,90.22,0.17,corn,vegetative,94.37,100.0,0.0,98.27,26.94,93.14,Severe,Extreme Heat,0.6
2026-06-10,North Valley,40.733,-73.995,24.36,68.9,1.69,9.31,1.65,29.04,6.37,5.73,17.4,31.48,14.42,9.94,13.0,35.5,0.18,corn,vegetative,0.0,52.9,0.34,1.85,1.74,43.38,Moderate,Extreme Heat,0.11
2026-06-10,River Bend,40.712,-74.02,28.96,69.24,3.13,5.57,2.56,27.37,6.14,4.86,19.22,45.16,38.16,6.65,14.82,72.48,0.2,soybean,vegetative,0.0,82.36,3.49,14.29,17.25,69.99,High,Extreme Heat,0.17
2026-06-10,South Fields,40.691,-74.01,27.54,55.95,37.49,6.87,3.14,46.75,6.24,4.89,25.56,33.78,34.29,13.98,15.04,66.31,0.23,corn,vegetative,34.97,67.76,0.3,28.8,9.07,60.13,High,Extreme Heat,0.27
2026-06-11,East Orchard,40.724,-73.965,25.79,70.91,19.24,12.34,2.27,52.34,5.89,5.55,16.09,29.9,25.96,6.89,14.8,40.25,0.15,rice,vegetative,6.5,59.37,1.55,0.0,5.77,53.23,Moderate,Extreme Heat,0.1
2026-06-11,Hill Market,40.747,-73.985,25.76,78.88,14.26,16.25,2.23,31.64,6.35,4.85,32.25,45.88,36.79,6.8,13.74,71.93,0.17,corn,vegetative,0.0,68.67,0.35,16.4,20.76,57.75,High,Extreme Heat,0.16
2026-06-11,North Valley,40.733,-73.995,34.99,47.07,2.87,7.32,1.85,40.27,6.84,5.66,34.23,52.17,36.33,5.57,13.68,69.79,0.18,wheat,vegetative,1.5,91.95,0.88,0.0,34.17,79.74,Severe,Extreme Heat,0.16
2026-06-11,River Bend,40.712,-74.02,29.61,63.87,11.25,25.25,2.67,33.64,6.18,5.26,17.02,44.68,25.62,12.91,16.64,44.05,0.2,wheat,vegetative,5.21,83.01,0.0,0.0,5.43,73.92,High,Extreme Heat,0.15
2026-06-11,South Fields,40.691,-74.01,22.85,62.62,4.5,10.08,2.0,43.67,6.32,5.42,14.54,7.1,24.36,6.3,14.42,57.62,0.23,corn,vegetative,3.27,31.3,0.0,0.26,3.67,25.19,Low,Extreme Heat,0.07
2026-06-12,East Orchard,40.724,-73.965,30.06,70.56,4.08,25.19,2.3,24.32,5.89,6.21,28.69,30.29,19.29,6.91,15.12,51.39,0.15,rice,vegetative,0.0,81.6,0.0,0.6,10.62,69.27,High,Extreme Heat,0.12
2026-06-12,Hill Market,40.747,-73.985,26.07,74.82,7.62,14.67,1.92,38.0,6.72,4.97,26.14,41.43,32.56,3.9,16.24,67.76,0.17,vegetable,vegetative,4.57,68.84,0.69,9.22,16.87,60.34,High,Extreme Heat,0.18
2026-06-12,North Valley,40.733,-73.995,31.98,65.33,1.14,8.77,2.07,34.98,6.4,6.06,18.32,64.23,25.46,9.35,16.21,73.04,0.18,wheat,vegetative,0.0,91.38,2.2,1.93,11.71,79.62,Severe,Extreme Heat,0.16
2026-06-12,River Bend,40.712,-74.02,16.47,80.41,20.88,9.34,2.66,47.39,5.91,4.62,25.5,25.5,30.33,9.31,11.16,71.35,0.2,wheat,vegetative,11.42,18.76,0.0,40.81,11.79,40.17,Moderate,Acid Rain,0.11
2026-06-12,South Fields,40.691,-74.01,24.2,68.52,9.8,16.69,2.57,53.24,6.75,5.22,23.5,33.38,24.9,12.95,14.87,48.23,0.23,corn,vegetative,4.77,57.22,1.68,1.13,10.43,45.9,Moderate,Extreme Heat,0.13
2026-06-13,East Orchard,40.724,-73.965,19.69,35.65,8.65,17.38,1.76,30.29,6.11,5.66,28.32,23.54,28.01,8.15,17.57,55.75,0.15,corn,vegetative,2.84,12.34,0.0,0.0,9.85,11.89,Low,Extreme Heat,0.03
2026-06-13,Hill Market,40.747,-73.985,32.89,60.72,8.19,4.42,2.0,33.29,6.75,4.99,35.03,64.61,45.21,14.61,15.97,96.38,0.17,corn,vegetative,7.62,92.85,0.0,6.38,39.54,84.57,Severe,Extreme Heat,0.21
2026-06-13,North Valley,40.733,-73.995,24.43,59.14,6.19,6.21,2.17,38.27,6.13,5.21,17.3,34.26,7.17,8.86,12.98,30.69,0.18,wheat,vegetative,0.0,47.63,0.0,0.19,1.5,38.54,Moderate,Extreme Heat,0.08
2026-06-13,River Bend,40.712,-74.02,31.46,53.59,11.3,8.2,2.49,45.47,6.47,5.03,22.06,48.11,23.16,6.42,15.46,46.4,0.2,wheat,vegetative,0.0,82.45,1.23,6.43,13.92,70.29,High,Extreme Heat,0.15
2026-06-13,South Fields,40.691,-74.01,21.06,49.99,3.32,13.44,2.14,22.51,6.8,5.42,22.52,30.65,26.99,4.16,15.94,54.61,0.23,corn,vegetative,0.0,22.76,0.78,3.78,9.25,15.31,Low,Extreme Heat,0.05
2026-06-14,East Orchard,40.724,-73.965,24.95,65.92,2.68,7.72,1.83,57.75,6.46,5.66,10.0,36.96,26.66,4.65,16.82,62.02,0.15,corn,vegetative,0.0,50.54,0.0,0.0,9.26,45.42,Moderate,Extreme Heat,0.1
2026-06-14,Hill Market,40.747,-73.985,24.18,34.83,3.67,25.58,2.1,38.28,6.76,4.77,22.47,51.12,35.14,7.25,16.48,83.28,0.17,corn,vegetative,0.0,41.07,3.72,13.72,18.38,34.4,Low,Extreme Heat,0.1
2026-06-14,North Valley,40.733,-73.995,29.95,57.72,3.12,19.58,2.2,22.57,6.43,5.22,14.72,43.53,21.96,9.59,12.53,68.21,0.18,wheat,vegetative,0.0,83.23,0.0,1.14,7.06,70.3,High,Extreme Heat,0.14
2026-06-14,River Bend,40.712,-74.02,17.82,76.88,11.01,33.85,2.5,30.47,6.0,5.05,34.03,40.23,22.93,7.18,16.53,53.39,0.2,wheat,vegetative,0.0,24.24,0.0,6.73,17.9,17.28,Low,Extreme Heat,0.05
2026-06-14,South Fields,40.691,-74.01,29.84,72.84,6.14,29.8,2.12,50.69,6.68,4.64,29.6,45.59,28.2,4.69,15.08,62.56,0.23,rice,vegetative,0.0,85.78,0.0,25.97,18.47,69.04,High,Extreme Heat,0.15
2026-06-15,East Orchard,40.724,-73.965,24.46,77.19,31.74,8.91,2.65,57.33,5.8,5.3,15.68,42.48,30.28,9.6,15.28,56.83,0.15,corn,vegetative,16.66,63.58,0.89,10.0,6.38,56.16,High,Extreme Heat,0.18
2026-06-15,Hill Market,40.747,-73.985,28.18,45.02,5.2,8.94,1.73,40.64,6.53,5.21,17.37,44.36,38.92,11.26,13.39,79.64,0.17,wheat,vegetative,5.38,62.94,0.0,0.0,10.86,53.05,Moderate,Extreme Heat,0.12
2026-06-15,North Valley,40.733,-73.995,27.98,60.75,10.45,7.1,2.23,36.83,6.29,5.09,30.34,23.92,34.04,11.52,14.26,60.17,0.18,wheat,vegetative,0.0,74.28,3.65,2.87,9.05,60.63,High,Extreme Heat,0.13
2026-06-15,River Bend,40.712,-74.02,24.44,43.05,8.93,41.23,2.44,51.31,6.21,4.46,35.2,49.59,27.95,12.52,12.86,73.25,0.2,rice,vegetative,3.74,43.88,3.07,46.73,22.64,41.11,Moderate,Acid Rain,0.13
2026-06-15,South Fields,40.691,-74.01,24.3,39.23,7.22,10.37,2.58,28.14,6.71,5.28,31.35,31.92,25.93,10.45,17.38,39.28,0.23,wheat,vegetative,0.0,36.26,0.0,0.0,19.14,31.32,Low,Extreme Heat,0.06
2026-06-16,East Orchard,40.724,-73.965,23.81,50.36,9.33,3.21,2.16,31.66,6.27,5.12,3.96,39.81,20.33,7.03,15.49,20.29,0.15,corn,vegetative,2.49,40.02,0.0,6.89,3.47,38.85,Moderate,Extreme Heat,0.09
2026-06-16,Hill Market,40.747,-73.985,28.32,100.0,69.95,28.19,3.19,61.82,5.62,3.84,28.02,37.73,28.75,17.86,9.29,68.55,0.17,corn,vegetative,86.76,86.94,0.0,97.21,15.85,88.61,Severe,Acid Rain,0.55
2026-06-16,North Valley,40.733,-73.995,27.73,46.09,6.15,6.65,2.3,29.09,6.6,5.7,22.13,34.71,26.1,4.59,14.49,58.47,0.18,wheat,vegetative,0.34,56.11,0.0,1.47,13.69,53.89,Moderate,Extreme Heat,0.1
2026-06-16,River Bend,40.712,-74.02,31.25,51.3,10.66,2.1,2.55,30.62,6.44,5.03,26.53,54.58,28.17,7.5,12.3,92.02,0.2,wheat,vegetative,8.76,87.19,0.0,4.83,19.15,74.76,High,Extreme Heat,0.17
2026-06-16,South Fields,40.691,-74.01,29.74,84.44,14.33,2.93,2.95,38.49,6.49,5.02,19.04,37.12,28.32,5.54,14.32,58.39,0.23,corn,vegetative,4.07,85.76,0.0,1.89,6.06,74.35,High,Extreme Heat,0.18
2026-06-17,East Orchard,40.724,-73.965,16.4,58.64,13.4,7.74,2.07,36.25,5.98,5.4,17.43,33.8,19.82,7.68,16.22,44.88,0.15,corn,vegetative,5.48,13.15,0.0,1.08,5.11,15.3,Low,Extreme Heat,0.04
2026-06-17,Hill Market,40.747,-73.985,28.37,71.74,6.52,13.36,1.8,35.34,6.76,4.47,17.95,46.44,31.74,6.01,12.08,71.39,0.17,rice,vegetative,2.59,73.12,0.56,44.12,13.75,67.96,High,Extreme Heat,0.16
2026-06-17,North Valley,40.733,-73.995,40.62,61.47,5.42,7.51,2.35,28.75,6.42,5.03,28.6,63.07,43.96,13.85,14.77,81.34,0.18,vegetable,vegetative,2.03,100.0,4.45,6.98,31.59,88.65,Severe,Extreme Heat,0.24
2026-06-17,River Bend,40.712,-74.02,25.88,45.84,1.29,18.31,2.42,37.23,6.44,5.31,23.45,35.47,29.85,10.09,13.46,66.37,0.2,soybean,vegetative,4.28,55.89,3.21,0.0,14.2,46.22,Moderate,Extreme Heat,0.11
2026-06-17,South Fields,40.691,-74.01,20.77,43.67,16.17,5.68,2.75,48.37,6.26,4.8,26.73,40.91,39.82,5.58,15.02,74.37,0.23,corn,vegetative,11.87,22.61,0.0,20.33,18.04,17.68,Low,Extreme Heat,0.11
2026-06-18,East Orchard,40.724,-73.965,26.55,50.44,11.58,6.17,2.19,35.05,6.4,5.31,22.19,37.43,28.49,5.52,15.43,53.95,0.15,rice,vegetative,2.82,58.62,0.0,4.31,14.02,51.74,Moderate,Extreme Heat,0.1
2026-06-18,Hill Market,40.747,-73.985,21.36,48.11,4.6,18.01,1.93,26.82,6.72,5.11,15.26,41.31,26.69,12.68,13.47,75.04,0.17,corn,vegetative,1.94,31.59,0.0,0.0,13.7,24.87,Low,Extreme Heat,0.07
2026-06-18,North Valley,40.733,-73.995,26.1,35.01,8.8,21.18,2.82,24.37,6.38,4.93,17.89,41.69,32.4,8.21,17.54,62.58,0.18,soybean,vegetative,4.67,47.51,0.0,3.04,6.19,42.62,Moderate,Extreme Heat,0.1
2026-06-18,River Bend,40.712,-74.02,24.83,64.25,15.8,6.82,2.69,30.49,6.18,4.98,21.68,36.7,32.9,7.41,14.58,66.97,0.2,corn,vegetative,6.44,56.69,0.0,12.88,10.18,46.64,Moderate,Extreme Heat,0.15
2026-06-18,South Fields,40.691,-74.01,27.46,95.74,66.37,12.96,3.39,52.53,6.1,5.18,23.58,42.57,28.33,17.58,8.45,55.11,0.23,corn,vegetative,84.68,85.23,0.0,18.94,12.44,76.76,Severe,Extreme Heat,0.43
2026-06-19,East Orchard,40.724,-73.965,26.77,50.0,5.43,13.2,2.13,23.23,6.46,5.54,13.88,46.07,26.69,7.17,14.47,40.14,0.15,corn,vegetative,4.13,63.02,1.19,0.88,11.38,54.78,Moderate,Extreme Heat,0.14
2026-06-19,Hill Market,40.747,-73.985,21.82,52.2,2.55,12.98,2.0,33.51,6.53,5.05,18.25,50.61,38.05,7.07,15.97,87.36,0.17,corn,vegetative,4.03,29.51,0.43,5.92,5.02,24.38,Low,Extreme Heat,0.08
2026-06-19,North Valley,40.733,-73.995,28.15,42.98,5.72,11.88,2.4,19.57,6.61,5.74,25.61,37.24,21.76,11.24,14.88,58.99,0.18,wheat,vegetative,3.4,59.92,2.6,0.0,8.08,53.7,Moderate,Extreme Heat,0.11
2026-06-19,River Bend,40.712,-74.02,30.68,68.78,2.44,22.91,2.49,22.06,6.39,4.92,28.12,45.85,30.64,10.47,14.83,62.16,0.2,vegetable,vegetative,1.27,81.21,0.0,3.78,17.94,68.68,High,Extreme Heat,0.18
2026-06-19,South Fields,40.691,-74.01,26.15,95.94,46.56,19.93,3.28,59.54,5.98,4.86,27.82,40.54,25.47,13.63,13.14,70.45,0.23,rice,vegetative,59.0,80.84,1.15,31.29,12.34,70.37,High,Extreme Heat,0.28
2026-06-20,East Orchard,40.724,-73.965,24.61,53.55,7.34,1.55,2.08,34.47,5.94,5.19,25.38,39.74,23.31,6.37,14.22,38.49,0.15,wheat,vegetative,0.0,46.0,0.0,4.06,12.23,39.01,Moderate,Extreme Heat,0.08
2026-06-20,Hill Market,40.747,-73.985,30.57,69.84,4.14,6.34,1.98,30.86,6.62,4.74,28.06,68.17,33.63,9.64,14.09,76.82,0.17,corn,vegetative,0.0,87.12,1.67,17.61,33.12,75.61,Severe,Extreme Heat,0.2
2026-06-20,North Valley,40.733,-73.995,29.84,50.63,5.45,10.5,2.21,36.97,6.41,5.39,23.57,31.2,29.95,7.14,16.88,52.44,0.18,rice,vegetative,3.09,76.78,0.0,0.0,10.37,64.53,High,Extreme Heat,0.12
2026-06-20,River Bend,40.712,-74.02,26.12,59.34,5.27,10.98,2.67,30.86,6.38,4.94,17.76,33.68,24.92,4.07,12.81,52.35,0.2,soybean,vegetative,0.31,60.0,1.15,6.69,8.95,54.99,Moderate,Extreme Heat,0.12
2026-06-20,South Fields,40.691,-74.01,27.14,59.19,8.56,14.69,2.73,28.87,6.57,4.69,24.71,42.06,24.85,5.87,17.8,46.33,0.23,soybean,vegetative,6.37,69.14,0.57,16.85,11.13,57.08,High,Extreme Heat,0.16
2026-06-21,East Orchard,40.724,-73.965,25.44,71.79,10.34,15.76,1.89,46.12,6.11,5.43,8.56,29.38,25.87,9.87,18.74,58.88,0.15,rice,vegetative,1.88,57.48,1.37,1.31,4.11,52.56,Moderate,Extreme Heat,0.09
2026-06-21,Hill Market,40.747,-73.985,25.94,67.12,8.97,14.42,2.32,32.79,6.53,4.55,9.9,43.51,36.43,14.69,14.94,100.0,0.17,wheat,vegetative,2.29,61.58,1.45,37.72,7.64,60.69,High,Extreme Heat,0.16
2026-06-21,North Valley,40.733,-73.995,26.92,51.99,6.16,13.36,2.29,50.56,6.47,5.49,17.57,46.42,29.94,9.92,14.46,77.42,0.18,wheat,vegetative,1.63,69.66,1.57,0.0,12.71,62.05,High,Extreme Heat,0.12
2026-06-21,River Bend,40.712,-74.02,19.49,51.63,3.84,19.82,2.53,32.52,6.34,5.06,18.7,44.58,24.38,1.23,13.83,71.14,0.2,wheat,vegetative,0.0,19.74,0.0,2.62,4.71,13.21,Low,Extreme Heat,0.04
2026-06-21,South Fields,40.691,-74.01,26.15,68.15,1.3,11.49,2.27,25.37,6.42,5.4,28.15,43.08,26.7,8.65,14.62,52.14,0.23,corn,vegetative,2.59,68.86,3.26,0.0,18.17,63.32,High,Extreme Heat,0.14
2026-06-22,East Orchard,40.724,-73.965,20.71,37.99,7.49,4.29,2.22,48.96,6.29,5.12,16.44,34.46,28.08,9.28,15.07,53.94,0.15,corn,vegetative,0.03,17.19,2.99,8.76,2.7,16.29,Low,Extreme Heat,0.05
2026-06-22,Hill Market,40.747,-73.985,27.09,56.83,8.87,7.41,2.31,40.15,6.49,4.89,20.59,44.98,33.94,10.93,13.48,60.0,0.17,corn,vegetative,2.65,67.18,4.34,5.64,5.21,59.34,High,Extreme Heat,0.15
2026-06-22,North Valley,40.733,-73.995,30.64,85.89,7.35,2.6,2.5,26.8,6.16,4.85,26.5,51.68,17.86,6.5,12.88,38.71,0.18,wheat,vegetative,0.0,90.71,0.78,6.85,6.65,80.8,Severe,Extreme Heat,0.16
2026-06-22,River Bend,40.712,-74.02,25.08,62.95,8.16,25.98,2.6,30.7,5.88,5.13,18.6,33.71,22.13,3.62,16.3,44.57,0.2,vegetable,vegetative,5.43,54.06,0.0,1.98,4.25,45.7,Moderate,Extreme Heat,0.14
2026-06-22,South Fields,40.691,-74.01,22.6,67.68,11.85,10.3,2.6,36.93,6.59,5.0,26.16,34.88,39.0,12.23,12.11,70.41,0.23,rice,vegetative,3.97,44.08,0.0,11.44,14.76,40.0,Moderate,Extreme Heat,0.09
2026-06-23,East Orchard,40.724,-73.965,28.8,35.32,7.31,12.16,1.86,43.67,5.93,5.16,27.42,29.0,34.39,10.97,14.01,69.87,0.15,corn,vegetative,0.59,54.57,0.0,7.04,19.03,49.82,Moderate,Extreme Heat,0.12
2026-06-23,Hill Market,40.747,-73.985,23.71,60.7,10.21,4.97,2.09,29.05,6.18,5.26,24.86,37.39,23.35,6.73,12.0,71.7,0.17,corn,vegetative,4.8,46.93,0.0,3.67,13.52,38.52,Moderate,Extreme Heat,0.11
2026-06-23,North Valley,40.733,-73.995,23.18,42.46,1.51,12.92,2.18,45.27,6.51,5.54,14.74,36.62,37.02,4.17,14.81,59.62,0.18,rice,vegetative,0.0,34.14,0.0,1.6,4.65,29.47,Low,Extreme Heat,0.05
2026-06-23,River Bend,40.712,-74.02,32.17,66.97,5.8,12.99,2.43,43.2,6.13,5.0,29.15,74.86,31.17,10.17,14.47,68.3,0.2,vegetable,vegetative,5.93,90.95,0.0,4.92,30.12,80.01,Severe,Extreme Heat,0.22
2026-06-23,South Fields,40.691,-74.01,26.61,50.69,8.45,9.88,2.52,29.41,6.51,5.16,27.45,54.08,37.21,7.6,14.04,84.05,0.23,vegetable,vegetative,5.04,65.82,1.37,0.0,20.51,52.26,Moderate,Extreme Heat,0.16
2026-06-24,East Orchard,40.724,-73.965,26.12,66.09,12.8,9.48,2.25,29.66,5.8,5.48,23.32,32.94,40.78,7.95,11.14,61.73,0.15,wheat,vegetative,0.73,64.63,3.56,0.83,13.81,57.24,High,Extreme Heat,0.12
2026-06-24,Hill Market,40.747,-73.985,33.11,48.35,11.24,13.26,2.08,36.16,6.54,4.98,9.13,35.12,27.92,4.9,14.59,55.74,0.17,corn,vegetative,0.62,87.01,0.0,4.18,5.1,75.53,Severe,Extreme Heat,0.18
2026-06-24,North Valley,40.733,-73.995,34.49,60.85,5.67,11.51,2.23,30.33,6.4,5.71,24.08,59.65,25.42,9.54,13.11,63.14,0.18,rice,vegetative,4.92,92.85,0.16,1.27,20.84,79.15,Severe,Extreme Heat,0.15
2026-06-24,River Bend,40.712,-74.02,26.11,57.99,4.64,6.27,2.68,24.87,6.24,4.88,26.17,42.83,24.97,1.42,14.12,58.86,0.2,wheat,vegetative,3.63,61.73,0.0,4.55,9.94,57.65,High,Extreme Heat,0.12
2026-06-24,South Fields,40.691,-74.01,20.69,56.24,5.89,3.99,2.23,44.54,6.7,5.27,29.92,29.66,40.25,5.77,14.64,60.99,0.23,soybean,vegetative,1.7,27.98,0.0,0.0,15.37,23.55,Low,Extreme Heat,0.05
